<?xml version="1.0" encoding="UTF-8"?>
<kml xmlns="http://www.opengis.net/kml/2.2"><Document><name>ESCAP แหล่งแร่ (สแกน) - Shan State</name><description>ESCAP (1991) Geological / Mineral Resources Map of Myanmar 1:1,500,000, vectorised 2026. Positional accuracy +/-0.5-1.5 km - regional use only.</description><GroundOverlay><name>ESCAP แหล่งแร่ (สแกน) - Shan State - scan</name><color>e6ffffff</color><drawOrder>0</drawOrder><Icon><href>https://sutin15.github.io/shan-escap-geology-map/escap_minerals_overlay_4326.png</href></Icon><LatLonBox><north>24.1793</north><south>19.2793</south><east>101.19</east><west>96.1311</west></LatLonBox></GroundOverlay><Folder><name>Minerals (Shan State)</name><Folder><name>Base metals</name><visibility>1</visibility><Placemark><name>Pb</name><visibility>1</visibility><Style><IconStyle><color>ffa05030</color><scale>1.0</scale><Icon><href>http://maps.google.com/mapfiles/kml/shapes/placemark_circle.png</href></Icon></IconStyle></Style><description><![CDATA[<table><tr><td><b>occ_id</b></td><td>1</td></tr><tr><td><b>group</b></td><td>BASE</td></tr><tr><td><b>group_en</b></td><td>Base metals</td></tr><tr><td><b>group_th</b></td><td>โลหะพื้นฐาน</td></tr><tr><td><b>commodity</b></td><td>Pb</td></tr><tr><td><b>commodity_name</b></td><td>Lead</td></tr><tr><td><b>label_text</b></td><td>Pb</td></tr><tr><td><b>label_status</b></td><td>label read (OCR)</td></tr><tr><td><b>label_ocr_score</b></td><td>0.936</td></tr><tr><td><b>how</b></td><td>symbol</td></tr><tr><td><b>review</b></td><td>auto</td></tr><tr><td><b>colour</b></td><td>BLUE</td></tr><tr><td><b>sym_shape</b></td><td>diamond</td></tr><tr><td><b>in_shan</b></td><td>yes</td></tr><tr><td><b>state</b></td><td>Shan (East)</td></tr><tr><td><b>state_pcode</b></td><td>MMR016</td></tr><tr><td><b>lon</b></td><td>99.65326</td></tr><tr><td><b>lat</b></td><td>21.73445</td></tr><tr><td><b>source</b></td><td>ESCAP 1991 Mineral Resources Map of Myanmar 1:1,500,000</td></tr></table>]]></description><Point><coordinates>99.65326,21.73445</coordinates></Point></Placemark><Placemark><name>Pb</name><visibility>1</visibility><Style><IconStyle><color>ffa05030</color><scale>1.0</scale><Icon><href>http://maps.google.com/mapfiles/kml/shapes/placemark_circle.png</href></Icon></IconStyle></Style><description><![CDATA[<table><tr><td><b>occ_id</b></td><td>3</td></tr><tr><td><b>group</b></td><td>BASE</td></tr><tr><td><b>group_en</b></td><td>Base metals</td></tr><tr><td><b>group_th</b></td><td>โลหะพื้นฐาน</td></tr><tr><td><b>commodity</b></td><td>Pb</td></tr><tr><td><b>commodity_name</b></td><td>Lead</td></tr><tr><td><b>label_text</b></td><td>Pb</td></tr><tr><td><b>label_status</b></td><td>label read (OCR)</td></tr><tr><td><b>label_ocr_score</b></td><td>0.751</td></tr><tr><td><b>how</b></td><td>symbol</td></tr><tr><td><b>review</b></td><td>auto</td></tr><tr><td><b>colour</b></td><td>BLUE</td></tr><tr><td><b>sym_shape</b></td><td>diamond</td></tr><tr><td><b>in_shan</b></td><td>yes</td></tr><tr><td><b>state</b></td><td>Shan (East)</td></tr><tr><td><b>state_pcode</b></td><td>MMR016</td></tr><tr><td><b>lon</b></td><td>99.71386</td></tr><tr><td><b>lat</b></td><td>21.64776</td></tr><tr><td><b>source</b></td><td>ESCAP 1991 Mineral Resources Map of Myanmar 1:1,500,000</td></tr></table>]]></description><Point><coordinates>99.71386,21.64776</coordinates></Point></Placemark><Placemark><name>Sn</name><visibility>1</visibility><Style><IconStyle><color>ffa05030</color><scale>1.0</scale><Icon><href>http://maps.google.com/mapfiles/kml/shapes/placemark_circle.png</href></Icon></IconStyle></Style><description><![CDATA[<table><tr><td><b>occ_id</b></td><td>4</td></tr><tr><td><b>group</b></td><td>BASE</td></tr><tr><td><b>group_en</b></td><td>Base metals</td></tr><tr><td><b>group_th</b></td><td>โลหะพื้นฐาน</td></tr><tr><td><b>commodity</b></td><td>Sn</td></tr><tr><td><b>commodity_name</b></td><td>Tin</td></tr><tr><td><b>label_text</b></td><td>Sn</td></tr><tr><td><b>label_status</b></td><td>label read (OCR)</td></tr><tr><td><b>label_ocr_score</b></td><td>1.0</td></tr><tr><td><b>how</b></td><td>symbol</td></tr><tr><td><b>review</b></td><td>checked: shan recheck</td></tr><tr><td><b>colour</b></td><td>BLUE</td></tr><tr><td><b>sym_shape</b></td><td>diamond</td></tr><tr><td><b>in_shan</b></td><td>yes</td></tr><tr><td><b>state</b></td><td>Shan (East)</td></tr><tr><td><b>state_pcode</b></td><td>MMR016</td></tr><tr><td><b>lon</b></td><td>100.33597</td></tr><tr><td><b>lat</b></td><td>21.43099</td></tr><tr><td><b>source</b></td><td>ESCAP 1991 Mineral Resources Map of Myanmar 1:1,500,000</td></tr></table>]]></description><Point><coordinates>100.33597,21.43099</coordinates></Point></Placemark><Placemark><name>Pb</name><visibility>1</visibility><Style><IconStyle><color>ffa05030</color><scale>1.0</scale><Icon><href>http://maps.google.com/mapfiles/kml/shapes/placemark_circle.png</href></Icon></IconStyle></Style><description><![CDATA[<table><tr><td><b>occ_id</b></td><td>10</td></tr><tr><td><b>group</b></td><td>BASE</td></tr><tr><td><b>group_en</b></td><td>Base metals</td></tr><tr><td><b>group_th</b></td><td>โลหะพื้นฐาน</td></tr><tr><td><b>commodity</b></td><td>Pb</td></tr><tr><td><b>commodity_name</b></td><td>Lead</td></tr><tr><td><b>label_text</b></td><td>Pb</td></tr><tr><td><b>label_status</b></td><td>label read (OCR)</td></tr><tr><td><b>how</b></td><td>symbol</td></tr><tr><td><b>review</b></td><td>checked: tile27</td></tr><tr><td><b>colour</b></td><td>BLUE</td></tr><tr><td><b>sym_shape</b></td><td>diamond</td></tr><tr><td><b>in_shan</b></td><td>yes</td></tr><tr><td><b>state</b></td><td>Shan (East)</td></tr><tr><td><b>state_pcode</b></td><td>MMR016</td></tr><tr><td><b>lon</b></td><td>98.75181</td></tr><tr><td><b>lat</b></td><td>19.78309</td></tr><tr><td><b>source</b></td><td>ESCAP 1991 Mineral Resources Map of Myanmar 1:1,500,000</td></tr></table>]]></description><Point><coordinates>98.75181,19.78309</coordinates></Point></Placemark><Placemark><name>Sn</name><visibility>1</visibility><Style><IconStyle><color>ffa05030</color><scale>1.0</scale><Icon><href>http://maps.google.com/mapfiles/kml/shapes/placemark_circle.png</href></Icon></IconStyle></Style><description><![CDATA[<table><tr><td><b>occ_id</b></td><td>15</td></tr><tr><td><b>group</b></td><td>BASE</td></tr><tr><td><b>group_en</b></td><td>Base metals</td></tr><tr><td><b>group_th</b></td><td>โลหะพื้นฐาน</td></tr><tr><td><b>commodity</b></td><td>Sn</td></tr><tr><td><b>commodity_name</b></td><td>Tin</td></tr><tr><td><b>label_text</b></td><td>Sn</td></tr><tr><td><b>label_status</b></td><td>label read (OCR)</td></tr><tr><td><b>label_ocr_score</b></td><td>0.968</td></tr><tr><td><b>how</b></td><td>symbol</td></tr><tr><td><b>review</b></td><td>auto</td></tr><tr><td><b>colour</b></td><td>BLUE</td></tr><tr><td><b>sym_shape</b></td><td>diamond</td></tr><tr><td><b>in_shan</b></td><td>yes</td></tr><tr><td><b>state</b></td><td>Shan (North)</td></tr><tr><td><b>state_pcode</b></td><td>MMR015</td></tr><tr><td><b>lon</b></td><td>96.53825</td></tr><tr><td><b>lat</b></td><td>23.62811</td></tr><tr><td><b>source</b></td><td>ESCAP 1991 Mineral Resources Map of Myanmar 1:1,500,000</td></tr></table>]]></description><Point><coordinates>96.53825,23.62811</coordinates></Point></Placemark><Placemark><name>Cu,Pb,Zn</name><visibility>1</visibility><Style><IconStyle><color>ffa05030</color><scale>1.0</scale><Icon><href>http://maps.google.com/mapfiles/kml/shapes/placemark_circle.png</href></Icon></IconStyle></Style><description><![CDATA[<table><tr><td><b>occ_id</b></td><td>18</td></tr><tr><td><b>group</b></td><td>BASE</td></tr><tr><td><b>group_en</b></td><td>Base metals</td></tr><tr><td><b>group_th</b></td><td>โลหะพื้นฐาน</td></tr><tr><td><b>commodity</b></td><td>Cu,Pb,Zn</td></tr><tr><td><b>commodity_name</b></td><td>Copper, Lead, Zinc</td></tr><tr><td><b>label_text</b></td><td>Cu,Pb,Zn</td></tr><tr><td><b>label_status</b></td><td>label read (OCR)</td></tr><tr><td><b>label_ocr_score</b></td><td>0.89</td></tr><tr><td><b>how</b></td><td>symbol</td></tr><tr><td><b>review</b></td><td>checked: audit2 t06 label printed left</td></tr><tr><td><b>colour</b></td><td>BLUE</td></tr><tr><td><b>sym_shape</b></td><td>diamond</td></tr><tr><td><b>in_shan</b></td><td>yes</td></tr><tr><td><b>state</b></td><td>Shan (North)</td></tr><tr><td><b>state_pcode</b></td><td>MMR015</td></tr><tr><td><b>lon</b></td><td>97.36509</td></tr><tr><td><b>lat</b></td><td>23.39759</td></tr><tr><td><b>source</b></td><td>ESCAP 1991 Mineral Resources Map of Myanmar 1:1,500,000</td></tr></table>]]></description><Point><coordinates>97.36509,23.39759</coordinates></Point></Placemark><Placemark><name>Cu,Pb,Zn</name><visibility>1</visibility><Style><IconStyle><color>ffa05030</color><scale>1.0</scale><Icon><href>http://maps.google.com/mapfiles/kml/shapes/placemark_circle.png</href></Icon></IconStyle></Style><description><![CDATA[<table><tr><td><b>occ_id</b></td><td>20</td></tr><tr><td><b>group</b></td><td>BASE</td></tr><tr><td><b>group_en</b></td><td>Base metals</td></tr><tr><td><b>group_th</b></td><td>โลหะพื้นฐาน</td></tr><tr><td><b>commodity</b></td><td>Cu,Pb,Zn</td></tr><tr><td><b>commodity_name</b></td><td>Copper, Lead, Zinc</td></tr><tr><td><b>label_text</b></td><td>Cu,Pb,Zn</td></tr><tr><td><b>label_status</b></td><td>label read (OCR)</td></tr><tr><td><b>label_ocr_score</b></td><td>0.719</td></tr><tr><td><b>how</b></td><td>symbol</td></tr><tr><td><b>review</b></td><td>checked: tile04 Bawdwin cluster</td></tr><tr><td><b>colour</b></td><td>BLUE</td></tr><tr><td><b>sym_shape</b></td><td>diamond</td></tr><tr><td><b>in_shan</b></td><td>yes</td></tr><tr><td><b>state</b></td><td>Shan (North)</td></tr><tr><td><b>state_pcode</b></td><td>MMR015</td></tr><tr><td><b>lon</b></td><td>97.46963</td></tr><tr><td><b>lat</b></td><td>23.37638</td></tr><tr><td><b>source</b></td><td>ESCAP 1991 Mineral Resources Map of Myanmar 1:1,500,000</td></tr></table>]]></description><Point><coordinates>97.46963,23.37638</coordinates></Point></Placemark><Placemark><name>Cu,Pb,Zn</name><visibility>1</visibility><Style><IconStyle><color>ffa05030</color><scale>1.0</scale><Icon><href>http://maps.google.com/mapfiles/kml/shapes/placemark_circle.png</href></Icon></IconStyle></Style><description><![CDATA[<table><tr><td><b>occ_id</b></td><td>21</td></tr><tr><td><b>group</b></td><td>BASE</td></tr><tr><td><b>group_en</b></td><td>Base metals</td></tr><tr><td><b>group_th</b></td><td>โลหะพื้นฐาน</td></tr><tr><td><b>commodity</b></td><td>Cu,Pb,Zn</td></tr><tr><td><b>commodity_name</b></td><td>Copper, Lead, Zinc</td></tr><tr><td><b>label_text</b></td><td>Cu,Pb,Zn</td></tr><tr><td><b>label_status</b></td><td>label read (OCR)</td></tr><tr><td><b>label_ocr_score</b></td><td>0.808</td></tr><tr><td><b>how</b></td><td>symbol</td></tr><tr><td><b>review</b></td><td>checked: tile04 Bawdwin cluster</td></tr><tr><td><b>colour</b></td><td>BLUE</td></tr><tr><td><b>sym_shape</b></td><td>diamond</td></tr><tr><td><b>in_shan</b></td><td>yes</td></tr><tr><td><b>state</b></td><td>Shan (North)</td></tr><tr><td><b>state_pcode</b></td><td>MMR015</td></tr><tr><td><b>lon</b></td><td>97.32487</td></tr><tr><td><b>lat</b></td><td>23.31365</td></tr><tr><td><b>source</b></td><td>ESCAP 1991 Mineral Resources Map of Myanmar 1:1,500,000</td></tr></table>]]></description><Point><coordinates>97.32487,23.31365</coordinates></Point></Placemark><Placemark><name>Cu,Pb,Zn</name><visibility>1</visibility><Style><IconStyle><color>ffa05030</color><scale>1.0</scale><Icon><href>http://maps.google.com/mapfiles/kml/shapes/placemark_circle.png</href></Icon></IconStyle></Style><description><![CDATA[<table><tr><td><b>occ_id</b></td><td>22</td></tr><tr><td><b>group</b></td><td>BASE</td></tr><tr><td><b>group_en</b></td><td>Base metals</td></tr><tr><td><b>group_th</b></td><td>โลหะพื้นฐาน</td></tr><tr><td><b>commodity</b></td><td>Cu,Pb,Zn</td></tr><tr><td><b>commodity_name</b></td><td>Copper, Lead, Zinc</td></tr><tr><td><b>label_text</b></td><td>Cu,Pb,Zn</td></tr><tr><td><b>label_status</b></td><td>label read (OCR)</td></tr><tr><td><b>label_ocr_score</b></td><td>0.78</td></tr><tr><td><b>how</b></td><td>symbol</td></tr><tr><td><b>review</b></td><td>checked: tile04 Bawdwin cluster</td></tr><tr><td><b>colour</b></td><td>BLUE</td></tr><tr><td><b>sym_shape</b></td><td>diamond</td></tr><tr><td><b>in_shan</b></td><td>yes</td></tr><tr><td><b>state</b></td><td>Shan (North)</td></tr><tr><td><b>state_pcode</b></td><td>MMR015</td></tr><tr><td><b>lon</b></td><td>97.42337</td></tr><tr><td><b>lat</b></td><td>23.29518</td></tr><tr><td><b>source</b></td><td>ESCAP 1991 Mineral Resources Map of Myanmar 1:1,500,000</td></tr></table>]]></description><Point><coordinates>97.42337,23.29518</coordinates></Point></Placemark><Placemark><name>Pb</name><visibility>1</visibility><Style><IconStyle><color>ffa05030</color><scale>1.0</scale><Icon><href>http://maps.google.com/mapfiles/kml/shapes/placemark_circle.png</href></Icon></IconStyle></Style><description><![CDATA[<table><tr><td><b>occ_id</b></td><td>24</td></tr><tr><td><b>group</b></td><td>BASE</td></tr><tr><td><b>group_en</b></td><td>Base metals</td></tr><tr><td><b>group_th</b></td><td>โลหะพื้นฐาน</td></tr><tr><td><b>commodity</b></td><td>Pb</td></tr><tr><td><b>commodity_name</b></td><td>Lead</td></tr><tr><td><b>label_text</b></td><td>Pb</td></tr><tr><td><b>label_status</b></td><td>label read (OCR)</td></tr><tr><td><b>how</b></td><td>symbol</td></tr><tr><td><b>review</b></td><td>checked: shan recheck</td></tr><tr><td><b>colour</b></td><td>BLUE</td></tr><tr><td><b>sym_shape</b></td><td>diamond</td></tr><tr><td><b>in_shan</b></td><td>yes</td></tr><tr><td><b>state</b></td><td>Shan (North)</td></tr><tr><td><b>state_pcode</b></td><td>MMR015</td></tr><tr><td><b>lon</b></td><td>98.82761</td></tr><tr><td><b>lat</b></td><td>23.18972</td></tr><tr><td><b>source</b></td><td>ESCAP 1991 Mineral Resources Map of Myanmar 1:1,500,000</td></tr></table>]]></description><Point><coordinates>98.82761,23.18972</coordinates></Point></Placemark><Placemark><name>Fe,Ni,Ag</name><visibility>1</visibility><Style><IconStyle><color>ffa05030</color><scale>1.0</scale><Icon><href>http://maps.google.com/mapfiles/kml/shapes/placemark_circle.png</href></Icon></IconStyle></Style><description><![CDATA[<table><tr><td><b>occ_id</b></td><td>28</td></tr><tr><td><b>group</b></td><td>BASE</td></tr><tr><td><b>group_en</b></td><td>Base metals</td></tr><tr><td><b>group_th</b></td><td>โลหะพื้นฐาน</td></tr><tr><td><b>commodity</b></td><td>Fe,Ni,Ag</td></tr><tr><td><b>commodity_name</b></td><td>Iron ore, Nickel, Silver</td></tr><tr><td><b>label_text</b></td><td>Ga,Fe,Ni,Ag</td></tr><tr><td><b>label_status</b></td><td>label read (OCR)</td></tr><tr><td><b>how</b></td><td>manual review</td></tr><tr><td><b>review</b></td><td>added: tile04 label printed Ga-Fe-Ni-Ag (Ga not in legend)</td></tr><tr><td><b>colour</b></td><td>-</td></tr><tr><td><b>sym_shape</b></td><td>(added in review)</td></tr><tr><td><b>in_shan</b></td><td>yes</td></tr><tr><td><b>state</b></td><td>Shan (North)</td></tr><tr><td><b>state_pcode</b></td><td>MMR015</td></tr><tr><td><b>lon</b></td><td>97.30214</td></tr><tr><td><b>lat</b></td><td>23.06353</td></tr><tr><td><b>source</b></td><td>ESCAP 1991 Mineral Resources Map of Myanmar 1:1,500,000</td></tr></table>]]></description><Point><coordinates>97.30214,23.06353</coordinates></Point></Placemark><Placemark><name>Hg</name><visibility>1</visibility><Style><IconStyle><color>ffa05030</color><scale>1.0</scale><Icon><href>http://maps.google.com/mapfiles/kml/shapes/placemark_circle.png</href></Icon></IconStyle></Style><description><![CDATA[<table><tr><td><b>occ_id</b></td><td>33</td></tr><tr><td><b>group</b></td><td>BASE</td></tr><tr><td><b>group_en</b></td><td>Base metals</td></tr><tr><td><b>group_th</b></td><td>โลหะพื้นฐาน</td></tr><tr><td><b>commodity</b></td><td>Hg</td></tr><tr><td><b>commodity_name</b></td><td>Mercury</td></tr><tr><td><b>label_text</b></td><td>Hg</td></tr><tr><td><b>label_status</b></td><td>label read (OCR)</td></tr><tr><td><b>how</b></td><td>symbol</td></tr><tr><td><b>review</b></td><td>checked: tile09</td></tr><tr><td><b>colour</b></td><td>BLUE</td></tr><tr><td><b>sym_shape</b></td><td>diamond</td></tr><tr><td><b>in_shan</b></td><td>yes</td></tr><tr><td><b>state</b></td><td>Shan (North)</td></tr><tr><td><b>state_pcode</b></td><td>MMR015</td></tr><tr><td><b>lon</b></td><td>98.3873</td></tr><tr><td><b>lat</b></td><td>22.88061</td></tr><tr><td><b>source</b></td><td>ESCAP 1991 Mineral Resources Map of Myanmar 1:1,500,000</td></tr></table>]]></description><Point><coordinates>98.3873,22.88061</coordinates></Point></Placemark><Placemark><name>Sb</name><visibility>1</visibility><Style><IconStyle><color>ffa05030</color><scale>1.0</scale><Icon><href>http://maps.google.com/mapfiles/kml/shapes/placemark_circle.png</href></Icon></IconStyle></Style><description><![CDATA[<table><tr><td><b>occ_id</b></td><td>45</td></tr><tr><td><b>group</b></td><td>BASE</td></tr><tr><td><b>group_en</b></td><td>Base metals</td></tr><tr><td><b>group_th</b></td><td>โลหะพื้นฐาน</td></tr><tr><td><b>commodity</b></td><td>Sb</td></tr><tr><td><b>commodity_name</b></td><td>Antimony</td></tr><tr><td><b>label_text</b></td><td>Sb</td></tr><tr><td><b>label_status</b></td><td>label read (OCR)</td></tr><tr><td><b>label_ocr_score</b></td><td>0.989</td></tr><tr><td><b>how</b></td><td>symbol</td></tr><tr><td><b>review</b></td><td>checked: tile08</td></tr><tr><td><b>colour</b></td><td>BLUE</td></tr><tr><td><b>sym_shape</b></td><td>diamond</td></tr><tr><td><b>in_shan</b></td><td>yes</td></tr><tr><td><b>state</b></td><td>Shan (North)</td></tr><tr><td><b>state_pcode</b></td><td>MMR015</td></tr><tr><td><b>lon</b></td><td>97.73746</td></tr><tr><td><b>lat</b></td><td>22.27437</td></tr><tr><td><b>source</b></td><td>ESCAP 1991 Mineral Resources Map of Myanmar 1:1,500,000</td></tr></table>]]></description><Point><coordinates>97.73746,22.27437</coordinates></Point></Placemark><Placemark><name>Sb</name><visibility>1</visibility><Style><IconStyle><color>ffa05030</color><scale>1.0</scale><Icon><href>http://maps.google.com/mapfiles/kml/shapes/placemark_circle.png</href></Icon></IconStyle></Style><description><![CDATA[<table><tr><td><b>occ_id</b></td><td>47</td></tr><tr><td><b>group</b></td><td>BASE</td></tr><tr><td><b>group_en</b></td><td>Base metals</td></tr><tr><td><b>group_th</b></td><td>โลหะพื้นฐาน</td></tr><tr><td><b>commodity</b></td><td>Sb</td></tr><tr><td><b>commodity_name</b></td><td>Antimony</td></tr><tr><td><b>label_text</b></td><td>Sb</td></tr><tr><td><b>label_status</b></td><td>label read (OCR)</td></tr><tr><td><b>how</b></td><td>symbol</td></tr><tr><td><b>review</b></td><td>checked: tile12</td></tr><tr><td><b>colour</b></td><td>BLUE</td></tr><tr><td><b>sym_shape</b></td><td>diamond</td></tr><tr><td><b>in_shan</b></td><td>yes</td></tr><tr><td><b>state</b></td><td>Shan (South)</td></tr><tr><td><b>state_pcode</b></td><td>MMR014</td></tr><tr><td><b>lon</b></td><td>97.61504</td></tr><tr><td><b>lat</b></td><td>21.81809</td></tr><tr><td><b>source</b></td><td>ESCAP 1991 Mineral Resources Map of Myanmar 1:1,500,000</td></tr></table>]]></description><Point><coordinates>97.61504,21.81809</coordinates></Point></Placemark><Placemark><name>Sb</name><visibility>1</visibility><Style><IconStyle><color>ffa05030</color><scale>1.0</scale><Icon><href>http://maps.google.com/mapfiles/kml/shapes/placemark_circle.png</href></Icon></IconStyle></Style><description><![CDATA[<table><tr><td><b>occ_id</b></td><td>48</td></tr><tr><td><b>group</b></td><td>BASE</td></tr><tr><td><b>group_en</b></td><td>Base metals</td></tr><tr><td><b>group_th</b></td><td>โลหะพื้นฐาน</td></tr><tr><td><b>commodity</b></td><td>Sb</td></tr><tr><td><b>commodity_name</b></td><td>Antimony</td></tr><tr><td><b>label_text</b></td><td>Sb</td></tr><tr><td><b>label_status</b></td><td>label read (OCR)</td></tr><tr><td><b>label_ocr_score</b></td><td>0.954</td></tr><tr><td><b>how</b></td><td>symbol</td></tr><tr><td><b>review</b></td><td>auto</td></tr><tr><td><b>colour</b></td><td>BLUE</td></tr><tr><td><b>sym_shape</b></td><td>diamond</td></tr><tr><td><b>in_shan</b></td><td>yes</td></tr><tr><td><b>state</b></td><td>Shan (South)</td></tr><tr><td><b>state_pcode</b></td><td>MMR014</td></tr><tr><td><b>lon</b></td><td>98.26124</td></tr><tr><td><b>lat</b></td><td>21.77685</td></tr><tr><td><b>source</b></td><td>ESCAP 1991 Mineral Resources Map of Myanmar 1:1,500,000</td></tr></table>]]></description><Point><coordinates>98.26124,21.77685</coordinates></Point></Placemark><Placemark><name>Sb</name><visibility>1</visibility><Style><IconStyle><color>ffa05030</color><scale>1.0</scale><Icon><href>http://maps.google.com/mapfiles/kml/shapes/placemark_circle.png</href></Icon></IconStyle></Style><description><![CDATA[<table><tr><td><b>occ_id</b></td><td>49</td></tr><tr><td><b>group</b></td><td>BASE</td></tr><tr><td><b>group_en</b></td><td>Base metals</td></tr><tr><td><b>group_th</b></td><td>โลหะพื้นฐาน</td></tr><tr><td><b>commodity</b></td><td>Sb</td></tr><tr><td><b>commodity_name</b></td><td>Antimony</td></tr><tr><td><b>label_text</b></td><td>Sb</td></tr><tr><td><b>label_status</b></td><td>label read (OCR)</td></tr><tr><td><b>label_ocr_score</b></td><td>0.93</td></tr><tr><td><b>how</b></td><td>symbol</td></tr><tr><td><b>review</b></td><td>checked: tile12</td></tr><tr><td><b>colour</b></td><td>BLUE</td></tr><tr><td><b>sym_shape</b></td><td>triangle (down)</td></tr><tr><td><b>in_shan</b></td><td>yes</td></tr><tr><td><b>state</b></td><td>Shan (South)</td></tr><tr><td><b>state_pcode</b></td><td>MMR014</td></tr><tr><td><b>lon</b></td><td>97.74955</td></tr><tr><td><b>lat</b></td><td>21.74089</td></tr><tr><td><b>source</b></td><td>ESCAP 1991 Mineral Resources Map of Myanmar 1:1,500,000</td></tr></table>]]></description><Point><coordinates>97.74955,21.74089</coordinates></Point></Placemark><Placemark><name>Sb</name><visibility>1</visibility><Style><IconStyle><color>ffa05030</color><scale>1.0</scale><Icon><href>http://maps.google.com/mapfiles/kml/shapes/placemark_circle.png</href></Icon></IconStyle></Style><description><![CDATA[<table><tr><td><b>occ_id</b></td><td>50</td></tr><tr><td><b>group</b></td><td>BASE</td></tr><tr><td><b>group_en</b></td><td>Base metals</td></tr><tr><td><b>group_th</b></td><td>โลหะพื้นฐาน</td></tr><tr><td><b>commodity</b></td><td>Sb</td></tr><tr><td><b>commodity_name</b></td><td>Antimony</td></tr><tr><td><b>label_text</b></td><td>Sb</td></tr><tr><td><b>label_status</b></td><td>label read (OCR)</td></tr><tr><td><b>label_ocr_score</b></td><td>0.954</td></tr><tr><td><b>how</b></td><td>symbol</td></tr><tr><td><b>review</b></td><td>auto</td></tr><tr><td><b>colour</b></td><td>BLUE</td></tr><tr><td><b>sym_shape</b></td><td>other</td></tr><tr><td><b>in_shan</b></td><td>yes</td></tr><tr><td><b>state</b></td><td>Shan (South)</td></tr><tr><td><b>state_pcode</b></td><td>MMR014</td></tr><tr><td><b>lon</b></td><td>98.20792</td></tr><tr><td><b>lat</b></td><td>21.7265</td></tr><tr><td><b>source</b></td><td>ESCAP 1991 Mineral Resources Map of Myanmar 1:1,500,000</td></tr></table>]]></description><Point><coordinates>98.20792,21.7265</coordinates></Point></Placemark><Placemark><name>Sb</name><visibility>1</visibility><Style><IconStyle><color>ffa05030</color><scale>1.0</scale><Icon><href>http://maps.google.com/mapfiles/kml/shapes/placemark_circle.png</href></Icon></IconStyle></Style><description><![CDATA[<table><tr><td><b>occ_id</b></td><td>51</td></tr><tr><td><b>group</b></td><td>BASE</td></tr><tr><td><b>group_en</b></td><td>Base metals</td></tr><tr><td><b>group_th</b></td><td>โลหะพื้นฐาน</td></tr><tr><td><b>commodity</b></td><td>Sb</td></tr><tr><td><b>commodity_name</b></td><td>Antimony</td></tr><tr><td><b>label_text</b></td><td>Sb,P2.1</td></tr><tr><td><b>label_status</b></td><td>label read (OCR)</td></tr><tr><td><b>label_ocr_score</b></td><td>0.866</td></tr><tr><td><b>how</b></td><td>symbol</td></tr><tr><td><b>review</b></td><td>auto</td></tr><tr><td><b>colour</b></td><td>BLUE</td></tr><tr><td><b>sym_shape</b></td><td>diamond</td></tr><tr><td><b>in_shan</b></td><td>yes</td></tr><tr><td><b>state</b></td><td>Shan (South)</td></tr><tr><td><b>state_pcode</b></td><td>MMR014</td></tr><tr><td><b>lon</b></td><td>98.33078</td></tr><tr><td><b>lat</b></td><td>21.62508</td></tr><tr><td><b>source</b></td><td>ESCAP 1991 Mineral Resources Map of Myanmar 1:1,500,000</td></tr></table>]]></description><Point><coordinates>98.33078,21.62508</coordinates></Point></Placemark><Placemark><name>Pb</name><visibility>1</visibility><Style><IconStyle><color>ffa05030</color><scale>1.0</scale><Icon><href>http://maps.google.com/mapfiles/kml/shapes/placemark_circle.png</href></Icon></IconStyle></Style><description><![CDATA[<table><tr><td><b>occ_id</b></td><td>56</td></tr><tr><td><b>group</b></td><td>BASE</td></tr><tr><td><b>group_en</b></td><td>Base metals</td></tr><tr><td><b>group_th</b></td><td>โลหะพื้นฐาน</td></tr><tr><td><b>commodity</b></td><td>Pb</td></tr><tr><td><b>commodity_name</b></td><td>Lead</td></tr><tr><td><b>label_text</b></td><td>Pb</td></tr><tr><td><b>label_status</b></td><td>label read (OCR)</td></tr><tr><td><b>how</b></td><td>manual review</td></tr><tr><td><b>review</b></td><td>added: tile15</td></tr><tr><td><b>colour</b></td><td>-</td></tr><tr><td><b>sym_shape</b></td><td>(added in review)</td></tr><tr><td><b>in_shan</b></td><td>yes</td></tr><tr><td><b>state</b></td><td>Shan (South)</td></tr><tr><td><b>state_pcode</b></td><td>MMR014</td></tr><tr><td><b>lon</b></td><td>96.49229</td></tr><tr><td><b>lat</b></td><td>21.215</td></tr><tr><td><b>source</b></td><td>ESCAP 1991 Mineral Resources Map of Myanmar 1:1,500,000</td></tr></table>]]></description><Point><coordinates>96.49229,21.215</coordinates></Point></Placemark><Placemark><name>Pb</name><visibility>1</visibility><Style><IconStyle><color>ffa05030</color><scale>1.0</scale><Icon><href>http://maps.google.com/mapfiles/kml/shapes/placemark_circle.png</href></Icon></IconStyle></Style><description><![CDATA[<table><tr><td><b>occ_id</b></td><td>59</td></tr><tr><td><b>group</b></td><td>BASE</td></tr><tr><td><b>group_en</b></td><td>Base metals</td></tr><tr><td><b>group_th</b></td><td>โลหะพื้นฐาน</td></tr><tr><td><b>commodity</b></td><td>Pb</td></tr><tr><td><b>commodity_name</b></td><td>Lead</td></tr><tr><td><b>label_text</b></td><td>Pb</td></tr><tr><td><b>label_status</b></td><td>label read (OCR)</td></tr><tr><td><b>how</b></td><td>symbol</td></tr><tr><td><b>review</b></td><td>checked: tile15</td></tr><tr><td><b>colour</b></td><td>BLUE</td></tr><tr><td><b>sym_shape</b></td><td>diamond</td></tr><tr><td><b>in_shan</b></td><td>yes</td></tr><tr><td><b>state</b></td><td>Shan (South)</td></tr><tr><td><b>state_pcode</b></td><td>MMR014</td></tr><tr><td><b>lon</b></td><td>96.25949</td></tr><tr><td><b>lat</b></td><td>21.06214</td></tr><tr><td><b>source</b></td><td>ESCAP 1991 Mineral Resources Map of Myanmar 1:1,500,000</td></tr></table>]]></description><Point><coordinates>96.25949,21.06214</coordinates></Point></Placemark><Placemark><name>Sb</name><visibility>1</visibility><Style><IconStyle><color>ffa05030</color><scale>1.0</scale><Icon><href>http://maps.google.com/mapfiles/kml/shapes/placemark_circle.png</href></Icon></IconStyle></Style><description><![CDATA[<table><tr><td><b>occ_id</b></td><td>63</td></tr><tr><td><b>group</b></td><td>BASE</td></tr><tr><td><b>group_en</b></td><td>Base metals</td></tr><tr><td><b>group_th</b></td><td>โลหะพื้นฐาน</td></tr><tr><td><b>commodity</b></td><td>Sb</td></tr><tr><td><b>commodity_name</b></td><td>Antimony</td></tr><tr><td><b>label_text</b></td><td>Sb</td></tr><tr><td><b>label_status</b></td><td>label read (OCR)</td></tr><tr><td><b>label_ocr_score</b></td><td>0.947</td></tr><tr><td><b>how</b></td><td>label only</td></tr><tr><td><b>review</b></td><td>checked: tile20</td></tr><tr><td><b>colour</b></td><td>-</td></tr><tr><td><b>sym_shape</b></td><td>(symbol not recognised)</td></tr><tr><td><b>in_shan</b></td><td>yes</td></tr><tr><td><b>state</b></td><td>Shan (South)</td></tr><tr><td><b>state_pcode</b></td><td>MMR014</td></tr><tr><td><b>lon</b></td><td>96.56505</td></tr><tr><td><b>lat</b></td><td>20.89066</td></tr><tr><td><b>source</b></td><td>ESCAP 1991 Mineral Resources Map of Myanmar 1:1,500,000</td></tr></table>]]></description><Point><coordinates>96.56505,20.89066</coordinates></Point></Placemark><Placemark><name>Sb</name><visibility>1</visibility><Style><IconStyle><color>ffa05030</color><scale>1.0</scale><Icon><href>http://maps.google.com/mapfiles/kml/shapes/placemark_circle.png</href></Icon></IconStyle></Style><description><![CDATA[<table><tr><td><b>occ_id</b></td><td>64</td></tr><tr><td><b>group</b></td><td>BASE</td></tr><tr><td><b>group_en</b></td><td>Base metals</td></tr><tr><td><b>group_th</b></td><td>โลหะพื้นฐาน</td></tr><tr><td><b>commodity</b></td><td>Sb</td></tr><tr><td><b>commodity_name</b></td><td>Antimony</td></tr><tr><td><b>label_text</b></td><td>Sb</td></tr><tr><td><b>label_status</b></td><td>label read (OCR)</td></tr><tr><td><b>label_ocr_score</b></td><td>0.655</td></tr><tr><td><b>how</b></td><td>symbol</td></tr><tr><td><b>review</b></td><td>checked: tile20</td></tr><tr><td><b>colour</b></td><td>BLUE</td></tr><tr><td><b>sym_shape</b></td><td>diamond</td></tr><tr><td><b>in_shan</b></td><td>yes</td></tr><tr><td><b>state</b></td><td>Shan (South)</td></tr><tr><td><b>state_pcode</b></td><td>MMR014</td></tr><tr><td><b>lon</b></td><td>96.59606</td></tr><tr><td><b>lat</b></td><td>20.84467</td></tr><tr><td><b>source</b></td><td>ESCAP 1991 Mineral Resources Map of Myanmar 1:1,500,000</td></tr></table>]]></description><Point><coordinates>96.59606,20.84467</coordinates></Point></Placemark><Placemark><name>Zn</name><visibility>1</visibility><Style><IconStyle><color>ffa05030</color><scale>1.0</scale><Icon><href>http://maps.google.com/mapfiles/kml/shapes/placemark_circle.png</href></Icon></IconStyle></Style><description><![CDATA[<table><tr><td><b>occ_id</b></td><td>77</td></tr><tr><td><b>group</b></td><td>BASE</td></tr><tr><td><b>group_en</b></td><td>Base metals</td></tr><tr><td><b>group_th</b></td><td>โลหะพื้นฐาน</td></tr><tr><td><b>commodity</b></td><td>Zn</td></tr><tr><td><b>commodity_name</b></td><td>Zinc</td></tr><tr><td><b>label_text</b></td><td>Zn</td></tr><tr><td><b>label_status</b></td><td>label read (OCR)</td></tr><tr><td><b>how</b></td><td>symbol</td></tr><tr><td><b>review</b></td><td>checked: tile21</td></tr><tr><td><b>colour</b></td><td>BLUE</td></tr><tr><td><b>sym_shape</b></td><td>diamond</td></tr><tr><td><b>in_shan</b></td><td>yes</td></tr><tr><td><b>state</b></td><td>Shan (South)</td></tr><tr><td><b>state_pcode</b></td><td>MMR014</td></tr><tr><td><b>lon</b></td><td>97.42877</td></tr><tr><td><b>lat</b></td><td>20.49737</td></tr><tr><td><b>source</b></td><td>ESCAP 1991 Mineral Resources Map of Myanmar 1:1,500,000</td></tr></table>]]></description><Point><coordinates>97.42877,20.49737</coordinates></Point></Placemark><Placemark><name>Sb</name><visibility>1</visibility><Style><IconStyle><color>ffa05030</color><scale>1.0</scale><Icon><href>http://maps.google.com/mapfiles/kml/shapes/placemark_circle.png</href></Icon></IconStyle></Style><description><![CDATA[<table><tr><td><b>occ_id</b></td><td>84</td></tr><tr><td><b>group</b></td><td>BASE</td></tr><tr><td><b>group_en</b></td><td>Base metals</td></tr><tr><td><b>group_th</b></td><td>โลหะพื้นฐาน</td></tr><tr><td><b>commodity</b></td><td>Sb</td></tr><tr><td><b>commodity_name</b></td><td>Antimony</td></tr><tr><td><b>label_text</b></td><td>SB</td></tr><tr><td><b>label_status</b></td><td>label read (OCR)</td></tr><tr><td><b>label_ocr_score</b></td><td>0.716</td></tr><tr><td><b>how</b></td><td>symbol</td></tr><tr><td><b>review</b></td><td>auto</td></tr><tr><td><b>colour</b></td><td>BLUE</td></tr><tr><td><b>sym_shape</b></td><td>diamond</td></tr><tr><td><b>in_shan</b></td><td>yes</td></tr><tr><td><b>state</b></td><td>Shan (South)</td></tr><tr><td><b>state_pcode</b></td><td>MMR014</td></tr><tr><td><b>lon</b></td><td>97.1099</td></tr><tr><td><b>lat</b></td><td>19.8931</td></tr><tr><td><b>source</b></td><td>ESCAP 1991 Mineral Resources Map of Myanmar 1:1,500,000</td></tr></table>]]></description><Point><coordinates>97.1099,19.8931</coordinates></Point></Placemark><Placemark><name>Sb</name><visibility>1</visibility><Style><IconStyle><color>ffa05030</color><scale>1.0</scale><Icon><href>http://maps.google.com/mapfiles/kml/shapes/placemark_circle.png</href></Icon></IconStyle></Style><description><![CDATA[<table><tr><td><b>occ_id</b></td><td>86</td></tr><tr><td><b>group</b></td><td>BASE</td></tr><tr><td><b>group_en</b></td><td>Base metals</td></tr><tr><td><b>group_th</b></td><td>โลหะพื้นฐาน</td></tr><tr><td><b>commodity</b></td><td>Sb</td></tr><tr><td><b>commodity_name</b></td><td>Antimony</td></tr><tr><td><b>label_text</b></td><td>Sb</td></tr><tr><td><b>label_status</b></td><td>label read (OCR)</td></tr><tr><td><b>label_ocr_score</b></td><td>0.89</td></tr><tr><td><b>how</b></td><td>symbol</td></tr><tr><td><b>review</b></td><td>auto</td></tr><tr><td><b>colour</b></td><td>BLUE</td></tr><tr><td><b>sym_shape</b></td><td>diamond</td></tr><tr><td><b>in_shan</b></td><td>yes</td></tr><tr><td><b>state</b></td><td>Shan (South)</td></tr><tr><td><b>state_pcode</b></td><td>MMR014</td></tr><tr><td><b>lon</b></td><td>97.11134</td></tr><tr><td><b>lat</b></td><td>19.80944</td></tr><tr><td><b>source</b></td><td>ESCAP 1991 Mineral Resources Map of Myanmar 1:1,500,000</td></tr></table>]]></description><Point><coordinates>97.11134,19.80944</coordinates></Point></Placemark></Folder><Folder><name>Ceramic and refractory minerals</name><visibility>1</visibility><Placemark><name>Qc</name><visibility>1</visibility><Style><IconStyle><color>ffd0864f</color><scale>1.0</scale><Icon><href>http://maps.google.com/mapfiles/kml/shapes/placemark_circle.png</href></Icon></IconStyle></Style><description><![CDATA[<table><tr><td><b>occ_id</b></td><td>72</td></tr><tr><td><b>group</b></td><td>CERAMIC</td></tr><tr><td><b>group_en</b></td><td>Ceramic and refractory minerals</td></tr><tr><td><b>group_th</b></td><td>แร่เซรามิกและวัสดุทนไฟ</td></tr><tr><td><b>commodity</b></td><td>Qc</td></tr><tr><td><b>commodity_name</b></td><td>Quartz crystal</td></tr><tr><td><b>label_text</b></td><td>Qc</td></tr><tr><td><b>label_status</b></td><td>label read (OCR)</td></tr><tr><td><b>label_ocr_score</b></td><td>0.936</td></tr><tr><td><b>how</b></td><td>symbol</td></tr><tr><td><b>review</b></td><td>checked: shan recheck (blue half-disc of &#x27;Ba;Qc&#x27;)</td></tr><tr><td><b>colour</b></td><td>BLUE</td></tr><tr><td><b>sym_shape</b></td><td>half-disc (flat bottom)</td></tr><tr><td><b>in_shan</b></td><td>yes</td></tr><tr><td><b>state</b></td><td>Shan (South)</td></tr><tr><td><b>state_pcode</b></td><td>MMR014</td></tr><tr><td><b>lon</b></td><td>96.81915</td></tr><tr><td><b>lat</b></td><td>20.63375</td></tr><tr><td><b>source</b></td><td>ESCAP 1991 Mineral Resources Map of Myanmar 1:1,500,000</td></tr></table>]]></description><Point><coordinates>96.81915,20.63375</coordinates></Point></Placemark><Placemark><name>Cly</name><visibility>1</visibility><Style><IconStyle><color>ffd0864f</color><scale>1.0</scale><Icon><href>http://maps.google.com/mapfiles/kml/shapes/placemark_circle.png</href></Icon></IconStyle></Style><description><![CDATA[<table><tr><td><b>occ_id</b></td><td>79</td></tr><tr><td><b>group</b></td><td>CERAMIC</td></tr><tr><td><b>group_en</b></td><td>Ceramic and refractory minerals</td></tr><tr><td><b>group_th</b></td><td>แร่เซรามิกและวัสดุทนไฟ</td></tr><tr><td><b>commodity</b></td><td>Cly</td></tr><tr><td><b>commodity_name</b></td><td>Clays (ceramic &amp; refractory)</td></tr><tr><td><b>label_text</b></td><td>Cly</td></tr><tr><td><b>label_status</b></td><td>label read (OCR)</td></tr><tr><td><b>how</b></td><td>symbol</td></tr><tr><td><b>review</b></td><td>checked: tile20</td></tr><tr><td><b>colour</b></td><td>BLUE</td></tr><tr><td><b>sym_shape</b></td><td>half-disc (flat bottom)</td></tr><tr><td><b>in_shan</b></td><td>yes</td></tr><tr><td><b>state</b></td><td>Shan (South)</td></tr><tr><td><b>state_pcode</b></td><td>MMR014</td></tr><tr><td><b>lon</b></td><td>96.63727</td></tr><tr><td><b>lat</b></td><td>20.38999</td></tr><tr><td><b>source</b></td><td>ESCAP 1991 Mineral Resources Map of Myanmar 1:1,500,000</td></tr></table>]]></description><Point><coordinates>96.63727,20.38999</coordinates></Point></Placemark></Folder><Folder><name>Chemical and fertilizer minerals</name><visibility>1</visibility><Placemark><name>Chemical and fertilizer minerals</name><visibility>1</visibility><Style><IconStyle><color>ff557a2f</color><scale>1.0</scale><Icon><href>http://maps.google.com/mapfiles/kml/shapes/placemark_circle.png</href></Icon></IconStyle></Style><description><![CDATA[<table><tr><td><b>occ_id</b></td><td>13</td></tr><tr><td><b>group</b></td><td>CHEM</td></tr><tr><td><b>group_en</b></td><td>Chemical and fertilizer minerals</td></tr><tr><td><b>group_th</b></td><td>แร่เคมีและแร่ปุ๋ย</td></tr><tr><td><b>label_status</b></td><td>no legible label - class from symbol only</td></tr><tr><td><b>how</b></td><td>symbol</td></tr><tr><td><b>review</b></td><td>auto</td></tr><tr><td><b>colour</b></td><td>GREEN</td></tr><tr><td><b>sym_shape</b></td><td>other</td></tr><tr><td><b>in_shan</b></td><td>yes</td></tr><tr><td><b>state</b></td><td>Shan (North)</td></tr><tr><td><b>state_pcode</b></td><td>MMR015</td></tr><tr><td><b>lon</b></td><td>97.53802</td></tr><tr><td><b>lat</b></td><td>23.71358</td></tr><tr><td><b>source</b></td><td>ESCAP 1991 Mineral Resources Map of Myanmar 1:1,500,000</td></tr></table>]]></description><Point><coordinates>97.53802,23.71358</coordinates></Point></Placemark><Placemark><name>Gy</name><visibility>1</visibility><Style><IconStyle><color>ff557a2f</color><scale>1.0</scale><Icon><href>http://maps.google.com/mapfiles/kml/shapes/placemark_circle.png</href></Icon></IconStyle></Style><description><![CDATA[<table><tr><td><b>occ_id</b></td><td>38</td></tr><tr><td><b>group</b></td><td>CHEM</td></tr><tr><td><b>group_en</b></td><td>Chemical and fertilizer minerals</td></tr><tr><td><b>group_th</b></td><td>แร่เคมีและแร่ปุ๋ย</td></tr><tr><td><b>commodity</b></td><td>Gy</td></tr><tr><td><b>commodity_name</b></td><td>Gypsum</td></tr><tr><td><b>label_text</b></td><td>Gy</td></tr><tr><td><b>label_status</b></td><td>label read (OCR)</td></tr><tr><td><b>how</b></td><td>symbol</td></tr><tr><td><b>review</b></td><td>checked: tile08</td></tr><tr><td><b>colour</b></td><td>GREEN</td></tr><tr><td><b>sym_shape</b></td><td>diamond</td></tr><tr><td><b>in_shan</b></td><td>yes</td></tr><tr><td><b>state</b></td><td>Shan (North)</td></tr><tr><td><b>state_pcode</b></td><td>MMR015</td></tr><tr><td><b>lon</b></td><td>97.22662</td></tr><tr><td><b>lat</b></td><td>22.64864</td></tr><tr><td><b>source</b></td><td>ESCAP 1991 Mineral Resources Map of Myanmar 1:1,500,000</td></tr></table>]]></description><Point><coordinates>97.22662,22.64864</coordinates></Point></Placemark><Placemark><name>S</name><visibility>1</visibility><Style><IconStyle><color>ff557a2f</color><scale>1.0</scale><Icon><href>http://maps.google.com/mapfiles/kml/shapes/placemark_circle.png</href></Icon></IconStyle></Style><description><![CDATA[<table><tr><td><b>occ_id</b></td><td>42</td></tr><tr><td><b>group</b></td><td>CHEM</td></tr><tr><td><b>group_en</b></td><td>Chemical and fertilizer minerals</td></tr><tr><td><b>group_th</b></td><td>แร่เคมีและแร่ปุ๋ย</td></tr><tr><td><b>commodity</b></td><td>S</td></tr><tr><td><b>commodity_name</b></td><td>Sulphur</td></tr><tr><td><b>label_text</b></td><td>S</td></tr><tr><td><b>label_status</b></td><td>label read (OCR)</td></tr><tr><td><b>label_ocr_score</b></td><td>0.934</td></tr><tr><td><b>how</b></td><td>symbol</td></tr><tr><td><b>review</b></td><td>checked: tile08</td></tr><tr><td><b>colour</b></td><td>GREEN</td></tr><tr><td><b>sym_shape</b></td><td>half-disc (flat top)</td></tr><tr><td><b>in_shan</b></td><td>yes</td></tr><tr><td><b>state</b></td><td>Shan (North)</td></tr><tr><td><b>state_pcode</b></td><td>MMR015</td></tr><tr><td><b>lon</b></td><td>97.14196</td></tr><tr><td><b>lat</b></td><td>22.51652</td></tr><tr><td><b>source</b></td><td>ESCAP 1991 Mineral Resources Map of Myanmar 1:1,500,000</td></tr></table>]]></description><Point><coordinates>97.14196,22.51652</coordinates></Point></Placemark><Placemark><name>Gy</name><visibility>1</visibility><Style><IconStyle><color>ff557a2f</color><scale>1.0</scale><Icon><href>http://maps.google.com/mapfiles/kml/shapes/placemark_circle.png</href></Icon></IconStyle></Style><description><![CDATA[<table><tr><td><b>occ_id</b></td><td>44</td></tr><tr><td><b>group</b></td><td>CHEM</td></tr><tr><td><b>group_en</b></td><td>Chemical and fertilizer minerals</td></tr><tr><td><b>group_th</b></td><td>แร่เคมีและแร่ปุ๋ย</td></tr><tr><td><b>commodity</b></td><td>Gy</td></tr><tr><td><b>commodity_name</b></td><td>Gypsum</td></tr><tr><td><b>label_text</b></td><td>Gy</td></tr><tr><td><b>label_status</b></td><td>label read (OCR)</td></tr><tr><td><b>how</b></td><td>manual review</td></tr><tr><td><b>review</b></td><td>added: tile08</td></tr><tr><td><b>colour</b></td><td>-</td></tr><tr><td><b>sym_shape</b></td><td>(added in review)</td></tr><tr><td><b>in_shan</b></td><td>yes</td></tr><tr><td><b>state</b></td><td>Shan (North)</td></tr><tr><td><b>state_pcode</b></td><td>MMR015</td></tr><tr><td><b>lon</b></td><td>97.195</td></tr><tr><td><b>lat</b></td><td>22.50924</td></tr><tr><td><b>source</b></td><td>ESCAP 1991 Mineral Resources Map of Myanmar 1:1,500,000</td></tr></table>]]></description><Point><coordinates>97.195,22.50924</coordinates></Point></Placemark><Placemark><name>Sa</name><visibility>1</visibility><Style><IconStyle><color>ff557a2f</color><scale>1.0</scale><Icon><href>http://maps.google.com/mapfiles/kml/shapes/placemark_circle.png</href></Icon></IconStyle></Style><description><![CDATA[<table><tr><td><b>occ_id</b></td><td>58</td></tr><tr><td><b>group</b></td><td>CHEM</td></tr><tr><td><b>group_en</b></td><td>Chemical and fertilizer minerals</td></tr><tr><td><b>group_th</b></td><td>แร่เคมีและแร่ปุ๋ย</td></tr><tr><td><b>commodity</b></td><td>Sa</td></tr><tr><td><b>commodity_name</b></td><td>Saltpetre</td></tr><tr><td><b>label_text</b></td><td>Sa</td></tr><tr><td><b>label_status</b></td><td>label read (OCR)</td></tr><tr><td><b>how</b></td><td>symbol</td></tr><tr><td><b>review</b></td><td>checked: tile15</td></tr><tr><td><b>colour</b></td><td>GREEN</td></tr><tr><td><b>sym_shape</b></td><td>triangle (up)</td></tr><tr><td><b>in_shan</b></td><td>yes</td></tr><tr><td><b>state</b></td><td>Shan (South)</td></tr><tr><td><b>state_pcode</b></td><td>MMR014</td></tr><tr><td><b>lon</b></td><td>96.62122</td></tr><tr><td><b>lat</b></td><td>21.0801</td></tr><tr><td><b>source</b></td><td>ESCAP 1991 Mineral Resources Map of Myanmar 1:1,500,000</td></tr></table>]]></description><Point><coordinates>96.62122,21.0801</coordinates></Point></Placemark><Placemark><name>Ba</name><visibility>1</visibility><Style><IconStyle><color>ff557a2f</color><scale>1.0</scale><Icon><href>http://maps.google.com/mapfiles/kml/shapes/placemark_circle.png</href></Icon></IconStyle></Style><description><![CDATA[<table><tr><td><b>occ_id</b></td><td>65</td></tr><tr><td><b>group</b></td><td>CHEM</td></tr><tr><td><b>group_en</b></td><td>Chemical and fertilizer minerals</td></tr><tr><td><b>group_th</b></td><td>แร่เคมีและแร่ปุ๋ย</td></tr><tr><td><b>commodity</b></td><td>Ba</td></tr><tr><td><b>commodity_name</b></td><td>Barite</td></tr><tr><td><b>label_text</b></td><td>Ba</td></tr><tr><td><b>label_status</b></td><td>label read (OCR)</td></tr><tr><td><b>how</b></td><td>symbol</td></tr><tr><td><b>review</b></td><td>checked: tile20</td></tr><tr><td><b>colour</b></td><td>GREEN</td></tr><tr><td><b>sym_shape</b></td><td>diamond</td></tr><tr><td><b>in_shan</b></td><td>yes</td></tr><tr><td><b>state</b></td><td>Shan (South)</td></tr><tr><td><b>state_pcode</b></td><td>MMR014</td></tr><tr><td><b>lon</b></td><td>96.56217</td></tr><tr><td><b>lat</b></td><td>20.78019</td></tr><tr><td><b>source</b></td><td>ESCAP 1991 Mineral Resources Map of Myanmar 1:1,500,000</td></tr></table>]]></description><Point><coordinates>96.56217,20.78019</coordinates></Point></Placemark><Placemark><name>Ba</name><visibility>1</visibility><Style><IconStyle><color>ff557a2f</color><scale>1.0</scale><Icon><href>http://maps.google.com/mapfiles/kml/shapes/placemark_circle.png</href></Icon></IconStyle></Style><description><![CDATA[<table><tr><td><b>occ_id</b></td><td>66</td></tr><tr><td><b>group</b></td><td>CHEM</td></tr><tr><td><b>group_en</b></td><td>Chemical and fertilizer minerals</td></tr><tr><td><b>group_th</b></td><td>แร่เคมีและแร่ปุ๋ย</td></tr><tr><td><b>commodity</b></td><td>Ba</td></tr><tr><td><b>commodity_name</b></td><td>Barite</td></tr><tr><td><b>label_text</b></td><td>Ba</td></tr><tr><td><b>label_status</b></td><td>label read (OCR)</td></tr><tr><td><b>label_ocr_score</b></td><td>0.844</td></tr><tr><td><b>how</b></td><td>symbol</td></tr><tr><td><b>review</b></td><td>checked: tile20</td></tr><tr><td><b>colour</b></td><td>GREEN</td></tr><tr><td><b>sym_shape</b></td><td>diamond</td></tr><tr><td><b>in_shan</b></td><td>yes</td></tr><tr><td><b>state</b></td><td>Shan (South)</td></tr><tr><td><b>state_pcode</b></td><td>MMR014</td></tr><tr><td><b>lon</b></td><td>96.73533</td></tr><tr><td><b>lat</b></td><td>20.76648</td></tr><tr><td><b>source</b></td><td>ESCAP 1991 Mineral Resources Map of Myanmar 1:1,500,000</td></tr></table>]]></description><Point><coordinates>96.73533,20.76648</coordinates></Point></Placemark><Placemark><name>Ba</name><visibility>1</visibility><Style><IconStyle><color>ff557a2f</color><scale>1.0</scale><Icon><href>http://maps.google.com/mapfiles/kml/shapes/placemark_circle.png</href></Icon></IconStyle></Style><description><![CDATA[<table><tr><td><b>occ_id</b></td><td>74</td></tr><tr><td><b>group</b></td><td>CHEM</td></tr><tr><td><b>group_en</b></td><td>Chemical and fertilizer minerals</td></tr><tr><td><b>group_th</b></td><td>แร่เคมีและแร่ปุ๋ย</td></tr><tr><td><b>commodity</b></td><td>Ba</td></tr><tr><td><b>commodity_name</b></td><td>Barite</td></tr><tr><td><b>label_text</b></td><td>Ba</td></tr><tr><td><b>label_status</b></td><td>label read (OCR)</td></tr><tr><td><b>how</b></td><td>manual review</td></tr><tr><td><b>review</b></td><td>added: shan recheck (green circle of &#x27;Ba;Qc&#x27;)</td></tr><tr><td><b>colour</b></td><td>-</td></tr><tr><td><b>sym_shape</b></td><td>(added in review)</td></tr><tr><td><b>in_shan</b></td><td>yes</td></tr><tr><td><b>state</b></td><td>Shan (South)</td></tr><tr><td><b>state_pcode</b></td><td>MMR014</td></tr><tr><td><b>lon</b></td><td>96.82091</td></tr><tr><td><b>lat</b></td><td>20.60011</td></tr><tr><td><b>source</b></td><td>ESCAP 1991 Mineral Resources Map of Myanmar 1:1,500,000</td></tr></table>]]></description><Point><coordinates>96.82091,20.60011</coordinates></Point></Placemark><Placemark><name>F</name><visibility>1</visibility><Style><IconStyle><color>ff557a2f</color><scale>1.0</scale><Icon><href>http://maps.google.com/mapfiles/kml/shapes/placemark_circle.png</href></Icon></IconStyle></Style><description><![CDATA[<table><tr><td><b>occ_id</b></td><td>78</td></tr><tr><td><b>group</b></td><td>CHEM</td></tr><tr><td><b>group_en</b></td><td>Chemical and fertilizer minerals</td></tr><tr><td><b>group_th</b></td><td>แร่เคมีและแร่ปุ๋ย</td></tr><tr><td><b>commodity</b></td><td>F</td></tr><tr><td><b>commodity_name</b></td><td>Fluorite</td></tr><tr><td><b>label_text</b></td><td>F</td></tr><tr><td><b>label_status</b></td><td>label read (OCR)</td></tr><tr><td><b>label_ocr_score</b></td><td>0.615</td></tr><tr><td><b>how</b></td><td>symbol</td></tr><tr><td><b>review</b></td><td>checked: tile20</td></tr><tr><td><b>colour</b></td><td>GREEN</td></tr><tr><td><b>sym_shape</b></td><td>triangle (up)</td></tr><tr><td><b>in_shan</b></td><td>yes</td></tr><tr><td><b>state</b></td><td>Shan (South)</td></tr><tr><td><b>state_pcode</b></td><td>MMR014</td></tr><tr><td><b>lon</b></td><td>96.62067</td></tr><tr><td><b>lat</b></td><td>20.46164</td></tr><tr><td><b>source</b></td><td>ESCAP 1991 Mineral Resources Map of Myanmar 1:1,500,000</td></tr></table>]]></description><Point><coordinates>96.62067,20.46164</coordinates></Point></Placemark><Placemark><name>Sa</name><visibility>1</visibility><Style><IconStyle><color>ff557a2f</color><scale>1.0</scale><Icon><href>http://maps.google.com/mapfiles/kml/shapes/placemark_circle.png</href></Icon></IconStyle></Style><description><![CDATA[<table><tr><td><b>occ_id</b></td><td>83</td></tr><tr><td><b>group</b></td><td>CHEM</td></tr><tr><td><b>group_en</b></td><td>Chemical and fertilizer minerals</td></tr><tr><td><b>group_th</b></td><td>แร่เคมีและแร่ปุ๋ย</td></tr><tr><td><b>commodity</b></td><td>Sa</td></tr><tr><td><b>commodity_name</b></td><td>Saltpetre</td></tr><tr><td><b>label_text</b></td><td>Sa</td></tr><tr><td><b>label_status</b></td><td>label read (OCR)</td></tr><tr><td><b>label_ocr_score</b></td><td>0.911</td></tr><tr><td><b>how</b></td><td>symbol</td></tr><tr><td><b>review</b></td><td>auto</td></tr><tr><td><b>colour</b></td><td>GREEN</td></tr><tr><td><b>sym_shape</b></td><td>circle</td></tr><tr><td><b>in_shan</b></td><td>yes</td></tr><tr><td><b>state</b></td><td>Shan (South)</td></tr><tr><td><b>state_pcode</b></td><td>MMR014</td></tr><tr><td><b>lon</b></td><td>96.91735</td></tr><tr><td><b>lat</b></td><td>19.90546</td></tr><tr><td><b>source</b></td><td>ESCAP 1991 Mineral Resources Map of Myanmar 1:1,500,000</td></tr></table>]]></description><Point><coordinates>96.91735,19.90546</coordinates></Point></Placemark><Placemark><name>F</name><visibility>1</visibility><Style><IconStyle><color>ff557a2f</color><scale>1.0</scale><Icon><href>http://maps.google.com/mapfiles/kml/shapes/placemark_circle.png</href></Icon></IconStyle></Style><description><![CDATA[<table><tr><td><b>occ_id</b></td><td>85</td></tr><tr><td><b>group</b></td><td>CHEM</td></tr><tr><td><b>group_en</b></td><td>Chemical and fertilizer minerals</td></tr><tr><td><b>group_th</b></td><td>แร่เคมีและแร่ปุ๋ย</td></tr><tr><td><b>commodity</b></td><td>F</td></tr><tr><td><b>commodity_name</b></td><td>Fluorite</td></tr><tr><td><b>label_text</b></td><td>F</td></tr><tr><td><b>label_status</b></td><td>label read (OCR)</td></tr><tr><td><b>label_ocr_score</b></td><td>0.723</td></tr><tr><td><b>how</b></td><td>symbol</td></tr><tr><td><b>review</b></td><td>auto</td></tr><tr><td><b>colour</b></td><td>GREEN</td></tr><tr><td><b>sym_shape</b></td><td>other</td></tr><tr><td><b>in_shan</b></td><td>yes</td></tr><tr><td><b>state</b></td><td>Shan (South)</td></tr><tr><td><b>state_pcode</b></td><td>MMR014</td></tr><tr><td><b>lon</b></td><td>97.08324</td></tr><tr><td><b>lat</b></td><td>19.8506</td></tr><tr><td><b>source</b></td><td>ESCAP 1991 Mineral Resources Map of Myanmar 1:1,500,000</td></tr></table>]]></description><Point><coordinates>97.08324,19.8506</coordinates></Point></Placemark></Folder><Folder><name>Iron and ferro-alloy metals</name><visibility>1</visibility><Placemark><name>Fe</name><visibility>1</visibility><Style><IconStyle><color>ff444444</color><scale>1.0</scale><Icon><href>http://maps.google.com/mapfiles/kml/shapes/placemark_circle.png</href></Icon></IconStyle></Style><description><![CDATA[<table><tr><td><b>occ_id</b></td><td>6</td></tr><tr><td><b>group</b></td><td>FERRO</td></tr><tr><td><b>group_en</b></td><td>Iron and ferro-alloy metals</td></tr><tr><td><b>group_th</b></td><td>โลหะเหล็กและโลหะผสมเหล็ก</td></tr><tr><td><b>commodity</b></td><td>Fe</td></tr><tr><td><b>commodity_name</b></td><td>Iron ore</td></tr><tr><td><b>label_text</b></td><td>Fe</td></tr><tr><td><b>label_status</b></td><td>label read (OCR)</td></tr><tr><td><b>label_ocr_score</b></td><td>0.996</td></tr><tr><td><b>how</b></td><td>symbol</td></tr><tr><td><b>review</b></td><td>checked: tile23</td></tr><tr><td><b>colour</b></td><td>DARK</td></tr><tr><td><b>sym_shape</b></td><td>diamond</td></tr><tr><td><b>in_shan</b></td><td>yes</td></tr><tr><td><b>state</b></td><td>Shan (East)</td></tr><tr><td><b>state_pcode</b></td><td>MMR016</td></tr><tr><td><b>lon</b></td><td>99.90984</td></tr><tr><td><b>lat</b></td><td>20.63128</td></tr><tr><td><b>source</b></td><td>ESCAP 1991 Mineral Resources Map of Myanmar 1:1,500,000</td></tr></table>]]></description><Point><coordinates>99.90984,20.63128</coordinates></Point></Placemark><Placemark><name>Fe</name><visibility>1</visibility><Style><IconStyle><color>ff444444</color><scale>1.0</scale><Icon><href>http://maps.google.com/mapfiles/kml/shapes/placemark_circle.png</href></Icon></IconStyle></Style><description><![CDATA[<table><tr><td><b>occ_id</b></td><td>7</td></tr><tr><td><b>group</b></td><td>FERRO</td></tr><tr><td><b>group_en</b></td><td>Iron and ferro-alloy metals</td></tr><tr><td><b>group_th</b></td><td>โลหะเหล็กและโลหะผสมเหล็ก</td></tr><tr><td><b>commodity</b></td><td>Fe</td></tr><tr><td><b>commodity_name</b></td><td>Iron ore</td></tr><tr><td><b>label_text</b></td><td>Fe</td></tr><tr><td><b>label_status</b></td><td>label read (OCR)</td></tr><tr><td><b>how</b></td><td>symbol</td></tr><tr><td><b>review</b></td><td>checked: cand review</td></tr><tr><td><b>colour</b></td><td>DARK</td></tr><tr><td><b>sym_shape</b></td><td>diamond</td></tr><tr><td><b>in_shan</b></td><td>yes</td></tr><tr><td><b>state</b></td><td>Shan (East)</td></tr><tr><td><b>state_pcode</b></td><td>MMR016</td></tr><tr><td><b>lon</b></td><td>99.9965</td></tr><tr><td><b>lat</b></td><td>20.49431</td></tr><tr><td><b>source</b></td><td>ESCAP 1991 Mineral Resources Map of Myanmar 1:1,500,000</td></tr></table>]]></description><Point><coordinates>99.9965,20.49431</coordinates></Point></Placemark><Placemark><name>Iron and ferro-alloy metals</name><visibility>1</visibility><Style><IconStyle><color>ff444444</color><scale>1.0</scale><Icon><href>http://maps.google.com/mapfiles/kml/shapes/placemark_circle.png</href></Icon></IconStyle></Style><description><![CDATA[<table><tr><td><b>occ_id</b></td><td>11</td></tr><tr><td><b>group</b></td><td>FERRO</td></tr><tr><td><b>group_en</b></td><td>Iron and ferro-alloy metals</td></tr><tr><td><b>group_th</b></td><td>โลหะเหล็กและโลหะผสมเหล็ก</td></tr><tr><td><b>label_status</b></td><td>no legible label - class from symbol only</td></tr><tr><td><b>how</b></td><td>symbol</td></tr><tr><td><b>review</b></td><td>auto</td></tr><tr><td><b>colour</b></td><td>DARK</td></tr><tr><td><b>sym_shape</b></td><td>diamond</td></tr><tr><td><b>in_shan</b></td><td>yes</td></tr><tr><td><b>state</b></td><td>Shan (North)</td></tr><tr><td><b>state_pcode</b></td><td>MMR015</td></tr><tr><td><b>lon</b></td><td>97.84697</td></tr><tr><td><b>lat</b></td><td>23.8118</td></tr><tr><td><b>source</b></td><td>ESCAP 1991 Mineral Resources Map of Myanmar 1:1,500,000</td></tr></table>]]></description><Point><coordinates>97.84697,23.8118</coordinates></Point></Placemark><Placemark><name>Iron and ferro-alloy metals</name><visibility>1</visibility><Style><IconStyle><color>ff444444</color><scale>1.0</scale><Icon><href>http://maps.google.com/mapfiles/kml/shapes/placemark_circle.png</href></Icon></IconStyle></Style><description><![CDATA[<table><tr><td><b>occ_id</b></td><td>43</td></tr><tr><td><b>group</b></td><td>FERRO</td></tr><tr><td><b>group_en</b></td><td>Iron and ferro-alloy metals</td></tr><tr><td><b>group_th</b></td><td>โลหะเหล็กและโลหะผสมเหล็ก</td></tr><tr><td><b>label_status</b></td><td>no legible label - class from symbol only</td></tr><tr><td><b>how</b></td><td>manual review</td></tr><tr><td><b>review</b></td><td>added: audit2 t15 dark diamond without label near circled 10</td></tr><tr><td><b>colour</b></td><td>-</td></tr><tr><td><b>sym_shape</b></td><td>(added in review)</td></tr><tr><td><b>in_shan</b></td><td>yes</td></tr><tr><td><b>state</b></td><td>Shan (North)</td></tr><tr><td><b>state_pcode</b></td><td>MMR015</td></tr><tr><td><b>lon</b></td><td>96.43893</td></tr><tr><td><b>lat</b></td><td>22.50932</td></tr><tr><td><b>source</b></td><td>ESCAP 1991 Mineral Resources Map of Myanmar 1:1,500,000</td></tr></table>]]></description><Point><coordinates>96.43893,22.50932</coordinates></Point></Placemark><Placemark><name>Mn</name><visibility>1</visibility><Style><IconStyle><color>ff444444</color><scale>1.0</scale><Icon><href>http://maps.google.com/mapfiles/kml/shapes/placemark_circle.png</href></Icon></IconStyle></Style><description><![CDATA[<table><tr><td><b>occ_id</b></td><td>53</td></tr><tr><td><b>group</b></td><td>FERRO</td></tr><tr><td><b>group_en</b></td><td>Iron and ferro-alloy metals</td></tr><tr><td><b>group_th</b></td><td>โลหะเหล็กและโลหะผสมเหล็ก</td></tr><tr><td><b>commodity</b></td><td>Mn</td></tr><tr><td><b>commodity_name</b></td><td>Manganese</td></tr><tr><td><b>label_text</b></td><td>Mn</td></tr><tr><td><b>label_status</b></td><td>label read (OCR)</td></tr><tr><td><b>label_ocr_score</b></td><td>0.987</td></tr><tr><td><b>how</b></td><td>symbol</td></tr><tr><td><b>review</b></td><td>checked: tile15</td></tr><tr><td><b>colour</b></td><td>DARK</td></tr><tr><td><b>sym_shape</b></td><td>diamond</td></tr><tr><td><b>in_shan</b></td><td>yes</td></tr><tr><td><b>state</b></td><td>Shan (South)</td></tr><tr><td><b>state_pcode</b></td><td>MMR014</td></tr><tr><td><b>lon</b></td><td>96.74784</td></tr><tr><td><b>lat</b></td><td>21.41331</td></tr><tr><td><b>source</b></td><td>ESCAP 1991 Mineral Resources Map of Myanmar 1:1,500,000</td></tr></table>]]></description><Point><coordinates>96.74784,21.41331</coordinates></Point></Placemark><Placemark><name>Fe</name><visibility>1</visibility><Style><IconStyle><color>ff444444</color><scale>1.0</scale><Icon><href>http://maps.google.com/mapfiles/kml/shapes/placemark_circle.png</href></Icon></IconStyle></Style><description><![CDATA[<table><tr><td><b>occ_id</b></td><td>55</td></tr><tr><td><b>group</b></td><td>FERRO</td></tr><tr><td><b>group_en</b></td><td>Iron and ferro-alloy metals</td></tr><tr><td><b>group_th</b></td><td>โลหะเหล็กและโลหะผสมเหล็ก</td></tr><tr><td><b>commodity</b></td><td>Fe</td></tr><tr><td><b>commodity_name</b></td><td>Iron ore</td></tr><tr><td><b>label_text</b></td><td>Fe</td></tr><tr><td><b>label_status</b></td><td>label read (OCR)</td></tr><tr><td><b>how</b></td><td>symbol</td></tr><tr><td><b>review</b></td><td>checked: tile15</td></tr><tr><td><b>colour</b></td><td>DARK</td></tr><tr><td><b>sym_shape</b></td><td>diamond</td></tr><tr><td><b>in_shan</b></td><td>yes</td></tr><tr><td><b>state</b></td><td>Shan (South)</td></tr><tr><td><b>state_pcode</b></td><td>MMR014</td></tr><tr><td><b>lon</b></td><td>96.42144</td></tr><tr><td><b>lat</b></td><td>21.23207</td></tr><tr><td><b>source</b></td><td>ESCAP 1991 Mineral Resources Map of Myanmar 1:1,500,000</td></tr></table>]]></description><Point><coordinates>96.42144,21.23207</coordinates></Point></Placemark><Placemark><name>Fe</name><visibility>1</visibility><Style><IconStyle><color>ff444444</color><scale>1.0</scale><Icon><href>http://maps.google.com/mapfiles/kml/shapes/placemark_circle.png</href></Icon></IconStyle></Style><description><![CDATA[<table><tr><td><b>occ_id</b></td><td>57</td></tr><tr><td><b>group</b></td><td>FERRO</td></tr><tr><td><b>group_en</b></td><td>Iron and ferro-alloy metals</td></tr><tr><td><b>group_th</b></td><td>โลหะเหล็กและโลหะผสมเหล็ก</td></tr><tr><td><b>commodity</b></td><td>Fe</td></tr><tr><td><b>commodity_name</b></td><td>Iron ore</td></tr><tr><td><b>label_text</b></td><td>Fe</td></tr><tr><td><b>label_status</b></td><td>label read (OCR)</td></tr><tr><td><b>how</b></td><td>manual review</td></tr><tr><td><b>review</b></td><td>added: tile15</td></tr><tr><td><b>colour</b></td><td>-</td></tr><tr><td><b>sym_shape</b></td><td>(added in review)</td></tr><tr><td><b>in_shan</b></td><td>yes</td></tr><tr><td><b>state</b></td><td>Shan (South)</td></tr><tr><td><b>state_pcode</b></td><td>MMR014</td></tr><tr><td><b>lon</b></td><td>96.4378</td></tr><tr><td><b>lat</b></td><td>21.09954</td></tr><tr><td><b>source</b></td><td>ESCAP 1991 Mineral Resources Map of Myanmar 1:1,500,000</td></tr></table>]]></description><Point><coordinates>96.4378,21.09954</coordinates></Point></Placemark><Placemark><name>Fe,Hg</name><visibility>1</visibility><Style><IconStyle><color>ff444444</color><scale>1.0</scale><Icon><href>http://maps.google.com/mapfiles/kml/shapes/placemark_circle.png</href></Icon></IconStyle></Style><description><![CDATA[<table><tr><td><b>occ_id</b></td><td>61</td></tr><tr><td><b>group</b></td><td>FERRO</td></tr><tr><td><b>group_en</b></td><td>Iron and ferro-alloy metals</td></tr><tr><td><b>group_th</b></td><td>โลหะเหล็กและโลหะผสมเหล็ก</td></tr><tr><td><b>commodity</b></td><td>Fe,Hg</td></tr><tr><td><b>commodity_name</b></td><td>Iron ore, Mercury</td></tr><tr><td><b>label_text</b></td><td>Fe,Hg</td></tr><tr><td><b>label_status</b></td><td>label read (OCR)</td></tr><tr><td><b>how</b></td><td>manual review</td></tr><tr><td><b>review</b></td><td>added: tile15</td></tr><tr><td><b>colour</b></td><td>-</td></tr><tr><td><b>sym_shape</b></td><td>(added in review)</td></tr><tr><td><b>in_shan</b></td><td>yes</td></tr><tr><td><b>state</b></td><td>Shan (South)</td></tr><tr><td><b>state_pcode</b></td><td>MMR014</td></tr><tr><td><b>lon</b></td><td>96.43935</td></tr><tr><td><b>lat</b></td><td>20.92925</td></tr><tr><td><b>source</b></td><td>ESCAP 1991 Mineral Resources Map of Myanmar 1:1,500,000</td></tr></table>]]></description><Point><coordinates>96.43935,20.92925</coordinates></Point></Placemark><Placemark><name>Fe</name><visibility>1</visibility><Style><IconStyle><color>ff444444</color><scale>1.0</scale><Icon><href>http://maps.google.com/mapfiles/kml/shapes/placemark_circle.png</href></Icon></IconStyle></Style><description><![CDATA[<table><tr><td><b>occ_id</b></td><td>62</td></tr><tr><td><b>group</b></td><td>FERRO</td></tr><tr><td><b>group_en</b></td><td>Iron and ferro-alloy metals</td></tr><tr><td><b>group_th</b></td><td>โลหะเหล็กและโลหะผสมเหล็ก</td></tr><tr><td><b>commodity</b></td><td>Fe</td></tr><tr><td><b>commodity_name</b></td><td>Iron ore</td></tr><tr><td><b>label_text</b></td><td>Fe</td></tr><tr><td><b>label_status</b></td><td>label read (OCR)</td></tr><tr><td><b>how</b></td><td>manual review</td></tr><tr><td><b>review</b></td><td>added: tile16 beside circled 13 (Pang-Pet)</td></tr><tr><td><b>colour</b></td><td>-</td></tr><tr><td><b>sym_shape</b></td><td>(added in review)</td></tr><tr><td><b>in_shan</b></td><td>yes</td></tr><tr><td><b>state</b></td><td>Shan (South)</td></tr><tr><td><b>state_pcode</b></td><td>MMR014</td></tr><tr><td><b>lon</b></td><td>97.56583</td></tr><tr><td><b>lat</b></td><td>20.89319</td></tr><tr><td><b>source</b></td><td>ESCAP 1991 Mineral Resources Map of Myanmar 1:1,500,000</td></tr></table>]]></description><Point><coordinates>97.56583,20.89319</coordinates></Point></Placemark><Placemark><name>Mn</name><visibility>1</visibility><Style><IconStyle><color>ff444444</color><scale>1.0</scale><Icon><href>http://maps.google.com/mapfiles/kml/shapes/placemark_circle.png</href></Icon></IconStyle></Style><description><![CDATA[<table><tr><td><b>occ_id</b></td><td>68</td></tr><tr><td><b>group</b></td><td>FERRO</td></tr><tr><td><b>group_en</b></td><td>Iron and ferro-alloy metals</td></tr><tr><td><b>group_th</b></td><td>โลหะเหล็กและโลหะผสมเหล็ก</td></tr><tr><td><b>commodity</b></td><td>Mn</td></tr><tr><td><b>commodity_name</b></td><td>Manganese</td></tr><tr><td><b>label_text</b></td><td>Mn</td></tr><tr><td><b>label_status</b></td><td>label read (OCR)</td></tr><tr><td><b>label_ocr_score</b></td><td>0.997</td></tr><tr><td><b>how</b></td><td>symbol</td></tr><tr><td><b>review</b></td><td>auto</td></tr><tr><td><b>colour</b></td><td>DARK</td></tr><tr><td><b>sym_shape</b></td><td>diamond</td></tr><tr><td><b>in_shan</b></td><td>yes</td></tr><tr><td><b>state</b></td><td>Shan (South)</td></tr><tr><td><b>state_pcode</b></td><td>MMR014</td></tr><tr><td><b>lon</b></td><td>97.18417</td></tr><tr><td><b>lat</b></td><td>20.71439</td></tr><tr><td><b>source</b></td><td>ESCAP 1991 Mineral Resources Map of Myanmar 1:1,500,000</td></tr></table>]]></description><Point><coordinates>97.18417,20.71439</coordinates></Point></Placemark><Placemark><name>Fe</name><visibility>1</visibility><Style><IconStyle><color>ff444444</color><scale>1.0</scale><Icon><href>http://maps.google.com/mapfiles/kml/shapes/placemark_circle.png</href></Icon></IconStyle></Style><description><![CDATA[<table><tr><td><b>occ_id</b></td><td>70</td></tr><tr><td><b>group</b></td><td>FERRO</td></tr><tr><td><b>group_en</b></td><td>Iron and ferro-alloy metals</td></tr><tr><td><b>group_th</b></td><td>โลหะเหล็กและโลหะผสมเหล็ก</td></tr><tr><td><b>commodity</b></td><td>Fe</td></tr><tr><td><b>commodity_name</b></td><td>Iron ore</td></tr><tr><td><b>label_text</b></td><td>Fe</td></tr><tr><td><b>label_status</b></td><td>label read (OCR)</td></tr><tr><td><b>label_ocr_score</b></td><td>0.892</td></tr><tr><td><b>how</b></td><td>symbol</td></tr><tr><td><b>review</b></td><td>auto</td></tr><tr><td><b>colour</b></td><td>DARK</td></tr><tr><td><b>sym_shape</b></td><td>diamond</td></tr><tr><td><b>in_shan</b></td><td>yes</td></tr><tr><td><b>state</b></td><td>Shan (South)</td></tr><tr><td><b>state_pcode</b></td><td>MMR014</td></tr><tr><td><b>lon</b></td><td>97.04767</td></tr><tr><td><b>lat</b></td><td>20.66634</td></tr><tr><td><b>source</b></td><td>ESCAP 1991 Mineral Resources Map of Myanmar 1:1,500,000</td></tr></table>]]></description><Point><coordinates>97.04767,20.66634</coordinates></Point></Placemark><Placemark><name>Mn</name><visibility>1</visibility><Style><IconStyle><color>ff444444</color><scale>1.0</scale><Icon><href>http://maps.google.com/mapfiles/kml/shapes/placemark_circle.png</href></Icon></IconStyle></Style><description><![CDATA[<table><tr><td><b>occ_id</b></td><td>73</td></tr><tr><td><b>group</b></td><td>FERRO</td></tr><tr><td><b>group_en</b></td><td>Iron and ferro-alloy metals</td></tr><tr><td><b>group_th</b></td><td>โลหะเหล็กและโลหะผสมเหล็ก</td></tr><tr><td><b>commodity</b></td><td>Mn</td></tr><tr><td><b>commodity_name</b></td><td>Manganese</td></tr><tr><td><b>label_text</b></td><td>Mn</td></tr><tr><td><b>label_status</b></td><td>label read (OCR)</td></tr><tr><td><b>how</b></td><td>symbol</td></tr><tr><td><b>review</b></td><td>checked: tile20</td></tr><tr><td><b>colour</b></td><td>DARK</td></tr><tr><td><b>sym_shape</b></td><td>diamond</td></tr><tr><td><b>in_shan</b></td><td>yes</td></tr><tr><td><b>state</b></td><td>Shan (South)</td></tr><tr><td><b>state_pcode</b></td><td>MMR014</td></tr><tr><td><b>lon</b></td><td>96.74917</td></tr><tr><td><b>lat</b></td><td>20.61771</td></tr><tr><td><b>source</b></td><td>ESCAP 1991 Mineral Resources Map of Myanmar 1:1,500,000</td></tr></table>]]></description><Point><coordinates>96.74917,20.61771</coordinates></Point></Placemark><Placemark><name>Fe</name><visibility>1</visibility><Style><IconStyle><color>ff444444</color><scale>1.0</scale><Icon><href>http://maps.google.com/mapfiles/kml/shapes/placemark_circle.png</href></Icon></IconStyle></Style><description><![CDATA[<table><tr><td><b>occ_id</b></td><td>81</td></tr><tr><td><b>group</b></td><td>FERRO</td></tr><tr><td><b>group_en</b></td><td>Iron and ferro-alloy metals</td></tr><tr><td><b>group_th</b></td><td>โลหะเหล็กและโลหะผสมเหล็ก</td></tr><tr><td><b>commodity</b></td><td>Fe</td></tr><tr><td><b>commodity_name</b></td><td>Iron ore</td></tr><tr><td><b>label_text</b></td><td>WaFe</td></tr><tr><td><b>label_status</b></td><td>label read (OCR)</td></tr><tr><td><b>label_ocr_score</b></td><td>0.599</td></tr><tr><td><b>how</b></td><td>symbol</td></tr><tr><td><b>review</b></td><td>auto</td></tr><tr><td><b>colour</b></td><td>DARK</td></tr><tr><td><b>sym_shape</b></td><td>diamond</td></tr><tr><td><b>in_shan</b></td><td>yes</td></tr><tr><td><b>state</b></td><td>Shan (South)</td></tr><tr><td><b>state_pcode</b></td><td>MMR014</td></tr><tr><td><b>lon</b></td><td>97.62152</td></tr><tr><td><b>lat</b></td><td>20.12798</td></tr><tr><td><b>source</b></td><td>ESCAP 1991 Mineral Resources Map of Myanmar 1:1,500,000</td></tr></table>]]></description><Point><coordinates>97.62152,20.12798</coordinates></Point></Placemark></Folder><Folder><name>Mine (operating / abandoned)</name><visibility>1</visibility><Placemark><name>Pb,Ag</name><visibility>1</visibility><Style><IconStyle><color>ff000000</color><scale>1.0</scale><Icon><href>http://maps.google.com/mapfiles/kml/shapes/placemark_circle.png</href></Icon></IconStyle></Style><description><![CDATA[<table><tr><td><b>occ_id</b></td><td>32</td></tr><tr><td><b>group</b></td><td>MINE</td></tr><tr><td><b>group_en</b></td><td>Mine (operating / abandoned)</td></tr><tr><td><b>group_th</b></td><td>เหมือง (เปิดดำเนินการ / ร้าง)</td></tr><tr><td><b>commodity</b></td><td>Pb,Ag</td></tr><tr><td><b>commodity_name</b></td><td>Lead, Silver</td></tr><tr><td><b>label_text</b></td><td>Pb,Ag</td></tr><tr><td><b>label_status</b></td><td>label read (OCR)</td></tr><tr><td><b>how</b></td><td>manual review</td></tr><tr><td><b>review</b></td><td>added: tile04 crossed hammers</td></tr><tr><td><b>colour</b></td><td>-</td></tr><tr><td><b>sym_shape</b></td><td>(added in review)</td></tr><tr><td><b>in_shan</b></td><td>yes</td></tr><tr><td><b>state</b></td><td>Shan (North)</td></tr><tr><td><b>state_pcode</b></td><td>MMR015</td></tr><tr><td><b>lon</b></td><td>97.21052</td></tr><tr><td><b>lat</b></td><td>22.99571</td></tr><tr><td><b>source</b></td><td>ESCAP 1991 Mineral Resources Map of Myanmar 1:1,500,000</td></tr></table>]]></description><Point><coordinates>97.21052,22.99571</coordinates></Point></Placemark><Placemark><name>C</name><visibility>1</visibility><Style><IconStyle><color>ff000000</color><scale>1.0</scale><Icon><href>http://maps.google.com/mapfiles/kml/shapes/placemark_circle.png</href></Icon></IconStyle></Style><description><![CDATA[<table><tr><td><b>occ_id</b></td><td>37</td></tr><tr><td><b>group</b></td><td>MINE</td></tr><tr><td><b>group_en</b></td><td>Mine (operating / abandoned)</td></tr><tr><td><b>group_th</b></td><td>เหมือง (เปิดดำเนินการ / ร้าง)</td></tr><tr><td><b>commodity</b></td><td>C</td></tr><tr><td><b>commodity_name</b></td><td>Coal</td></tr><tr><td><b>label_text</b></td><td>C</td></tr><tr><td><b>label_status</b></td><td>label read (OCR)</td></tr><tr><td><b>how</b></td><td>manual review</td></tr><tr><td><b>review</b></td><td>added: tile08 coal mine (crossed hammers)</td></tr><tr><td><b>colour</b></td><td>-</td></tr><tr><td><b>sym_shape</b></td><td>(added in review)</td></tr><tr><td><b>in_shan</b></td><td>yes</td></tr><tr><td><b>state</b></td><td>Shan (North)</td></tr><tr><td><b>state_pcode</b></td><td>MMR015</td></tr><tr><td><b>lon</b></td><td>97.76096</td></tr><tr><td><b>lat</b></td><td>22.67437</td></tr><tr><td><b>source</b></td><td>ESCAP 1991 Mineral Resources Map of Myanmar 1:1,500,000</td></tr></table>]]></description><Point><coordinates>97.76096,22.67437</coordinates></Point></Placemark><Placemark><name>Mine (operating / abandoned)</name><visibility>1</visibility><Style><IconStyle><color>ff000000</color><scale>1.0</scale><Icon><href>http://maps.google.com/mapfiles/kml/shapes/placemark_circle.png</href></Icon></IconStyle></Style><description><![CDATA[<table><tr><td><b>occ_id</b></td><td>41</td></tr><tr><td><b>group</b></td><td>MINE</td></tr><tr><td><b>group_en</b></td><td>Mine (operating / abandoned)</td></tr><tr><td><b>group_th</b></td><td>เหมือง (เปิดดำเนินการ / ร้าง)</td></tr><tr><td><b>label_status</b></td><td>no legible label - class from symbol only</td></tr><tr><td><b>how</b></td><td>mine symbol (no label)</td></tr><tr><td><b>review</b></td><td>auto</td></tr><tr><td><b>colour</b></td><td>BLACK</td></tr><tr><td><b>sym_shape</b></td><td>crossed hammers</td></tr><tr><td><b>in_shan</b></td><td>yes</td></tr><tr><td><b>state</b></td><td>Shan (North)</td></tr><tr><td><b>state_pcode</b></td><td>MMR015</td></tr><tr><td><b>lon</b></td><td>97.12415</td></tr><tr><td><b>lat</b></td><td>22.59168</td></tr><tr><td><b>source</b></td><td>ESCAP 1991 Mineral Resources Map of Myanmar 1:1,500,000</td></tr></table>]]></description><Point><coordinates>97.12415,22.59168</coordinates></Point></Placemark><Placemark><name>Pb,Ag</name><visibility>1</visibility><Style><IconStyle><color>ff000000</color><scale>1.0</scale><Icon><href>http://maps.google.com/mapfiles/kml/shapes/placemark_circle.png</href></Icon></IconStyle></Style><description><![CDATA[<table><tr><td><b>occ_id</b></td><td>60</td></tr><tr><td><b>group</b></td><td>MINE</td></tr><tr><td><b>group_en</b></td><td>Mine (operating / abandoned)</td></tr><tr><td><b>group_th</b></td><td>เหมือง (เปิดดำเนินการ / ร้าง)</td></tr><tr><td><b>commodity</b></td><td>Pb,Ag</td></tr><tr><td><b>commodity_name</b></td><td>Lead, Silver</td></tr><tr><td><b>label_text</b></td><td>Pb,Ag</td></tr><tr><td><b>label_status</b></td><td>label read (OCR)</td></tr><tr><td><b>how</b></td><td>mine symbol (no label)</td></tr><tr><td><b>review</b></td><td>checked: tile15 crossed hammers near circled 9 (Bawsaing)</td></tr><tr><td><b>colour</b></td><td>BLACK</td></tr><tr><td><b>sym_shape</b></td><td>crossed hammers</td></tr><tr><td><b>in_shan</b></td><td>yes</td></tr><tr><td><b>state</b></td><td>Shan (South)</td></tr><tr><td><b>state_pcode</b></td><td>MMR014</td></tr><tr><td><b>lon</b></td><td>96.77334</td></tr><tr><td><b>lat</b></td><td>20.96321</td></tr><tr><td><b>source</b></td><td>ESCAP 1991 Mineral Resources Map of Myanmar 1:1,500,000</td></tr></table>]]></description><Point><coordinates>96.77334,20.96321</coordinates></Point></Placemark></Folder><Folder><name>Mineral fuel (coal)</name><visibility>1</visibility><Placemark><name>C2</name><visibility>1</visibility><Style><IconStyle><color>ffa89a9a</color><scale>1.0</scale><Icon><href>http://maps.google.com/mapfiles/kml/shapes/placemark_circle.png</href></Icon></IconStyle></Style><description><![CDATA[<table><tr><td><b>occ_id</b></td><td>39</td></tr><tr><td><b>group</b></td><td>FUEL</td></tr><tr><td><b>group_en</b></td><td>Mineral fuel (coal)</td></tr><tr><td><b>group_th</b></td><td>เชื้อเพลิงแร่ (ถ่านหิน)</td></tr><tr><td><b>commodity</b></td><td>C2</td></tr><tr><td><b>commodity_name</b></td><td>Bituminous</td></tr><tr><td><b>label_text</b></td><td>C2</td></tr><tr><td><b>label_status</b></td><td>label read (OCR)</td></tr><tr><td><b>how</b></td><td>manual review</td></tr><tr><td><b>review</b></td><td>added: tile08</td></tr><tr><td><b>colour</b></td><td>-</td></tr><tr><td><b>sym_shape</b></td><td>(added in review)</td></tr><tr><td><b>in_shan</b></td><td>yes</td></tr><tr><td><b>state</b></td><td>Shan (North)</td></tr><tr><td><b>state_pcode</b></td><td>MMR015</td></tr><tr><td><b>lon</b></td><td>97.84843</td></tr><tr><td><b>lat</b></td><td>22.62617</td></tr><tr><td><b>source</b></td><td>ESCAP 1991 Mineral Resources Map of Myanmar 1:1,500,000</td></tr></table>]]></description><Point><coordinates>97.84843,22.62617</coordinates></Point></Placemark><Placemark><name>C2</name><visibility>1</visibility><Style><IconStyle><color>ffa89a9a</color><scale>1.0</scale><Icon><href>http://maps.google.com/mapfiles/kml/shapes/placemark_circle.png</href></Icon></IconStyle></Style><description><![CDATA[<table><tr><td><b>occ_id</b></td><td>40</td></tr><tr><td><b>group</b></td><td>FUEL</td></tr><tr><td><b>group_en</b></td><td>Mineral fuel (coal)</td></tr><tr><td><b>group_th</b></td><td>เชื้อเพลิงแร่ (ถ่านหิน)</td></tr><tr><td><b>commodity</b></td><td>C2</td></tr><tr><td><b>commodity_name</b></td><td>Bituminous</td></tr><tr><td><b>label_text</b></td><td>C2</td></tr><tr><td><b>label_status</b></td><td>label read (OCR)</td></tr><tr><td><b>how</b></td><td>manual review</td></tr><tr><td><b>review</b></td><td>added: tile08</td></tr><tr><td><b>colour</b></td><td>-</td></tr><tr><td><b>sym_shape</b></td><td>(added in review)</td></tr><tr><td><b>in_shan</b></td><td>yes</td></tr><tr><td><b>state</b></td><td>Shan (North)</td></tr><tr><td><b>state_pcode</b></td><td>MMR015</td></tr><tr><td><b>lon</b></td><td>97.39756</td></tr><tr><td><b>lat</b></td><td>22.61372</td></tr><tr><td><b>source</b></td><td>ESCAP 1991 Mineral Resources Map of Myanmar 1:1,500,000</td></tr></table>]]></description><Point><coordinates>97.39756,22.61372</coordinates></Point></Placemark><Placemark><name>C3</name><visibility>1</visibility><Style><IconStyle><color>ffa89a9a</color><scale>1.0</scale><Icon><href>http://maps.google.com/mapfiles/kml/shapes/placemark_circle.png</href></Icon></IconStyle></Style><description><![CDATA[<table><tr><td><b>occ_id</b></td><td>71</td></tr><tr><td><b>group</b></td><td>FUEL</td></tr><tr><td><b>group_en</b></td><td>Mineral fuel (coal)</td></tr><tr><td><b>group_th</b></td><td>เชื้อเพลิงแร่ (ถ่านหิน)</td></tr><tr><td><b>commodity</b></td><td>C3</td></tr><tr><td><b>commodity_name</b></td><td>Lignite</td></tr><tr><td><b>label_text</b></td><td>C3</td></tr><tr><td><b>label_status</b></td><td>label read (OCR)</td></tr><tr><td><b>how</b></td><td>manual review</td></tr><tr><td><b>review</b></td><td>added: tile20</td></tr><tr><td><b>colour</b></td><td>-</td></tr><tr><td><b>sym_shape</b></td><td>(added in review)</td></tr><tr><td><b>in_shan</b></td><td>yes</td></tr><tr><td><b>state</b></td><td>Shan (South)</td></tr><tr><td><b>state_pcode</b></td><td>MMR014</td></tr><tr><td><b>lon</b></td><td>96.56486</td></tr><tr><td><b>lat</b></td><td>20.64217</td></tr><tr><td><b>source</b></td><td>ESCAP 1991 Mineral Resources Map of Myanmar 1:1,500,000</td></tr></table>]]></description><Point><coordinates>96.56486,20.64217</coordinates></Point></Placemark><Placemark><name>C3</name><visibility>1</visibility><Style><IconStyle><color>ffa89a9a</color><scale>1.0</scale><Icon><href>http://maps.google.com/mapfiles/kml/shapes/placemark_circle.png</href></Icon></IconStyle></Style><description><![CDATA[<table><tr><td><b>occ_id</b></td><td>76</td></tr><tr><td><b>group</b></td><td>FUEL</td></tr><tr><td><b>group_en</b></td><td>Mineral fuel (coal)</td></tr><tr><td><b>group_th</b></td><td>เชื้อเพลิงแร่ (ถ่านหิน)</td></tr><tr><td><b>commodity</b></td><td>C3</td></tr><tr><td><b>commodity_name</b></td><td>Lignite</td></tr><tr><td><b>label_text</b></td><td>C3</td></tr><tr><td><b>label_status</b></td><td>label read (OCR)</td></tr><tr><td><b>how</b></td><td>manual review</td></tr><tr><td><b>review</b></td><td>added: tile20</td></tr><tr><td><b>colour</b></td><td>-</td></tr><tr><td><b>sym_shape</b></td><td>(added in review)</td></tr><tr><td><b>in_shan</b></td><td>yes</td></tr><tr><td><b>state</b></td><td>Shan (South)</td></tr><tr><td><b>state_pcode</b></td><td>MMR014</td></tr><tr><td><b>lon</b></td><td>96.62024</td></tr><tr><td><b>lat</b></td><td>20.50772</td></tr><tr><td><b>source</b></td><td>ESCAP 1991 Mineral Resources Map of Myanmar 1:1,500,000</td></tr></table>]]></description><Point><coordinates>96.62024,20.50772</coordinates></Point></Placemark><Placemark><name>C3</name><visibility>1</visibility><Style><IconStyle><color>ffa89a9a</color><scale>1.0</scale><Icon><href>http://maps.google.com/mapfiles/kml/shapes/placemark_circle.png</href></Icon></IconStyle></Style><description><![CDATA[<table><tr><td><b>occ_id</b></td><td>80</td></tr><tr><td><b>group</b></td><td>FUEL</td></tr><tr><td><b>group_en</b></td><td>Mineral fuel (coal)</td></tr><tr><td><b>group_th</b></td><td>เชื้อเพลิงแร่ (ถ่านหิน)</td></tr><tr><td><b>commodity</b></td><td>C3</td></tr><tr><td><b>commodity_name</b></td><td>Lignite</td></tr><tr><td><b>label_text</b></td><td>C3</td></tr><tr><td><b>label_status</b></td><td>label read (OCR)</td></tr><tr><td><b>how</b></td><td>manual review</td></tr><tr><td><b>review</b></td><td>added: tile20</td></tr><tr><td><b>colour</b></td><td>-</td></tr><tr><td><b>sym_shape</b></td><td>(added in review)</td></tr><tr><td><b>in_shan</b></td><td>yes</td></tr><tr><td><b>state</b></td><td>Shan (South)</td></tr><tr><td><b>state_pcode</b></td><td>MMR014</td></tr><tr><td><b>lon</b></td><td>96.70907</td></tr><tr><td><b>lat</b></td><td>20.27071</td></tr><tr><td><b>source</b></td><td>ESCAP 1991 Mineral Resources Map of Myanmar 1:1,500,000</td></tr></table>]]></description><Point><coordinates>96.70907,20.27071</coordinates></Point></Placemark></Folder><Folder><name>Other industrial minerals</name><visibility>1</visibility><Placemark><name>Mi</name><visibility>1</visibility><Style><IconStyle><color>ff3ca69f</color><scale>1.0</scale><Icon><href>http://maps.google.com/mapfiles/kml/shapes/placemark_circle.png</href></Icon></IconStyle></Style><description><![CDATA[<table><tr><td><b>occ_id</b></td><td>8</td></tr><tr><td><b>group</b></td><td>INDUSTRIAL</td></tr><tr><td><b>group_en</b></td><td>Other industrial minerals</td></tr><tr><td><b>group_th</b></td><td>แร่อุตสาหกรรมอื่น</td></tr><tr><td><b>commodity</b></td><td>Mi</td></tr><tr><td><b>commodity_name</b></td><td>Mica</td></tr><tr><td><b>label_text</b></td><td>Mi</td></tr><tr><td><b>label_status</b></td><td>label read (OCR)</td></tr><tr><td><b>how</b></td><td>manual review</td></tr><tr><td><b>review</b></td><td>added: cand review</td></tr><tr><td><b>colour</b></td><td>-</td></tr><tr><td><b>sym_shape</b></td><td>(added in review)</td></tr><tr><td><b>in_shan</b></td><td>yes</td></tr><tr><td><b>state</b></td><td>Shan (East)</td></tr><tr><td><b>state_pcode</b></td><td>MMR016</td></tr><tr><td><b>lon</b></td><td>100.03413</td></tr><tr><td><b>lat</b></td><td>20.45134</td></tr><tr><td><b>source</b></td><td>ESCAP 1991 Mineral Resources Map of Myanmar 1:1,500,000</td></tr></table>]]></description><Point><coordinates>100.03413,20.45134</coordinates></Point></Placemark><Placemark><name>Ls</name><visibility>1</visibility><Style><IconStyle><color>ff3ca69f</color><scale>1.0</scale><Icon><href>http://maps.google.com/mapfiles/kml/shapes/placemark_circle.png</href></Icon></IconStyle></Style><description><![CDATA[<table><tr><td><b>occ_id</b></td><td>9</td></tr><tr><td><b>group</b></td><td>INDUSTRIAL</td></tr><tr><td><b>group_en</b></td><td>Other industrial minerals</td></tr><tr><td><b>group_th</b></td><td>แร่อุตสาหกรรมอื่น</td></tr><tr><td><b>commodity</b></td><td>Ls</td></tr><tr><td><b>commodity_name</b></td><td>Limestone</td></tr><tr><td><b>label_text</b></td><td>Ls</td></tr><tr><td><b>label_status</b></td><td>label read (OCR)</td></tr><tr><td><b>how</b></td><td>manual review</td></tr><tr><td><b>review</b></td><td>added: tile23 (check: may be just outside Shan)</td></tr><tr><td><b>colour</b></td><td>-</td></tr><tr><td><b>sym_shape</b></td><td>(added in review)</td></tr><tr><td><b>in_shan</b></td><td>yes</td></tr><tr><td><b>state</b></td><td>Shan (East)</td></tr><tr><td><b>state_pcode</b></td><td>MMR016</td></tr><tr><td><b>lon</b></td><td>99.75963</td></tr><tr><td><b>lat</b></td><td>20.39737</td></tr><tr><td><b>source</b></td><td>ESCAP 1991 Mineral Resources Map of Myanmar 1:1,500,000</td></tr></table>]]></description><Point><coordinates>99.75963,20.39737</coordinates></Point></Placemark><Placemark><name>Ls</name><visibility>1</visibility><Style><IconStyle><color>ff3ca69f</color><scale>1.0</scale><Icon><href>http://maps.google.com/mapfiles/kml/shapes/placemark_circle.png</href></Icon></IconStyle></Style><description><![CDATA[<table><tr><td><b>occ_id</b></td><td>31</td></tr><tr><td><b>group</b></td><td>INDUSTRIAL</td></tr><tr><td><b>group_en</b></td><td>Other industrial minerals</td></tr><tr><td><b>group_th</b></td><td>แร่อุตสาหกรรมอื่น</td></tr><tr><td><b>commodity</b></td><td>Ls</td></tr><tr><td><b>commodity_name</b></td><td>Limestone</td></tr><tr><td><b>label_text</b></td><td>Ls</td></tr><tr><td><b>label_status</b></td><td>label read (OCR)</td></tr><tr><td><b>how</b></td><td>manual review</td></tr><tr><td><b>review</b></td><td>added: tile04</td></tr><tr><td><b>colour</b></td><td>-</td></tr><tr><td><b>sym_shape</b></td><td>(added in review)</td></tr><tr><td><b>in_shan</b></td><td>yes</td></tr><tr><td><b>state</b></td><td>Shan (North)</td></tr><tr><td><b>state_pcode</b></td><td>MMR015</td></tr><tr><td><b>lon</b></td><td>97.73023</td></tr><tr><td><b>lat</b></td><td>23.00331</td></tr><tr><td><b>source</b></td><td>ESCAP 1991 Mineral Resources Map of Myanmar 1:1,500,000</td></tr></table>]]></description><Point><coordinates>97.73023,23.00331</coordinates></Point></Placemark><Placemark><name>Ls</name><visibility>1</visibility><Style><IconStyle><color>ff3ca69f</color><scale>1.0</scale><Icon><href>http://maps.google.com/mapfiles/kml/shapes/placemark_circle.png</href></Icon></IconStyle></Style><description><![CDATA[<table><tr><td><b>occ_id</b></td><td>36</td></tr><tr><td><b>group</b></td><td>INDUSTRIAL</td></tr><tr><td><b>group_en</b></td><td>Other industrial minerals</td></tr><tr><td><b>group_th</b></td><td>แร่อุตสาหกรรมอื่น</td></tr><tr><td><b>commodity</b></td><td>Ls</td></tr><tr><td><b>commodity_name</b></td><td>Limestone</td></tr><tr><td><b>label_text</b></td><td>ES,2</td></tr><tr><td><b>label_status</b></td><td>label read (OCR)</td></tr><tr><td><b>label_ocr_score</b></td><td>0.719</td></tr><tr><td><b>how</b></td><td>symbol</td></tr><tr><td><b>review</b></td><td>auto</td></tr><tr><td><b>colour</b></td><td>OLIVE</td></tr><tr><td><b>sym_shape</b></td><td>triangle (up)</td></tr><tr><td><b>in_shan</b></td><td>yes</td></tr><tr><td><b>state</b></td><td>Shan (North)</td></tr><tr><td><b>state_pcode</b></td><td>MMR015</td></tr><tr><td><b>lon</b></td><td>97.65073</td></tr><tr><td><b>lat</b></td><td>22.7395</td></tr><tr><td><b>source</b></td><td>ESCAP 1991 Mineral Resources Map of Myanmar 1:1,500,000</td></tr></table>]]></description><Point><coordinates>97.65073,22.7395</coordinates></Point></Placemark><Placemark><name>Ls,Mn</name><visibility>1</visibility><Style><IconStyle><color>ff3ca69f</color><scale>1.0</scale><Icon><href>http://maps.google.com/mapfiles/kml/shapes/placemark_circle.png</href></Icon></IconStyle></Style><description><![CDATA[<table><tr><td><b>occ_id</b></td><td>69</td></tr><tr><td><b>group</b></td><td>INDUSTRIAL</td></tr><tr><td><b>group_en</b></td><td>Other industrial minerals</td></tr><tr><td><b>group_th</b></td><td>แร่อุตสาหกรรมอื่น</td></tr><tr><td><b>commodity</b></td><td>Ls,Mn</td></tr><tr><td><b>commodity_name</b></td><td>Limestone, Manganese</td></tr><tr><td><b>label_text</b></td><td>Ls,Mn</td></tr><tr><td><b>label_status</b></td><td>label read (OCR)</td></tr><tr><td><b>how</b></td><td>symbol</td></tr><tr><td><b>review</b></td><td>checked: tile20</td></tr><tr><td><b>colour</b></td><td>OLIVE</td></tr><tr><td><b>sym_shape</b></td><td>half-disc (flat top)</td></tr><tr><td><b>in_shan</b></td><td>yes</td></tr><tr><td><b>state</b></td><td>Shan (South)</td></tr><tr><td><b>state_pcode</b></td><td>MMR014</td></tr><tr><td><b>lon</b></td><td>96.63732</td></tr><tr><td><b>lat</b></td><td>20.69637</td></tr><tr><td><b>source</b></td><td>ESCAP 1991 Mineral Resources Map of Myanmar 1:1,500,000</td></tr></table>]]></description><Point><coordinates>96.63732,20.69637</coordinates></Point></Placemark><Placemark><name>Bx</name><visibility>1</visibility><Style><IconStyle><color>ff3ca69f</color><scale>1.0</scale><Icon><href>http://maps.google.com/mapfiles/kml/shapes/placemark_circle.png</href></Icon></IconStyle></Style><description><![CDATA[<table><tr><td><b>occ_id</b></td><td>75</td></tr><tr><td><b>group</b></td><td>INDUSTRIAL</td></tr><tr><td><b>group_en</b></td><td>Other industrial minerals</td></tr><tr><td><b>group_th</b></td><td>แร่อุตสาหกรรมอื่น</td></tr><tr><td><b>commodity</b></td><td>Bx</td></tr><tr><td><b>commodity_name</b></td><td>Bauxite</td></tr><tr><td><b>label_text</b></td><td>Bx</td></tr><tr><td><b>label_status</b></td><td>label read (OCR)</td></tr><tr><td><b>how</b></td><td>symbol</td></tr><tr><td><b>review</b></td><td>checked: tile20</td></tr><tr><td><b>colour</b></td><td>OLIVE</td></tr><tr><td><b>sym_shape</b></td><td>diamond</td></tr><tr><td><b>in_shan</b></td><td>yes</td></tr><tr><td><b>state</b></td><td>Shan (South)</td></tr><tr><td><b>state_pcode</b></td><td>MMR014</td></tr><tr><td><b>lon</b></td><td>96.54955</td></tr><tr><td><b>lat</b></td><td>20.50856</td></tr><tr><td><b>source</b></td><td>ESCAP 1991 Mineral Resources Map of Myanmar 1:1,500,000</td></tr></table>]]></description><Point><coordinates>96.54955,20.50856</coordinates></Point></Placemark><Placemark><name>Gr</name><visibility>1</visibility><Style><IconStyle><color>ff3ca69f</color><scale>1.0</scale><Icon><href>http://maps.google.com/mapfiles/kml/shapes/placemark_circle.png</href></Icon></IconStyle></Style><description><![CDATA[<table><tr><td><b>occ_id</b></td><td>82</td></tr><tr><td><b>group</b></td><td>INDUSTRIAL</td></tr><tr><td><b>group_en</b></td><td>Other industrial minerals</td></tr><tr><td><b>group_th</b></td><td>แร่อุตสาหกรรมอื่น</td></tr><tr><td><b>commodity</b></td><td>Gr</td></tr><tr><td><b>commodity_name</b></td><td>Graphite</td></tr><tr><td><b>label_text</b></td><td>Gr</td></tr><tr><td><b>label_status</b></td><td>label read (OCR)</td></tr><tr><td><b>how</b></td><td>manual review</td></tr><tr><td><b>review</b></td><td>added: tile26 graphite (olive half-disc)</td></tr><tr><td><b>colour</b></td><td>-</td></tr><tr><td><b>sym_shape</b></td><td>(added in review)</td></tr><tr><td><b>in_shan</b></td><td>yes</td></tr><tr><td><b>state</b></td><td>Shan (South)</td></tr><tr><td><b>state_pcode</b></td><td>MMR014</td></tr><tr><td><b>lon</b></td><td>97.67194</td></tr><tr><td><b>lat</b></td><td>20.1022</td></tr><tr><td><b>source</b></td><td>ESCAP 1991 Mineral Resources Map of Myanmar 1:1,500,000</td></tr></table>]]></description><Point><coordinates>97.67194,20.1022</coordinates></Point></Placemark></Folder><Folder><name>Precious metals</name><visibility>1</visibility><Placemark><name>Au</name><visibility>1</visibility><Style><IconStyle><color>ff1cc2e8</color><scale>1.0</scale><Icon><href>http://maps.google.com/mapfiles/kml/shapes/placemark_circle.png</href></Icon></IconStyle></Style><description><![CDATA[<table><tr><td><b>occ_id</b></td><td>5</td></tr><tr><td><b>group</b></td><td>PRECIOUS</td></tr><tr><td><b>group_en</b></td><td>Precious metals</td></tr><tr><td><b>group_th</b></td><td>โลหะมีค่า</td></tr><tr><td><b>commodity</b></td><td>Au</td></tr><tr><td><b>commodity_name</b></td><td>Gold</td></tr><tr><td><b>label_text</b></td><td>Au</td></tr><tr><td><b>label_status</b></td><td>label read (OCR)</td></tr><tr><td><b>how</b></td><td>manual review</td></tr><tr><td><b>review</b></td><td>added: cand review Keng Tung</td></tr><tr><td><b>colour</b></td><td>-</td></tr><tr><td><b>sym_shape</b></td><td>(added in review)</td></tr><tr><td><b>in_shan</b></td><td>yes</td></tr><tr><td><b>state</b></td><td>Shan (East)</td></tr><tr><td><b>state_pcode</b></td><td>MMR016</td></tr><tr><td><b>lon</b></td><td>99.55118</td></tr><tr><td><b>lat</b></td><td>21.25807</td></tr><tr><td><b>source</b></td><td>ESCAP 1991 Mineral Resources Map of Myanmar 1:1,500,000</td></tr></table>]]></description><Point><coordinates>99.55118,21.25807</coordinates></Point></Placemark><Placemark><name>Au</name><visibility>1</visibility><Style><IconStyle><color>ff1cc2e8</color><scale>1.0</scale><Icon><href>http://maps.google.com/mapfiles/kml/shapes/placemark_circle.png</href></Icon></IconStyle></Style><description><![CDATA[<table><tr><td><b>occ_id</b></td><td>12</td></tr><tr><td><b>group</b></td><td>PRECIOUS</td></tr><tr><td><b>group_en</b></td><td>Precious metals</td></tr><tr><td><b>group_th</b></td><td>โลหะมีค่า</td></tr><tr><td><b>commodity</b></td><td>Au</td></tr><tr><td><b>commodity_name</b></td><td>Gold</td></tr><tr><td><b>label_text</b></td><td>Au</td></tr><tr><td><b>label_status</b></td><td>label read (OCR)</td></tr><tr><td><b>how</b></td><td>symbol</td></tr><tr><td><b>review</b></td><td>checked: tile01 near Muse</td></tr><tr><td><b>colour</b></td><td>YELLOW</td></tr><tr><td><b>sym_shape</b></td><td>triangle (up)</td></tr><tr><td><b>in_shan</b></td><td>yes</td></tr><tr><td><b>state</b></td><td>Shan (North)</td></tr><tr><td><b>state_pcode</b></td><td>MMR015</td></tr><tr><td><b>lon</b></td><td>97.91281</td></tr><tr><td><b>lat</b></td><td>23.79037</td></tr><tr><td><b>source</b></td><td>ESCAP 1991 Mineral Resources Map of Myanmar 1:1,500,000</td></tr></table>]]></description><Point><coordinates>97.91281,23.79037</coordinates></Point></Placemark><Placemark><name>Au</name><visibility>1</visibility><Style><IconStyle><color>ff1cc2e8</color><scale>1.0</scale><Icon><href>http://maps.google.com/mapfiles/kml/shapes/placemark_circle.png</href></Icon></IconStyle></Style><description><![CDATA[<table><tr><td><b>occ_id</b></td><td>16</td></tr><tr><td><b>group</b></td><td>PRECIOUS</td></tr><tr><td><b>group_en</b></td><td>Precious metals</td></tr><tr><td><b>group_th</b></td><td>โลหะมีค่า</td></tr><tr><td><b>commodity</b></td><td>Au</td></tr><tr><td><b>commodity_name</b></td><td>Gold</td></tr><tr><td><b>label_text</b></td><td>Au</td></tr><tr><td><b>label_status</b></td><td>label read (OCR)</td></tr><tr><td><b>how</b></td><td>symbol</td></tr><tr><td><b>review</b></td><td>checked: shan recheck</td></tr><tr><td><b>colour</b></td><td>YELLOW</td></tr><tr><td><b>sym_shape</b></td><td>triangle (up)</td></tr><tr><td><b>in_shan</b></td><td>yes</td></tr><tr><td><b>state</b></td><td>Shan (North)</td></tr><tr><td><b>state_pcode</b></td><td>MMR015</td></tr><tr><td><b>lon</b></td><td>97.87115</td></tr><tr><td><b>lat</b></td><td>23.62328</td></tr><tr><td><b>source</b></td><td>ESCAP 1991 Mineral Resources Map of Myanmar 1:1,500,000</td></tr></table>]]></description><Point><coordinates>97.87115,23.62328</coordinates></Point></Placemark><Placemark><name>Au</name><visibility>1</visibility><Style><IconStyle><color>ff1cc2e8</color><scale>1.0</scale><Icon><href>http://maps.google.com/mapfiles/kml/shapes/placemark_circle.png</href></Icon></IconStyle></Style><description><![CDATA[<table><tr><td><b>occ_id</b></td><td>19</td></tr><tr><td><b>group</b></td><td>PRECIOUS</td></tr><tr><td><b>group_en</b></td><td>Precious metals</td></tr><tr><td><b>group_th</b></td><td>โลหะมีค่า</td></tr><tr><td><b>commodity</b></td><td>Au</td></tr><tr><td><b>commodity_name</b></td><td>Gold</td></tr><tr><td><b>label_text</b></td><td>Au</td></tr><tr><td><b>label_status</b></td><td>label read (OCR)</td></tr><tr><td><b>how</b></td><td>symbol</td></tr><tr><td><b>review</b></td><td>checked: tile03</td></tr><tr><td><b>colour</b></td><td>YELLOW</td></tr><tr><td><b>sym_shape</b></td><td>other</td></tr><tr><td><b>in_shan</b></td><td>yes</td></tr><tr><td><b>state</b></td><td>Shan (North)</td></tr><tr><td><b>state_pcode</b></td><td>MMR015</td></tr><tr><td><b>lon</b></td><td>96.64467</td></tr><tr><td><b>lat</b></td><td>23.39411</td></tr><tr><td><b>source</b></td><td>ESCAP 1991 Mineral Resources Map of Myanmar 1:1,500,000</td></tr></table>]]></description><Point><coordinates>96.64467,23.39411</coordinates></Point></Placemark><Placemark><name>Au</name><visibility>1</visibility><Style><IconStyle><color>ff1cc2e8</color><scale>1.0</scale><Icon><href>http://maps.google.com/mapfiles/kml/shapes/placemark_circle.png</href></Icon></IconStyle></Style><description><![CDATA[<table><tr><td><b>occ_id</b></td><td>23</td></tr><tr><td><b>group</b></td><td>PRECIOUS</td></tr><tr><td><b>group_en</b></td><td>Precious metals</td></tr><tr><td><b>group_th</b></td><td>โลหะมีค่า</td></tr><tr><td><b>commodity</b></td><td>Au</td></tr><tr><td><b>commodity_name</b></td><td>Gold</td></tr><tr><td><b>label_text</b></td><td>Au</td></tr><tr><td><b>label_status</b></td><td>label read (OCR)</td></tr><tr><td><b>label_ocr_score</b></td><td>0.968</td></tr><tr><td><b>how</b></td><td>symbol</td></tr><tr><td><b>review</b></td><td>auto</td></tr><tr><td><b>colour</b></td><td>YELLOW</td></tr><tr><td><b>sym_shape</b></td><td>triangle (up)</td></tr><tr><td><b>in_shan</b></td><td>yes</td></tr><tr><td><b>state</b></td><td>Shan (North)</td></tr><tr><td><b>state_pcode</b></td><td>MMR015</td></tr><tr><td><b>lon</b></td><td>96.55906</td></tr><tr><td><b>lat</b></td><td>23.27557</td></tr><tr><td><b>source</b></td><td>ESCAP 1991 Mineral Resources Map of Myanmar 1:1,500,000</td></tr></table>]]></description><Point><coordinates>96.55906,23.27557</coordinates></Point></Placemark><Placemark><name>Au</name><visibility>1</visibility><Style><IconStyle><color>ff1cc2e8</color><scale>1.0</scale><Icon><href>http://maps.google.com/mapfiles/kml/shapes/placemark_circle.png</href></Icon></IconStyle></Style><description><![CDATA[<table><tr><td><b>occ_id</b></td><td>26</td></tr><tr><td><b>group</b></td><td>PRECIOUS</td></tr><tr><td><b>group_en</b></td><td>Precious metals</td></tr><tr><td><b>group_th</b></td><td>โลหะมีค่า</td></tr><tr><td><b>commodity</b></td><td>Au</td></tr><tr><td><b>commodity_name</b></td><td>Gold</td></tr><tr><td><b>label_text</b></td><td>Au</td></tr><tr><td><b>label_status</b></td><td>label read (OCR)</td></tr><tr><td><b>how</b></td><td>symbol</td></tr><tr><td><b>review</b></td><td>checked: tile03</td></tr><tr><td><b>colour</b></td><td>YELLOW</td></tr><tr><td><b>sym_shape</b></td><td>triangle (up)</td></tr><tr><td><b>in_shan</b></td><td>yes</td></tr><tr><td><b>state</b></td><td>Shan (North)</td></tr><tr><td><b>state_pcode</b></td><td>MMR015</td></tr><tr><td><b>lon</b></td><td>96.20282</td></tr><tr><td><b>lat</b></td><td>23.08485</td></tr><tr><td><b>source</b></td><td>ESCAP 1991 Mineral Resources Map of Myanmar 1:1,500,000</td></tr></table>]]></description><Point><coordinates>96.20282,23.08485</coordinates></Point></Placemark><Placemark><name>Au</name><visibility>1</visibility><Style><IconStyle><color>ff1cc2e8</color><scale>1.0</scale><Icon><href>http://maps.google.com/mapfiles/kml/shapes/placemark_circle.png</href></Icon></IconStyle></Style><description><![CDATA[<table><tr><td><b>occ_id</b></td><td>27</td></tr><tr><td><b>group</b></td><td>PRECIOUS</td></tr><tr><td><b>group_en</b></td><td>Precious metals</td></tr><tr><td><b>group_th</b></td><td>โลหะมีค่า</td></tr><tr><td><b>commodity</b></td><td>Au</td></tr><tr><td><b>commodity_name</b></td><td>Gold</td></tr><tr><td><b>label_text</b></td><td>Au</td></tr><tr><td><b>label_status</b></td><td>label read (OCR)</td></tr><tr><td><b>how</b></td><td>symbol</td></tr><tr><td><b>review</b></td><td>checked: tile04 Bawdwin Mines</td></tr><tr><td><b>colour</b></td><td>YELLOW</td></tr><tr><td><b>sym_shape</b></td><td>diamond</td></tr><tr><td><b>in_shan</b></td><td>yes</td></tr><tr><td><b>state</b></td><td>Shan (North)</td></tr><tr><td><b>state_pcode</b></td><td>MMR015</td></tr><tr><td><b>lon</b></td><td>97.27599</td></tr><tr><td><b>lat</b></td><td>23.08358</td></tr><tr><td><b>source</b></td><td>ESCAP 1991 Mineral Resources Map of Myanmar 1:1,500,000</td></tr></table>]]></description><Point><coordinates>97.27599,23.08358</coordinates></Point></Placemark><Placemark><name>Au</name><visibility>1</visibility><Style><IconStyle><color>ff1cc2e8</color><scale>1.0</scale><Icon><href>http://maps.google.com/mapfiles/kml/shapes/placemark_circle.png</href></Icon></IconStyle></Style><description><![CDATA[<table><tr><td><b>occ_id</b></td><td>29</td></tr><tr><td><b>group</b></td><td>PRECIOUS</td></tr><tr><td><b>group_en</b></td><td>Precious metals</td></tr><tr><td><b>group_th</b></td><td>โลหะมีค่า</td></tr><tr><td><b>commodity</b></td><td>Au</td></tr><tr><td><b>commodity_name</b></td><td>Gold</td></tr><tr><td><b>label_text</b></td><td>Au</td></tr><tr><td><b>label_status</b></td><td>label read (OCR)</td></tr><tr><td><b>how</b></td><td>manual review</td></tr><tr><td><b>review</b></td><td>added: tile05</td></tr><tr><td><b>colour</b></td><td>-</td></tr><tr><td><b>sym_shape</b></td><td>(added in review)</td></tr><tr><td><b>in_shan</b></td><td>yes</td></tr><tr><td><b>state</b></td><td>Shan (North)</td></tr><tr><td><b>state_pcode</b></td><td>MMR015</td></tr><tr><td><b>lon</b></td><td>98.87231</td></tr><tr><td><b>lat</b></td><td>23.06162</td></tr><tr><td><b>source</b></td><td>ESCAP 1991 Mineral Resources Map of Myanmar 1:1,500,000</td></tr></table>]]></description><Point><coordinates>98.87231,23.06162</coordinates></Point></Placemark><Placemark><name>Au</name><visibility>1</visibility><Style><IconStyle><color>ff1cc2e8</color><scale>1.0</scale><Icon><href>http://maps.google.com/mapfiles/kml/shapes/placemark_circle.png</href></Icon></IconStyle></Style><description><![CDATA[<table><tr><td><b>occ_id</b></td><td>34</td></tr><tr><td><b>group</b></td><td>PRECIOUS</td></tr><tr><td><b>group_en</b></td><td>Precious metals</td></tr><tr><td><b>group_th</b></td><td>โลหะมีค่า</td></tr><tr><td><b>commodity</b></td><td>Au</td></tr><tr><td><b>commodity_name</b></td><td>Gold</td></tr><tr><td><b>label_text</b></td><td>Au</td></tr><tr><td><b>label_status</b></td><td>label read (OCR)</td></tr><tr><td><b>how</b></td><td>symbol</td></tr><tr><td><b>review</b></td><td>checked: tile09</td></tr><tr><td><b>colour</b></td><td>YELLOW</td></tr><tr><td><b>sym_shape</b></td><td>triangle (up)</td></tr><tr><td><b>in_shan</b></td><td>yes</td></tr><tr><td><b>state</b></td><td>Shan (North)</td></tr><tr><td><b>state_pcode</b></td><td>MMR015</td></tr><tr><td><b>lon</b></td><td>98.26344</td></tr><tr><td><b>lat</b></td><td>22.86059</td></tr><tr><td><b>source</b></td><td>ESCAP 1991 Mineral Resources Map of Myanmar 1:1,500,000</td></tr></table>]]></description><Point><coordinates>98.26344,22.86059</coordinates></Point></Placemark><Placemark><name>Au</name><visibility>1</visibility><Style><IconStyle><color>ff1cc2e8</color><scale>1.0</scale><Icon><href>http://maps.google.com/mapfiles/kml/shapes/placemark_circle.png</href></Icon></IconStyle></Style><description><![CDATA[<table><tr><td><b>occ_id</b></td><td>35</td></tr><tr><td><b>group</b></td><td>PRECIOUS</td></tr><tr><td><b>group_en</b></td><td>Precious metals</td></tr><tr><td><b>group_th</b></td><td>โลหะมีค่า</td></tr><tr><td><b>commodity</b></td><td>Au</td></tr><tr><td><b>commodity_name</b></td><td>Gold</td></tr><tr><td><b>label_text</b></td><td>Au</td></tr><tr><td><b>label_status</b></td><td>label read (OCR)</td></tr><tr><td><b>how</b></td><td>symbol</td></tr><tr><td><b>review</b></td><td>checked: tile09</td></tr><tr><td><b>colour</b></td><td>YELLOW</td></tr><tr><td><b>sym_shape</b></td><td>triangle (up)</td></tr><tr><td><b>in_shan</b></td><td>yes</td></tr><tr><td><b>state</b></td><td>Shan (North)</td></tr><tr><td><b>state_pcode</b></td><td>MMR015</td></tr><tr><td><b>lon</b></td><td>98.41174</td></tr><tr><td><b>lat</b></td><td>22.83263</td></tr><tr><td><b>source</b></td><td>ESCAP 1991 Mineral Resources Map of Myanmar 1:1,500,000</td></tr></table>]]></description><Point><coordinates>98.41174,22.83263</coordinates></Point></Placemark><Placemark><name>Au</name><visibility>1</visibility><Style><IconStyle><color>ff1cc2e8</color><scale>1.0</scale><Icon><href>http://maps.google.com/mapfiles/kml/shapes/placemark_circle.png</href></Icon></IconStyle></Style><description><![CDATA[<table><tr><td><b>occ_id</b></td><td>46</td></tr><tr><td><b>group</b></td><td>PRECIOUS</td></tr><tr><td><b>group_en</b></td><td>Precious metals</td></tr><tr><td><b>group_th</b></td><td>โลหะมีค่า</td></tr><tr><td><b>commodity</b></td><td>Au</td></tr><tr><td><b>commodity_name</b></td><td>Gold</td></tr><tr><td><b>label_text</b></td><td>Au</td></tr><tr><td><b>label_status</b></td><td>label read (OCR)</td></tr><tr><td><b>label_ocr_score</b></td><td>0.617</td></tr><tr><td><b>how</b></td><td>symbol</td></tr><tr><td><b>review</b></td><td>checked: cand review</td></tr><tr><td><b>colour</b></td><td>YELLOW</td></tr><tr><td><b>sym_shape</b></td><td>other</td></tr><tr><td><b>in_shan</b></td><td>yes</td></tr><tr><td><b>state</b></td><td>Shan (South)</td></tr><tr><td><b>state_pcode</b></td><td>MMR014</td></tr><tr><td><b>lon</b></td><td>97.58737</td></tr><tr><td><b>lat</b></td><td>21.85033</td></tr><tr><td><b>source</b></td><td>ESCAP 1991 Mineral Resources Map of Myanmar 1:1,500,000</td></tr></table>]]></description><Point><coordinates>97.58737,21.85033</coordinates></Point></Placemark><Placemark><name>Au</name><visibility>1</visibility><Style><IconStyle><color>ff1cc2e8</color><scale>1.0</scale><Icon><href>http://maps.google.com/mapfiles/kml/shapes/placemark_circle.png</href></Icon></IconStyle></Style><description><![CDATA[<table><tr><td><b>occ_id</b></td><td>54</td></tr><tr><td><b>group</b></td><td>PRECIOUS</td></tr><tr><td><b>group_en</b></td><td>Precious metals</td></tr><tr><td><b>group_th</b></td><td>โลหะมีค่า</td></tr><tr><td><b>commodity</b></td><td>Au</td></tr><tr><td><b>commodity_name</b></td><td>Gold</td></tr><tr><td><b>label_text</b></td><td>Au.</td></tr><tr><td><b>label_status</b></td><td>label read (OCR)</td></tr><tr><td><b>label_ocr_score</b></td><td>0.685</td></tr><tr><td><b>how</b></td><td>symbol</td></tr><tr><td><b>review</b></td><td>auto</td></tr><tr><td><b>colour</b></td><td>YELLOW</td></tr><tr><td><b>sym_shape</b></td><td>triangle (up)</td></tr><tr><td><b>in_shan</b></td><td>yes</td></tr><tr><td><b>state</b></td><td>Shan (South)</td></tr><tr><td><b>state_pcode</b></td><td>MMR014</td></tr><tr><td><b>lon</b></td><td>96.32356</td></tr><tr><td><b>lat</b></td><td>21.40026</td></tr><tr><td><b>source</b></td><td>ESCAP 1991 Mineral Resources Map of Myanmar 1:1,500,000</td></tr></table>]]></description><Point><coordinates>96.32356,21.40026</coordinates></Point></Placemark></Folder><Folder><name>Precious stones</name><visibility>1</visibility><Placemark><name>Saph</name><visibility>1</visibility><Style><IconStyle><color>ffc69be5</color><scale>1.0</scale><Icon><href>http://maps.google.com/mapfiles/kml/shapes/placemark_circle.png</href></Icon></IconStyle></Style><description><![CDATA[<table><tr><td><b>occ_id</b></td><td>2</td></tr><tr><td><b>group</b></td><td>STONES</td></tr><tr><td><b>group_en</b></td><td>Precious stones</td></tr><tr><td><b>group_th</b></td><td>อัญมณี</td></tr><tr><td><b>commodity</b></td><td>Saph</td></tr><tr><td><b>commodity_name</b></td><td>Sapphire</td></tr><tr><td><b>label_text</b></td><td>Saph</td></tr><tr><td><b>label_status</b></td><td>label read (OCR)</td></tr><tr><td><b>label_ocr_score</b></td><td>0.979</td></tr><tr><td><b>how</b></td><td>label only</td></tr><tr><td><b>review</b></td><td>auto</td></tr><tr><td><b>colour</b></td><td>-</td></tr><tr><td><b>sym_shape</b></td><td>(symbol not recognised)</td></tr><tr><td><b>in_shan</b></td><td>yes</td></tr><tr><td><b>state</b></td><td>Shan (East)</td></tr><tr><td><b>state_pcode</b></td><td>MMR016</td></tr><tr><td><b>lon</b></td><td>99.29999</td></tr><tr><td><b>lat</b></td><td>21.68354</td></tr><tr><td><b>source</b></td><td>ESCAP 1991 Mineral Resources Map of Myanmar 1:1,500,000</td></tr></table>]]></description><Point><coordinates>99.29999,21.68354</coordinates></Point></Placemark><Placemark><name>Ru</name><visibility>1</visibility><Style><IconStyle><color>ffc69be5</color><scale>1.0</scale><Icon><href>http://maps.google.com/mapfiles/kml/shapes/placemark_circle.png</href></Icon></IconStyle></Style><description><![CDATA[<table><tr><td><b>occ_id</b></td><td>14</td></tr><tr><td><b>group</b></td><td>STONES</td></tr><tr><td><b>group_en</b></td><td>Precious stones</td></tr><tr><td><b>group_th</b></td><td>อัญมณี</td></tr><tr><td><b>commodity</b></td><td>Ru</td></tr><tr><td><b>commodity_name</b></td><td>Ruby</td></tr><tr><td><b>label_text</b></td><td>Ru</td></tr><tr><td><b>label_status</b></td><td>label read (OCR)</td></tr><tr><td><b>how</b></td><td>manual review</td></tr><tr><td><b>review</b></td><td>added: cand review</td></tr><tr><td><b>colour</b></td><td>-</td></tr><tr><td><b>sym_shape</b></td><td>(added in review)</td></tr><tr><td><b>in_shan</b></td><td>yes</td></tr><tr><td><b>state</b></td><td>Shan (North)</td></tr><tr><td><b>state_pcode</b></td><td>MMR015</td></tr><tr><td><b>lon</b></td><td>97.40583</td></tr><tr><td><b>lat</b></td><td>23.669</td></tr><tr><td><b>source</b></td><td>ESCAP 1991 Mineral Resources Map of Myanmar 1:1,500,000</td></tr></table>]]></description><Point><coordinates>97.40583,23.669</coordinates></Point></Placemark><Placemark><name>Ru</name><visibility>1</visibility><Style><IconStyle><color>ffc69be5</color><scale>1.0</scale><Icon><href>http://maps.google.com/mapfiles/kml/shapes/placemark_circle.png</href></Icon></IconStyle></Style><description><![CDATA[<table><tr><td><b>occ_id</b></td><td>17</td></tr><tr><td><b>group</b></td><td>STONES</td></tr><tr><td><b>group_en</b></td><td>Precious stones</td></tr><tr><td><b>group_th</b></td><td>อัญมณี</td></tr><tr><td><b>commodity</b></td><td>Ru</td></tr><tr><td><b>commodity_name</b></td><td>Ruby</td></tr><tr><td><b>label_text</b></td><td>Ru</td></tr><tr><td><b>label_status</b></td><td>label read (OCR)</td></tr><tr><td><b>how</b></td><td>manual review</td></tr><tr><td><b>review</b></td><td>added: tile04</td></tr><tr><td><b>colour</b></td><td>-</td></tr><tr><td><b>sym_shape</b></td><td>(added in review)</td></tr><tr><td><b>in_shan</b></td><td>yes</td></tr><tr><td><b>state</b></td><td>Shan (North)</td></tr><tr><td><b>state_pcode</b></td><td>MMR015</td></tr><tr><td><b>lon</b></td><td>97.39668</td></tr><tr><td><b>lat</b></td><td>23.55106</td></tr><tr><td><b>source</b></td><td>ESCAP 1991 Mineral Resources Map of Myanmar 1:1,500,000</td></tr></table>]]></description><Point><coordinates>97.39668,23.55106</coordinates></Point></Placemark><Placemark><name>Di</name><visibility>1</visibility><Style><IconStyle><color>ffc69be5</color><scale>1.0</scale><Icon><href>http://maps.google.com/mapfiles/kml/shapes/placemark_circle.png</href></Icon></IconStyle></Style><description><![CDATA[<table><tr><td><b>occ_id</b></td><td>25</td></tr><tr><td><b>group</b></td><td>STONES</td></tr><tr><td><b>group_en</b></td><td>Precious stones</td></tr><tr><td><b>group_th</b></td><td>อัญมณี</td></tr><tr><td><b>commodity</b></td><td>Di</td></tr><tr><td><b>commodity_name</b></td><td>Diamonds</td></tr><tr><td><b>label_text</b></td><td>Di</td></tr><tr><td><b>label_status</b></td><td>label read (OCR)</td></tr><tr><td><b>label_ocr_score</b></td><td>0.99</td></tr><tr><td><b>how</b></td><td>label only</td></tr><tr><td><b>review</b></td><td>auto</td></tr><tr><td><b>colour</b></td><td>-</td></tr><tr><td><b>sym_shape</b></td><td>(symbol not recognised)</td></tr><tr><td><b>in_shan</b></td><td>yes</td></tr><tr><td><b>state</b></td><td>Shan (North)</td></tr><tr><td><b>state_pcode</b></td><td>MMR015</td></tr><tr><td><b>lon</b></td><td>96.39607</td></tr><tr><td><b>lat</b></td><td>23.09875</td></tr><tr><td><b>source</b></td><td>ESCAP 1991 Mineral Resources Map of Myanmar 1:1,500,000</td></tr></table>]]></description><Point><coordinates>96.39607,23.09875</coordinates></Point></Placemark><Placemark><name>Ru</name><visibility>1</visibility><Style><IconStyle><color>ffc69be5</color><scale>1.0</scale><Icon><href>http://maps.google.com/mapfiles/kml/shapes/placemark_circle.png</href></Icon></IconStyle></Style><description><![CDATA[<table><tr><td><b>occ_id</b></td><td>30</td></tr><tr><td><b>group</b></td><td>STONES</td></tr><tr><td><b>group_en</b></td><td>Precious stones</td></tr><tr><td><b>group_th</b></td><td>อัญมณี</td></tr><tr><td><b>commodity</b></td><td>Ru</td></tr><tr><td><b>commodity_name</b></td><td>Ruby</td></tr><tr><td><b>label_text</b></td><td>Ru</td></tr><tr><td><b>label_status</b></td><td>label read (OCR)</td></tr><tr><td><b>how</b></td><td>manual review</td></tr><tr><td><b>review</b></td><td>added: shan recheck</td></tr><tr><td><b>colour</b></td><td>-</td></tr><tr><td><b>sym_shape</b></td><td>(added in review)</td></tr><tr><td><b>in_shan</b></td><td>yes</td></tr><tr><td><b>state</b></td><td>Shan (North)</td></tr><tr><td><b>state_pcode</b></td><td>MMR015</td></tr><tr><td><b>lon</b></td><td>96.36095</td></tr><tr><td><b>lat</b></td><td>23.02797</td></tr><tr><td><b>source</b></td><td>ESCAP 1991 Mineral Resources Map of Myanmar 1:1,500,000</td></tr></table>]]></description><Point><coordinates>96.36095,23.02797</coordinates></Point></Placemark></Folder><Folder><name>Radioactive elements</name><visibility>1</visibility><Placemark><name>U</name><visibility>1</visibility><Style><IconStyle><color>ff5f73e2</color><scale>1.0</scale><Icon><href>http://maps.google.com/mapfiles/kml/shapes/placemark_circle.png</href></Icon></IconStyle></Style><description><![CDATA[<table><tr><td><b>occ_id</b></td><td>67</td></tr><tr><td><b>group</b></td><td>RADIO</td></tr><tr><td><b>group_en</b></td><td>Radioactive elements</td></tr><tr><td><b>group_th</b></td><td>ธาตุกัมมันตรังสี</td></tr><tr><td><b>commodity</b></td><td>U</td></tr><tr><td><b>commodity_name</b></td><td>Uranium</td></tr><tr><td><b>label_text</b></td><td>U</td></tr><tr><td><b>label_status</b></td><td>label read (OCR)</td></tr><tr><td><b>how</b></td><td>symbol</td></tr><tr><td><b>review</b></td><td>checked: tile21 salmon inverted triangle east of Taunggyi</td></tr><tr><td><b>colour</b></td><td>SALMON</td></tr><tr><td><b>sym_shape</b></td><td>triangle (down)</td></tr><tr><td><b>in_shan</b></td><td>yes</td></tr><tr><td><b>state</b></td><td>Shan (South)</td></tr><tr><td><b>state_pcode</b></td><td>MMR014</td></tr><tr><td><b>lon</b></td><td>97.11622</td></tr><tr><td><b>lat</b></td><td>20.71952</td></tr><tr><td><b>source</b></td><td>ESCAP 1991 Mineral Resources Map of Myanmar 1:1,500,000</td></tr></table>]]></description><Point><coordinates>97.11622,20.71952</coordinates></Point></Placemark></Folder><Folder><name>Rare metals and rare earth elements</name><visibility>1</visibility><Placemark><name>Nb</name><visibility>1</visibility><Style><IconStyle><color>ff7a3d9b</color><scale>1.0</scale><Icon><href>http://maps.google.com/mapfiles/kml/shapes/placemark_circle.png</href></Icon></IconStyle></Style><description><![CDATA[<table><tr><td><b>occ_id</b></td><td>52</td></tr><tr><td><b>group</b></td><td>RARE</td></tr><tr><td><b>group_en</b></td><td>Rare metals and rare earth elements</td></tr><tr><td><b>group_th</b></td><td>โลหะหายากและธาตุหายาก</td></tr><tr><td><b>commodity</b></td><td>Nb</td></tr><tr><td><b>commodity_name</b></td><td>Niobium and tantalum</td></tr><tr><td><b>label_text</b></td><td>Nb</td></tr><tr><td><b>label_status</b></td><td>label read (OCR)</td></tr><tr><td><b>label_ocr_score</b></td><td>0.988</td></tr><tr><td><b>how</b></td><td>symbol</td></tr><tr><td><b>review</b></td><td>checked: tile12</td></tr><tr><td><b>colour</b></td><td>PURPLE</td></tr><tr><td><b>sym_shape</b></td><td>triangle (down)</td></tr><tr><td><b>in_shan</b></td><td>yes</td></tr><tr><td><b>state</b></td><td>Shan (South)</td></tr><tr><td><b>state_pcode</b></td><td>MMR014</td></tr><tr><td><b>lon</b></td><td>97.47189</td></tr><tr><td><b>lat</b></td><td>21.58862</td></tr><tr><td><b>source</b></td><td>ESCAP 1991 Mineral Resources Map of Myanmar 1:1,500,000</td></tr></table>]]></description><Point><coordinates>97.47189,21.58862</coordinates></Point></Placemark></Folder></Folder><Folder><name>Minerals outside Shan (&lt;=80 km)</name><visibility>0</visibility><Placemark><name>Gr</name><visibility>0</visibility><Style><IconStyle><color>ff3ca69f</color><scale>0.8</scale><Icon><href>http://maps.google.com/mapfiles/kml/shapes/placemark_circle.png</href></Icon></IconStyle></Style><description><![CDATA[<table><tr><td><b>occ_id</b></td><td>1</td></tr><tr><td><b>group</b></td><td>INDUSTRIAL</td></tr><tr><td><b>group_en</b></td><td>Other industrial minerals</td></tr><tr><td><b>group_th</b></td><td>แร่อุตสาหกรรมอื่น</td></tr><tr><td><b>commodity</b></td><td>Gr</td></tr><tr><td><b>commodity_name</b></td><td>Graphite</td></tr><tr><td><b>label_text</b></td><td>Gr</td></tr><tr><td><b>label_status</b></td><td>label read (OCR)</td></tr><tr><td><b>label_ocr_score</b></td><td>0.973</td></tr><tr><td><b>how</b></td><td>symbol</td></tr><tr><td><b>review</b></td><td>auto</td></tr><tr><td><b>colour</b></td><td>OLIVE</td></tr><tr><td><b>sym_shape</b></td><td>other</td></tr><tr><td><b>in_shan</b></td><td>no (neighbouring state, within 80 km)</td></tr><tr><td><b>state</b></td><td>Bago East</td></tr><tr><td><b>state_pcode</b></td><td>MMR007</td></tr><tr><td><b>lon</b></td><td>96.44748</td></tr><tr><td><b>lat</b></td><td>18.98773</td></tr><tr><td><b>source</b></td><td>ESCAP 1991 Mineral Resources Map of Myanmar 1:1,500,000</td></tr></table>]]></description><Point><coordinates>96.44748,18.98773</coordinates></Point></Placemark><Placemark><name>Au</name><visibility>0</visibility><Style><IconStyle><color>ff1cc2e8</color><scale>0.8</scale><Icon><href>http://maps.google.com/mapfiles/kml/shapes/placemark_circle.png</href></Icon></IconStyle></Style><description><![CDATA[<table><tr><td><b>occ_id</b></td><td>2</td></tr><tr><td><b>group</b></td><td>PRECIOUS</td></tr><tr><td><b>group_en</b></td><td>Precious metals</td></tr><tr><td><b>group_th</b></td><td>โลหะมีค่า</td></tr><tr><td><b>commodity</b></td><td>Au</td></tr><tr><td><b>commodity_name</b></td><td>Gold</td></tr><tr><td><b>label_text</b></td><td>Au</td></tr><tr><td><b>label_status</b></td><td>label read (OCR)</td></tr><tr><td><b>label_ocr_score</b></td><td>0.898</td></tr><tr><td><b>how</b></td><td>symbol</td></tr><tr><td><b>review</b></td><td>auto</td></tr><tr><td><b>colour</b></td><td>YELLOW</td></tr><tr><td><b>sym_shape</b></td><td>triangle (up)</td></tr><tr><td><b>in_shan</b></td><td>no (neighbouring state, within 80 km)</td></tr><tr><td><b>state</b></td><td>Bago East</td></tr><tr><td><b>state_pcode</b></td><td>MMR007</td></tr><tr><td><b>lon</b></td><td>96.51046</td></tr><tr><td><b>lat</b></td><td>18.88013</td></tr><tr><td><b>source</b></td><td>ESCAP 1991 Mineral Resources Map of Myanmar 1:1,500,000</td></tr></table>]]></description><Point><coordinates>96.51046,18.88013</coordinates></Point></Placemark><Placemark><name>Au</name><visibility>0</visibility><Style><IconStyle><color>ff1cc2e8</color><scale>0.8</scale><Icon><href>http://maps.google.com/mapfiles/kml/shapes/placemark_circle.png</href></Icon></IconStyle></Style><description><![CDATA[<table><tr><td><b>occ_id</b></td><td>3</td></tr><tr><td><b>group</b></td><td>PRECIOUS</td></tr><tr><td><b>group_en</b></td><td>Precious metals</td></tr><tr><td><b>group_th</b></td><td>โลหะมีค่า</td></tr><tr><td><b>commodity</b></td><td>Au</td></tr><tr><td><b>commodity_name</b></td><td>Gold</td></tr><tr><td><b>label_text</b></td><td>Au</td></tr><tr><td><b>label_status</b></td><td>label read (OCR)</td></tr><tr><td><b>label_ocr_score</b></td><td>0.993</td></tr><tr><td><b>how</b></td><td>symbol</td></tr><tr><td><b>review</b></td><td>auto</td></tr><tr><td><b>colour</b></td><td>YELLOW</td></tr><tr><td><b>sym_shape</b></td><td>triangle (up)</td></tr><tr><td><b>in_shan</b></td><td>no (neighbouring state, within 80 km)</td></tr><tr><td><b>state</b></td><td>Bago East</td></tr><tr><td><b>state_pcode</b></td><td>MMR007</td></tr><tr><td><b>lon</b></td><td>96.51327</td></tr><tr><td><b>lat</b></td><td>18.81864</td></tr><tr><td><b>source</b></td><td>ESCAP 1991 Mineral Resources Map of Myanmar 1:1,500,000</td></tr></table>]]></description><Point><coordinates>96.51327,18.81864</coordinates></Point></Placemark><Placemark><name>Ceramic and refractory minerals</name><visibility>0</visibility><Style><IconStyle><color>ffd0864f</color><scale>0.8</scale><Icon><href>http://maps.google.com/mapfiles/kml/shapes/placemark_circle.png</href></Icon></IconStyle></Style><description><![CDATA[<table><tr><td><b>occ_id</b></td><td>4</td></tr><tr><td><b>group</b></td><td>CERAMIC</td></tr><tr><td><b>group_en</b></td><td>Ceramic and refractory minerals</td></tr><tr><td><b>group_th</b></td><td>แร่เซรามิกและวัสดุทนไฟ</td></tr><tr><td><b>label_status</b></td><td>no legible label - class from symbol only</td></tr><tr><td><b>how</b></td><td>symbol</td></tr><tr><td><b>review</b></td><td>auto</td></tr><tr><td><b>colour</b></td><td>BLUE</td></tr><tr><td><b>sym_shape</b></td><td>half-disc (flat top)</td></tr><tr><td><b>in_shan</b></td><td>no (neighbouring state, within 80 km)</td></tr><tr><td><b>state</b></td><td>Kachin</td></tr><tr><td><b>state_pcode</b></td><td>MMR001</td></tr><tr><td><b>lon</b></td><td>97.48148</td></tr><tr><td><b>lat</b></td><td>24.29179</td></tr><tr><td><b>source</b></td><td>ESCAP 1991 Mineral Resources Map of Myanmar 1:1,500,000</td></tr></table>]]></description><Point><coordinates>97.48148,24.29179</coordinates></Point></Placemark><Placemark><name>Au</name><visibility>0</visibility><Style><IconStyle><color>ff1cc2e8</color><scale>0.8</scale><Icon><href>http://maps.google.com/mapfiles/kml/shapes/placemark_circle.png</href></Icon></IconStyle></Style><description><![CDATA[<table><tr><td><b>occ_id</b></td><td>5</td></tr><tr><td><b>group</b></td><td>PRECIOUS</td></tr><tr><td><b>group_en</b></td><td>Precious metals</td></tr><tr><td><b>group_th</b></td><td>โลหะมีค่า</td></tr><tr><td><b>commodity</b></td><td>Au</td></tr><tr><td><b>commodity_name</b></td><td>Gold</td></tr><tr><td><b>label_text</b></td><td>Au</td></tr><tr><td><b>label_status</b></td><td>label read (OCR)</td></tr><tr><td><b>label_ocr_score</b></td><td>0.561</td></tr><tr><td><b>how</b></td><td>symbol</td></tr><tr><td><b>review</b></td><td>auto</td></tr><tr><td><b>colour</b></td><td>YELLOW</td></tr><tr><td><b>sym_shape</b></td><td>diamond</td></tr><tr><td><b>in_shan</b></td><td>no (neighbouring state, within 80 km)</td></tr><tr><td><b>state</b></td><td>Kachin</td></tr><tr><td><b>state_pcode</b></td><td>MMR001</td></tr><tr><td><b>lon</b></td><td>96.82852</td></tr><tr><td><b>lat</b></td><td>24.1563</td></tr><tr><td><b>source</b></td><td>ESCAP 1991 Mineral Resources Map of Myanmar 1:1,500,000</td></tr></table>]]></description><Point><coordinates>96.82852,24.1563</coordinates></Point></Placemark><Placemark><name>Au</name><visibility>0</visibility><Style><IconStyle><color>ff1cc2e8</color><scale>0.8</scale><Icon><href>http://maps.google.com/mapfiles/kml/shapes/placemark_circle.png</href></Icon></IconStyle></Style><description><![CDATA[<table><tr><td><b>occ_id</b></td><td>6</td></tr><tr><td><b>group</b></td><td>PRECIOUS</td></tr><tr><td><b>group_en</b></td><td>Precious metals</td></tr><tr><td><b>group_th</b></td><td>โลหะมีค่า</td></tr><tr><td><b>commodity</b></td><td>Au</td></tr><tr><td><b>commodity_name</b></td><td>Gold</td></tr><tr><td><b>label_text</b></td><td>Au</td></tr><tr><td><b>label_status</b></td><td>label read (OCR)</td></tr><tr><td><b>label_ocr_score</b></td><td>0.993</td></tr><tr><td><b>how</b></td><td>symbol</td></tr><tr><td><b>review</b></td><td>auto</td></tr><tr><td><b>colour</b></td><td>YELLOW</td></tr><tr><td><b>sym_shape</b></td><td>triangle (up)</td></tr><tr><td><b>in_shan</b></td><td>no (neighbouring state, within 80 km)</td></tr><tr><td><b>state</b></td><td>Kachin</td></tr><tr><td><b>state_pcode</b></td><td>MMR001</td></tr><tr><td><b>lon</b></td><td>97.285</td></tr><tr><td><b>lat</b></td><td>24.10457</td></tr><tr><td><b>source</b></td><td>ESCAP 1991 Mineral Resources Map of Myanmar 1:1,500,000</td></tr></table>]]></description><Point><coordinates>97.285,24.10457</coordinates></Point></Placemark><Placemark><name>C2</name><visibility>0</visibility><Style><IconStyle><color>ffa89a9a</color><scale>0.8</scale><Icon><href>http://maps.google.com/mapfiles/kml/shapes/placemark_circle.png</href></Icon></IconStyle></Style><description><![CDATA[<table><tr><td><b>occ_id</b></td><td>7</td></tr><tr><td><b>group</b></td><td>FUEL</td></tr><tr><td><b>group_en</b></td><td>Mineral fuel (coal)</td></tr><tr><td><b>group_th</b></td><td>เชื้อเพลิงแร่ (ถ่านหิน)</td></tr><tr><td><b>commodity</b></td><td>C2</td></tr><tr><td><b>commodity_name</b></td><td>Bituminous</td></tr><tr><td><b>label_text</b></td><td>C2</td></tr><tr><td><b>label_status</b></td><td>label read (OCR)</td></tr><tr><td><b>how</b></td><td>manual review</td></tr><tr><td><b>review</b></td><td>added: neighbour review</td></tr><tr><td><b>colour</b></td><td>-</td></tr><tr><td><b>sym_shape</b></td><td>(added in review)</td></tr><tr><td><b>in_shan</b></td><td>no (neighbouring state, within 80 km)</td></tr><tr><td><b>state</b></td><td>Kachin</td></tr><tr><td><b>state_pcode</b></td><td>MMR001</td></tr><tr><td><b>lon</b></td><td>97.64477</td></tr><tr><td><b>lat</b></td><td>24.08866</td></tr><tr><td><b>source</b></td><td>ESCAP 1991 Mineral Resources Map of Myanmar 1:1,500,000</td></tr></table>]]></description><Point><coordinates>97.64477,24.08866</coordinates></Point></Placemark><Placemark><name>Cr</name><visibility>0</visibility><Style><IconStyle><color>ff444444</color><scale>0.8</scale><Icon><href>http://maps.google.com/mapfiles/kml/shapes/placemark_circle.png</href></Icon></IconStyle></Style><description><![CDATA[<table><tr><td><b>occ_id</b></td><td>8</td></tr><tr><td><b>group</b></td><td>FERRO</td></tr><tr><td><b>group_en</b></td><td>Iron and ferro-alloy metals</td></tr><tr><td><b>group_th</b></td><td>โลหะเหล็กและโลหะผสมเหล็ก</td></tr><tr><td><b>commodity</b></td><td>Cr</td></tr><tr><td><b>commodity_name</b></td><td>Chromium</td></tr><tr><td><b>label_text</b></td><td>Cr</td></tr><tr><td><b>label_status</b></td><td>label read (OCR)</td></tr><tr><td><b>how</b></td><td>manual review</td></tr><tr><td><b>review</b></td><td>added: audit2 t01</td></tr><tr><td><b>colour</b></td><td>-</td></tr><tr><td><b>sym_shape</b></td><td>(added in review)</td></tr><tr><td><b>in_shan</b></td><td>no (neighbouring state, within 80 km)</td></tr><tr><td><b>state</b></td><td>Kachin</td></tr><tr><td><b>state_pcode</b></td><td>MMR001</td></tr><tr><td><b>lon</b></td><td>96.74146</td></tr><tr><td><b>lat</b></td><td>24.03655</td></tr><tr><td><b>source</b></td><td>ESCAP 1991 Mineral Resources Map of Myanmar 1:1,500,000</td></tr></table>]]></description><Point><coordinates>96.74146,24.03655</coordinates></Point></Placemark><Placemark><name>Ni</name><visibility>0</visibility><Style><IconStyle><color>ff444444</color><scale>0.8</scale><Icon><href>http://maps.google.com/mapfiles/kml/shapes/placemark_circle.png</href></Icon></IconStyle></Style><description><![CDATA[<table><tr><td><b>occ_id</b></td><td>9</td></tr><tr><td><b>group</b></td><td>FERRO</td></tr><tr><td><b>group_en</b></td><td>Iron and ferro-alloy metals</td></tr><tr><td><b>group_th</b></td><td>โลหะเหล็กและโลหะผสมเหล็ก</td></tr><tr><td><b>commodity</b></td><td>Ni</td></tr><tr><td><b>commodity_name</b></td><td>Nickel</td></tr><tr><td><b>label_text</b></td><td>Ni</td></tr><tr><td><b>label_status</b></td><td>label read (OCR)</td></tr><tr><td><b>how</b></td><td>manual review</td></tr><tr><td><b>review</b></td><td>added: audit2 t01</td></tr><tr><td><b>colour</b></td><td>-</td></tr><tr><td><b>sym_shape</b></td><td>(added in review)</td></tr><tr><td><b>in_shan</b></td><td>no (neighbouring state, within 80 km)</td></tr><tr><td><b>state</b></td><td>Kachin</td></tr><tr><td><b>state_pcode</b></td><td>MMR001</td></tr><tr><td><b>lon</b></td><td>96.88043</td></tr><tr><td><b>lat</b></td><td>24.00867</td></tr><tr><td><b>source</b></td><td>ESCAP 1991 Mineral Resources Map of Myanmar 1:1,500,000</td></tr></table>]]></description><Point><coordinates>96.88043,24.00867</coordinates></Point></Placemark><Placemark><name>Ru</name><visibility>0</visibility><Style><IconStyle><color>ffc69be5</color><scale>0.8</scale><Icon><href>http://maps.google.com/mapfiles/kml/shapes/placemark_circle.png</href></Icon></IconStyle></Style><description><![CDATA[<table><tr><td><b>occ_id</b></td><td>10</td></tr><tr><td><b>group</b></td><td>STONES</td></tr><tr><td><b>group_en</b></td><td>Precious stones</td></tr><tr><td><b>group_th</b></td><td>อัญมณี</td></tr><tr><td><b>commodity</b></td><td>Ru</td></tr><tr><td><b>commodity_name</b></td><td>Ruby</td></tr><tr><td><b>label_text</b></td><td>Ru</td></tr><tr><td><b>label_status</b></td><td>label read (OCR)</td></tr><tr><td><b>how</b></td><td>manual review</td></tr><tr><td><b>review</b></td><td>added: cand review</td></tr><tr><td><b>colour</b></td><td>-</td></tr><tr><td><b>sym_shape</b></td><td>(added in review)</td></tr><tr><td><b>in_shan</b></td><td>no (neighbouring state, within 80 km)</td></tr><tr><td><b>state</b></td><td>Kachin</td></tr><tr><td><b>state_pcode</b></td><td>MMR001</td></tr><tr><td><b>lon</b></td><td>97.41966</td></tr><tr><td><b>lat</b></td><td>23.75744</td></tr><tr><td><b>source</b></td><td>ESCAP 1991 Mineral Resources Map of Myanmar 1:1,500,000</td></tr></table>]]></description><Point><coordinates>97.41966,23.75744</coordinates></Point></Placemark><Placemark><name>Do</name><visibility>0</visibility><Style><IconStyle><color>ffd0864f</color><scale>0.8</scale><Icon><href>http://maps.google.com/mapfiles/kml/shapes/placemark_circle.png</href></Icon></IconStyle></Style><description><![CDATA[<table><tr><td><b>occ_id</b></td><td>11</td></tr><tr><td><b>group</b></td><td>CERAMIC</td></tr><tr><td><b>group_en</b></td><td>Ceramic and refractory minerals</td></tr><tr><td><b>group_th</b></td><td>แร่เซรามิกและวัสดุทนไฟ</td></tr><tr><td><b>commodity</b></td><td>Do</td></tr><tr><td><b>commodity_name</b></td><td>Dolomite</td></tr><tr><td><b>label_text</b></td><td>Do</td></tr><tr><td><b>label_status</b></td><td>label read (OCR)</td></tr><tr><td><b>how</b></td><td>symbol</td></tr><tr><td><b>review</b></td><td>checked: neighbour review Loikaw</td></tr><tr><td><b>colour</b></td><td>BLUE</td></tr><tr><td><b>sym_shape</b></td><td>circle</td></tr><tr><td><b>in_shan</b></td><td>no (neighbouring state, within 80 km)</td></tr><tr><td><b>state</b></td><td>Kayah</td></tr><tr><td><b>state_pcode</b></td><td>MMR002</td></tr><tr><td><b>lon</b></td><td>97.14688</td></tr><tr><td><b>lat</b></td><td>19.6732</td></tr><tr><td><b>source</b></td><td>ESCAP 1991 Mineral Resources Map of Myanmar 1:1,500,000</td></tr></table>]]></description><Point><coordinates>97.14688,19.6732</coordinates></Point></Placemark><Placemark><name>Do</name><visibility>0</visibility><Style><IconStyle><color>ffd0864f</color><scale>0.8</scale><Icon><href>http://maps.google.com/mapfiles/kml/shapes/placemark_circle.png</href></Icon></IconStyle></Style><description><![CDATA[<table><tr><td><b>occ_id</b></td><td>12</td></tr><tr><td><b>group</b></td><td>CERAMIC</td></tr><tr><td><b>group_en</b></td><td>Ceramic and refractory minerals</td></tr><tr><td><b>group_th</b></td><td>แร่เซรามิกและวัสดุทนไฟ</td></tr><tr><td><b>commodity</b></td><td>Do</td></tr><tr><td><b>commodity_name</b></td><td>Dolomite</td></tr><tr><td><b>label_text</b></td><td>Do</td></tr><tr><td><b>label_status</b></td><td>label read (OCR)</td></tr><tr><td><b>label_ocr_score</b></td><td>0.545</td></tr><tr><td><b>how</b></td><td>symbol</td></tr><tr><td><b>review</b></td><td>checked: neighbour review Loikaw</td></tr><tr><td><b>colour</b></td><td>BLUE</td></tr><tr><td><b>sym_shape</b></td><td>half-disc (flat bottom)</td></tr><tr><td><b>in_shan</b></td><td>no (neighbouring state, within 80 km)</td></tr><tr><td><b>state</b></td><td>Kayah</td></tr><tr><td><b>state_pcode</b></td><td>MMR002</td></tr><tr><td><b>lon</b></td><td>97.30748</td></tr><tr><td><b>lat</b></td><td>19.6164</td></tr><tr><td><b>source</b></td><td>ESCAP 1991 Mineral Resources Map of Myanmar 1:1,500,000</td></tr></table>]]></description><Point><coordinates>97.30748,19.6164</coordinates></Point></Placemark><Placemark><name>Do</name><visibility>0</visibility><Style><IconStyle><color>ffd0864f</color><scale>0.8</scale><Icon><href>http://maps.google.com/mapfiles/kml/shapes/placemark_circle.png</href></Icon></IconStyle></Style><description><![CDATA[<table><tr><td><b>occ_id</b></td><td>13</td></tr><tr><td><b>group</b></td><td>CERAMIC</td></tr><tr><td><b>group_en</b></td><td>Ceramic and refractory minerals</td></tr><tr><td><b>group_th</b></td><td>แร่เซรามิกและวัสดุทนไฟ</td></tr><tr><td><b>commodity</b></td><td>Do</td></tr><tr><td><b>commodity_name</b></td><td>Dolomite</td></tr><tr><td><b>label_text</b></td><td>Do</td></tr><tr><td><b>label_status</b></td><td>label read (OCR)</td></tr><tr><td><b>how</b></td><td>symbol</td></tr><tr><td><b>review</b></td><td>checked: neighbour review Loikaw</td></tr><tr><td><b>colour</b></td><td>BLUE</td></tr><tr><td><b>sym_shape</b></td><td>half-disc (flat bottom)</td></tr><tr><td><b>in_shan</b></td><td>no (neighbouring state, within 80 km)</td></tr><tr><td><b>state</b></td><td>Kayah</td></tr><tr><td><b>state_pcode</b></td><td>MMR002</td></tr><tr><td><b>lon</b></td><td>97.16226</td></tr><tr><td><b>lat</b></td><td>19.50995</td></tr><tr><td><b>source</b></td><td>ESCAP 1991 Mineral Resources Map of Myanmar 1:1,500,000</td></tr></table>]]></description><Point><coordinates>97.16226,19.50995</coordinates></Point></Placemark><Placemark><name>Sn,W</name><visibility>0</visibility><Style><IconStyle><color>ff000000</color><scale>0.8</scale><Icon><href>http://maps.google.com/mapfiles/kml/shapes/placemark_circle.png</href></Icon></IconStyle></Style><description><![CDATA[<table><tr><td><b>occ_id</b></td><td>14</td></tr><tr><td><b>group</b></td><td>MINE</td></tr><tr><td><b>group_en</b></td><td>Mine (operating / abandoned)</td></tr><tr><td><b>group_th</b></td><td>เหมือง (เปิดดำเนินการ / ร้าง)</td></tr><tr><td><b>commodity</b></td><td>Sn,W</td></tr><tr><td><b>commodity_name</b></td><td>Tin, Tungsten</td></tr><tr><td><b>label_text</b></td><td>Sn,W</td></tr><tr><td><b>label_status</b></td><td>label read (OCR)</td></tr><tr><td><b>how</b></td><td>manual review</td></tr><tr><td><b>review</b></td><td>added: audit2 t63 Mawchi mine</td></tr><tr><td><b>colour</b></td><td>-</td></tr><tr><td><b>sym_shape</b></td><td>(added in review)</td></tr><tr><td><b>in_shan</b></td><td>no (neighbouring state, within 80 km)</td></tr><tr><td><b>state</b></td><td>Kayah</td></tr><tr><td><b>state_pcode</b></td><td>MMR002</td></tr><tr><td><b>lon</b></td><td>97.14261</td></tr><tr><td><b>lat</b></td><td>18.86613</td></tr><tr><td><b>source</b></td><td>ESCAP 1991 Mineral Resources Map of Myanmar 1:1,500,000</td></tr></table>]]></description><Point><coordinates>97.14261,18.86613</coordinates></Point></Placemark><Placemark><name>Sn</name><visibility>0</visibility><Style><IconStyle><color>ffa05030</color><scale>0.8</scale><Icon><href>http://maps.google.com/mapfiles/kml/shapes/placemark_circle.png</href></Icon></IconStyle></Style><description><![CDATA[<table><tr><td><b>occ_id</b></td><td>15</td></tr><tr><td><b>group</b></td><td>BASE</td></tr><tr><td><b>group_en</b></td><td>Base metals</td></tr><tr><td><b>group_th</b></td><td>โลหะพื้นฐาน</td></tr><tr><td><b>commodity</b></td><td>Sn</td></tr><tr><td><b>commodity_name</b></td><td>Tin</td></tr><tr><td><b>label_text</b></td><td>Sn,WiI</td></tr><tr><td><b>label_status</b></td><td>label read (OCR)</td></tr><tr><td><b>label_ocr_score</b></td><td>0.758</td></tr><tr><td><b>how</b></td><td>symbol</td></tr><tr><td><b>review</b></td><td>auto</td></tr><tr><td><b>colour</b></td><td>BLUE</td></tr><tr><td><b>sym_shape</b></td><td>diamond</td></tr><tr><td><b>in_shan</b></td><td>no (neighbouring state, within 80 km)</td></tr><tr><td><b>state</b></td><td>Kayah</td></tr><tr><td><b>state_pcode</b></td><td>MMR002</td></tr><tr><td><b>lon</b></td><td>97.14716</td></tr><tr><td><b>lat</b></td><td>18.78447</td></tr><tr><td><b>source</b></td><td>ESCAP 1991 Mineral Resources Map of Myanmar 1:1,500,000</td></tr></table>]]></description><Point><coordinates>97.14716,18.78447</coordinates></Point></Placemark><Placemark><name>Ni</name><visibility>0</visibility><Style><IconStyle><color>ff444444</color><scale>0.8</scale><Icon><href>http://maps.google.com/mapfiles/kml/shapes/placemark_circle.png</href></Icon></IconStyle></Style><description><![CDATA[<table><tr><td><b>occ_id</b></td><td>16</td></tr><tr><td><b>group</b></td><td>FERRO</td></tr><tr><td><b>group_en</b></td><td>Iron and ferro-alloy metals</td></tr><tr><td><b>group_th</b></td><td>โลหะเหล็กและโลหะผสมเหล็ก</td></tr><tr><td><b>commodity</b></td><td>Ni</td></tr><tr><td><b>commodity_name</b></td><td>Nickel</td></tr><tr><td><b>label_text</b></td><td>Ni</td></tr><tr><td><b>label_status</b></td><td>label read (OCR)</td></tr><tr><td><b>how</b></td><td>symbol</td></tr><tr><td><b>review</b></td><td>checked: neighbour review</td></tr><tr><td><b>colour</b></td><td>DARK</td></tr><tr><td><b>sym_shape</b></td><td>diamond</td></tr><tr><td><b>in_shan</b></td><td>no (neighbouring state, within 80 km)</td></tr><tr><td><b>state</b></td><td>Mandalay</td></tr><tr><td><b>state_pcode</b></td><td>MMR010</td></tr><tr><td><b>lon</b></td><td>96.10254</td></tr><tr><td><b>lat</b></td><td>23.51939</td></tr><tr><td><b>source</b></td><td>ESCAP 1991 Mineral Resources Map of Myanmar 1:1,500,000</td></tr></table>]]></description><Point><coordinates>96.10254,23.51939</coordinates></Point></Placemark><Placemark><name>Cr</name><visibility>0</visibility><Style><IconStyle><color>ff444444</color><scale>0.8</scale><Icon><href>http://maps.google.com/mapfiles/kml/shapes/placemark_circle.png</href></Icon></IconStyle></Style><description><![CDATA[<table><tr><td><b>occ_id</b></td><td>17</td></tr><tr><td><b>group</b></td><td>FERRO</td></tr><tr><td><b>group_en</b></td><td>Iron and ferro-alloy metals</td></tr><tr><td><b>group_th</b></td><td>โลหะเหล็กและโลหะผสมเหล็ก</td></tr><tr><td><b>commodity</b></td><td>Cr</td></tr><tr><td><b>commodity_name</b></td><td>Chromium</td></tr><tr><td><b>label_text</b></td><td>Cr</td></tr><tr><td><b>label_status</b></td><td>label read (OCR)</td></tr><tr><td><b>how</b></td><td>manual review</td></tr><tr><td><b>review</b></td><td>added: neighbour review</td></tr><tr><td><b>colour</b></td><td>-</td></tr><tr><td><b>sym_shape</b></td><td>(added in review)</td></tr><tr><td><b>in_shan</b></td><td>no (neighbouring state, within 80 km)</td></tr><tr><td><b>state</b></td><td>Mandalay</td></tr><tr><td><b>state_pcode</b></td><td>MMR010</td></tr><tr><td><b>lon</b></td><td>96.18827</td></tr><tr><td><b>lat</b></td><td>23.49819</td></tr><tr><td><b>source</b></td><td>ESCAP 1991 Mineral Resources Map of Myanmar 1:1,500,000</td></tr></table>]]></description><Point><coordinates>96.18827,23.49819</coordinates></Point></Placemark><Placemark><name>Au</name><visibility>0</visibility><Style><IconStyle><color>ff1cc2e8</color><scale>0.8</scale><Icon><href>http://maps.google.com/mapfiles/kml/shapes/placemark_circle.png</href></Icon></IconStyle></Style><description><![CDATA[<table><tr><td><b>occ_id</b></td><td>18</td></tr><tr><td><b>group</b></td><td>PRECIOUS</td></tr><tr><td><b>group_en</b></td><td>Precious metals</td></tr><tr><td><b>group_th</b></td><td>โลหะมีค่า</td></tr><tr><td><b>commodity</b></td><td>Au</td></tr><tr><td><b>commodity_name</b></td><td>Gold</td></tr><tr><td><b>label_text</b></td><td>Au</td></tr><tr><td><b>label_status</b></td><td>label read (OCR)</td></tr><tr><td><b>how</b></td><td>symbol</td></tr><tr><td><b>review</b></td><td>checked: neighbour review</td></tr><tr><td><b>colour</b></td><td>YELLOW</td></tr><tr><td><b>sym_shape</b></td><td>diamond</td></tr><tr><td><b>in_shan</b></td><td>no (neighbouring state, within 80 km)</td></tr><tr><td><b>state</b></td><td>Mandalay</td></tr><tr><td><b>state_pcode</b></td><td>MMR010</td></tr><tr><td><b>lon</b></td><td>96.14188</td></tr><tr><td><b>lat</b></td><td>23.03721</td></tr><tr><td><b>source</b></td><td>ESCAP 1991 Mineral Resources Map of Myanmar 1:1,500,000</td></tr></table>]]></description><Point><coordinates>96.14188,23.03721</coordinates></Point></Placemark><Placemark><name>Ru</name><visibility>0</visibility><Style><IconStyle><color>ffc69be5</color><scale>0.8</scale><Icon><href>http://maps.google.com/mapfiles/kml/shapes/placemark_circle.png</href></Icon></IconStyle></Style><description><![CDATA[<table><tr><td><b>occ_id</b></td><td>19</td></tr><tr><td><b>group</b></td><td>STONES</td></tr><tr><td><b>group_en</b></td><td>Precious stones</td></tr><tr><td><b>group_th</b></td><td>อัญมณี</td></tr><tr><td><b>commodity</b></td><td>Ru</td></tr><tr><td><b>commodity_name</b></td><td>Ruby</td></tr><tr><td><b>label_text</b></td><td>Ru</td></tr><tr><td><b>label_status</b></td><td>label read (OCR)</td></tr><tr><td><b>how</b></td><td>manual review</td></tr><tr><td><b>review</b></td><td>added: audit2 t09</td></tr><tr><td><b>colour</b></td><td>-</td></tr><tr><td><b>sym_shape</b></td><td>(added in review)</td></tr><tr><td><b>in_shan</b></td><td>no (neighbouring state, within 80 km)</td></tr><tr><td><b>state</b></td><td>Mandalay</td></tr><tr><td><b>state_pcode</b></td><td>MMR010</td></tr><tr><td><b>lon</b></td><td>96.53119</td></tr><tr><td><b>lat</b></td><td>22.97733</td></tr><tr><td><b>source</b></td><td>ESCAP 1991 Mineral Resources Map of Myanmar 1:1,500,000</td></tr></table>]]></description><Point><coordinates>96.53119,22.97733</coordinates></Point></Placemark><Placemark><name>Mn</name><visibility>0</visibility><Style><IconStyle><color>ff444444</color><scale>0.8</scale><Icon><href>http://maps.google.com/mapfiles/kml/shapes/placemark_circle.png</href></Icon></IconStyle></Style><description><![CDATA[<table><tr><td><b>occ_id</b></td><td>20</td></tr><tr><td><b>group</b></td><td>FERRO</td></tr><tr><td><b>group_en</b></td><td>Iron and ferro-alloy metals</td></tr><tr><td><b>group_th</b></td><td>โลหะเหล็กและโลหะผสมเหล็ก</td></tr><tr><td><b>commodity</b></td><td>Mn</td></tr><tr><td><b>commodity_name</b></td><td>Manganese</td></tr><tr><td><b>label_text</b></td><td>Mn-</td></tr><tr><td><b>label_status</b></td><td>label read (OCR)</td></tr><tr><td><b>label_ocr_score</b></td><td>0.887</td></tr><tr><td><b>how</b></td><td>symbol</td></tr><tr><td><b>review</b></td><td>auto</td></tr><tr><td><b>colour</b></td><td>DARK</td></tr><tr><td><b>sym_shape</b></td><td>diamond</td></tr><tr><td><b>in_shan</b></td><td>no (neighbouring state, within 80 km)</td></tr><tr><td><b>state</b></td><td>Mandalay</td></tr><tr><td><b>state_pcode</b></td><td>MMR010</td></tr><tr><td><b>lon</b></td><td>96.37325</td></tr><tr><td><b>lat</b></td><td>22.97095</td></tr><tr><td><b>source</b></td><td>ESCAP 1991 Mineral Resources Map of Myanmar 1:1,500,000</td></tr></table>]]></description><Point><coordinates>96.37325,22.97095</coordinates></Point></Placemark><Placemark><name>Gr</name><visibility>0</visibility><Style><IconStyle><color>ff3ca69f</color><scale>0.8</scale><Icon><href>http://maps.google.com/mapfiles/kml/shapes/placemark_circle.png</href></Icon></IconStyle></Style><description><![CDATA[<table><tr><td><b>occ_id</b></td><td>21</td></tr><tr><td><b>group</b></td><td>INDUSTRIAL</td></tr><tr><td><b>group_en</b></td><td>Other industrial minerals</td></tr><tr><td><b>group_th</b></td><td>แร่อุตสาหกรรมอื่น</td></tr><tr><td><b>commodity</b></td><td>Gr</td></tr><tr><td><b>commodity_name</b></td><td>Graphite</td></tr><tr><td><b>label_text</b></td><td>Gr</td></tr><tr><td><b>label_status</b></td><td>label read (OCR)</td></tr><tr><td><b>how</b></td><td>symbol</td></tr><tr><td><b>review</b></td><td>checked: neighbour review</td></tr><tr><td><b>colour</b></td><td>OLIVE</td></tr><tr><td><b>sym_shape</b></td><td>half-disc (flat top)</td></tr><tr><td><b>in_shan</b></td><td>no (neighbouring state, within 80 km)</td></tr><tr><td><b>state</b></td><td>Mandalay</td></tr><tr><td><b>state_pcode</b></td><td>MMR010</td></tr><tr><td><b>lon</b></td><td>96.44683</td></tr><tr><td><b>lat</b></td><td>22.96969</td></tr><tr><td><b>source</b></td><td>ESCAP 1991 Mineral Resources Map of Myanmar 1:1,500,000</td></tr></table>]]></description><Point><coordinates>96.44683,22.96969</coordinates></Point></Placemark><Placemark><name>Mine (operating / abandoned)</name><visibility>0</visibility><Style><IconStyle><color>ff000000</color><scale>0.8</scale><Icon><href>http://maps.google.com/mapfiles/kml/shapes/placemark_circle.png</href></Icon></IconStyle></Style><description><![CDATA[<table><tr><td><b>occ_id</b></td><td>22</td></tr><tr><td><b>group</b></td><td>MINE</td></tr><tr><td><b>group_en</b></td><td>Mine (operating / abandoned)</td></tr><tr><td><b>group_th</b></td><td>เหมือง (เปิดดำเนินการ / ร้าง)</td></tr><tr><td><b>label_status</b></td><td>no legible label - class from symbol only</td></tr><tr><td><b>how</b></td><td>mine symbol (no label)</td></tr><tr><td><b>review</b></td><td>auto</td></tr><tr><td><b>colour</b></td><td>BLACK</td></tr><tr><td><b>sym_shape</b></td><td>crossed hammers</td></tr><tr><td><b>in_shan</b></td><td>no (neighbouring state, within 80 km)</td></tr><tr><td><b>state</b></td><td>Mandalay</td></tr><tr><td><b>state_pcode</b></td><td>MMR010</td></tr><tr><td><b>lon</b></td><td>96.45168</td></tr><tr><td><b>lat</b></td><td>22.92277</td></tr><tr><td><b>source</b></td><td>ESCAP 1991 Mineral Resources Map of Myanmar 1:1,500,000</td></tr></table>]]></description><Point><coordinates>96.45168,22.92277</coordinates></Point></Placemark><Placemark><name>Gr,Mi</name><visibility>0</visibility><Style><IconStyle><color>ff3ca69f</color><scale>0.8</scale><Icon><href>http://maps.google.com/mapfiles/kml/shapes/placemark_circle.png</href></Icon></IconStyle></Style><description><![CDATA[<table><tr><td><b>occ_id</b></td><td>23</td></tr><tr><td><b>group</b></td><td>INDUSTRIAL</td></tr><tr><td><b>group_en</b></td><td>Other industrial minerals</td></tr><tr><td><b>group_th</b></td><td>แร่อุตสาหกรรมอื่น</td></tr><tr><td><b>commodity</b></td><td>Gr,Mi</td></tr><tr><td><b>commodity_name</b></td><td>Graphite, Mica</td></tr><tr><td><b>label_text</b></td><td>Gr-Mi</td></tr><tr><td><b>label_status</b></td><td>label read (OCR)</td></tr><tr><td><b>label_ocr_score</b></td><td>0.995</td></tr><tr><td><b>how</b></td><td>label only</td></tr><tr><td><b>review</b></td><td>auto</td></tr><tr><td><b>colour</b></td><td>-</td></tr><tr><td><b>sym_shape</b></td><td>(symbol not recognised)</td></tr><tr><td><b>in_shan</b></td><td>no (neighbouring state, within 80 km)</td></tr><tr><td><b>state</b></td><td>Mandalay</td></tr><tr><td><b>state_pcode</b></td><td>MMR010</td></tr><tr><td><b>lon</b></td><td>96.54417</td></tr><tr><td><b>lat</b></td><td>22.89733</td></tr><tr><td><b>source</b></td><td>ESCAP 1991 Mineral Resources Map of Myanmar 1:1,500,000</td></tr></table>]]></description><Point><coordinates>96.54417,22.89733</coordinates></Point></Placemark><Placemark><name>Precious stones</name><visibility>0</visibility><Style><IconStyle><color>ffc69be5</color><scale>0.8</scale><Icon><href>http://maps.google.com/mapfiles/kml/shapes/placemark_circle.png</href></Icon></IconStyle></Style><description><![CDATA[<table><tr><td><b>occ_id</b></td><td>24</td></tr><tr><td><b>group</b></td><td>STONES</td></tr><tr><td><b>group_en</b></td><td>Precious stones</td></tr><tr><td><b>group_th</b></td><td>อัญมณี</td></tr><tr><td><b>label_status</b></td><td>no legible label - class from symbol only</td></tr><tr><td><b>how</b></td><td>manual review</td></tr><tr><td><b>review</b></td><td>added: audit2 t09 pink diamond no label (Mogok)</td></tr><tr><td><b>colour</b></td><td>-</td></tr><tr><td><b>sym_shape</b></td><td>(added in review)</td></tr><tr><td><b>in_shan</b></td><td>no (neighbouring state, within 80 km)</td></tr><tr><td><b>state</b></td><td>Mandalay</td></tr><tr><td><b>state_pcode</b></td><td>MMR010</td></tr><tr><td><b>lon</b></td><td>96.40699</td></tr><tr><td><b>lat</b></td><td>22.89322</td></tr><tr><td><b>source</b></td><td>ESCAP 1991 Mineral Resources Map of Myanmar 1:1,500,000</td></tr></table>]]></description><Point><coordinates>96.40699,22.89322</coordinates></Point></Placemark><Placemark><name>Ls</name><visibility>0</visibility><Style><IconStyle><color>ff3ca69f</color><scale>0.8</scale><Icon><href>http://maps.google.com/mapfiles/kml/shapes/placemark_circle.png</href></Icon></IconStyle></Style><description><![CDATA[<table><tr><td><b>occ_id</b></td><td>25</td></tr><tr><td><b>group</b></td><td>INDUSTRIAL</td></tr><tr><td><b>group_en</b></td><td>Other industrial minerals</td></tr><tr><td><b>group_th</b></td><td>แร่อุตสาหกรรมอื่น</td></tr><tr><td><b>commodity</b></td><td>Ls</td></tr><tr><td><b>commodity_name</b></td><td>Limestone</td></tr><tr><td><b>label_text</b></td><td>Ls</td></tr><tr><td><b>label_status</b></td><td>label read (OCR)</td></tr><tr><td><b>how</b></td><td>symbol</td></tr><tr><td><b>review</b></td><td>checked: neighbour review</td></tr><tr><td><b>colour</b></td><td>OLIVE</td></tr><tr><td><b>sym_shape</b></td><td>half-disc (flat top)</td></tr><tr><td><b>in_shan</b></td><td>no (neighbouring state, within 80 km)</td></tr><tr><td><b>state</b></td><td>Mandalay</td></tr><tr><td><b>state_pcode</b></td><td>MMR010</td></tr><tr><td><b>lon</b></td><td>96.07199</td></tr><tr><td><b>lat</b></td><td>22.88662</td></tr><tr><td><b>source</b></td><td>ESCAP 1991 Mineral Resources Map of Myanmar 1:1,500,000</td></tr></table>]]></description><Point><coordinates>96.07199,22.88662</coordinates></Point></Placemark><Placemark><name>Au</name><visibility>0</visibility><Style><IconStyle><color>ff1cc2e8</color><scale>0.8</scale><Icon><href>http://maps.google.com/mapfiles/kml/shapes/placemark_circle.png</href></Icon></IconStyle></Style><description><![CDATA[<table><tr><td><b>occ_id</b></td><td>26</td></tr><tr><td><b>group</b></td><td>PRECIOUS</td></tr><tr><td><b>group_en</b></td><td>Precious metals</td></tr><tr><td><b>group_th</b></td><td>โลหะมีค่า</td></tr><tr><td><b>commodity</b></td><td>Au</td></tr><tr><td><b>commodity_name</b></td><td>Gold</td></tr><tr><td><b>label_text</b></td><td>Au</td></tr><tr><td><b>label_status</b></td><td>label read (OCR)</td></tr><tr><td><b>how</b></td><td>manual review</td></tr><tr><td><b>review</b></td><td>added: audit2 t09 Mogok</td></tr><tr><td><b>colour</b></td><td>-</td></tr><tr><td><b>sym_shape</b></td><td>(added in review)</td></tr><tr><td><b>in_shan</b></td><td>no (neighbouring state, within 80 km)</td></tr><tr><td><b>state</b></td><td>Mandalay</td></tr><tr><td><b>state_pcode</b></td><td>MMR010</td></tr><tr><td><b>lon</b></td><td>96.48581</td></tr><tr><td><b>lat</b></td><td>22.85869</td></tr><tr><td><b>source</b></td><td>ESCAP 1991 Mineral Resources Map of Myanmar 1:1,500,000</td></tr></table>]]></description><Point><coordinates>96.48581,22.85869</coordinates></Point></Placemark><Placemark><name>Mi</name><visibility>0</visibility><Style><IconStyle><color>ff3ca69f</color><scale>0.8</scale><Icon><href>http://maps.google.com/mapfiles/kml/shapes/placemark_circle.png</href></Icon></IconStyle></Style><description><![CDATA[<table><tr><td><b>occ_id</b></td><td>27</td></tr><tr><td><b>group</b></td><td>INDUSTRIAL</td></tr><tr><td><b>group_en</b></td><td>Other industrial minerals</td></tr><tr><td><b>group_th</b></td><td>แร่อุตสาหกรรมอื่น</td></tr><tr><td><b>commodity</b></td><td>Mi</td></tr><tr><td><b>commodity_name</b></td><td>Mica</td></tr><tr><td><b>label_text</b></td><td>Mi</td></tr><tr><td><b>label_status</b></td><td>label read (OCR)</td></tr><tr><td><b>how</b></td><td>symbol</td></tr><tr><td><b>review</b></td><td>checked: neighbour review</td></tr><tr><td><b>colour</b></td><td>OLIVE</td></tr><tr><td><b>sym_shape</b></td><td>half-disc (flat top)</td></tr><tr><td><b>in_shan</b></td><td>no (neighbouring state, within 80 km)</td></tr><tr><td><b>state</b></td><td>Mandalay</td></tr><tr><td><b>state_pcode</b></td><td>MMR010</td></tr><tr><td><b>lon</b></td><td>96.24536</td></tr><tr><td><b>lat</b></td><td>22.84342</td></tr><tr><td><b>source</b></td><td>ESCAP 1991 Mineral Resources Map of Myanmar 1:1,500,000</td></tr></table>]]></description><Point><coordinates>96.24536,22.84342</coordinates></Point></Placemark><Placemark><name>Gr</name><visibility>0</visibility><Style><IconStyle><color>ff3ca69f</color><scale>0.8</scale><Icon><href>http://maps.google.com/mapfiles/kml/shapes/placemark_circle.png</href></Icon></IconStyle></Style><description><![CDATA[<table><tr><td><b>occ_id</b></td><td>28</td></tr><tr><td><b>group</b></td><td>INDUSTRIAL</td></tr><tr><td><b>group_en</b></td><td>Other industrial minerals</td></tr><tr><td><b>group_th</b></td><td>แร่อุตสาหกรรมอื่น</td></tr><tr><td><b>commodity</b></td><td>Gr</td></tr><tr><td><b>commodity_name</b></td><td>Graphite</td></tr><tr><td><b>label_text</b></td><td>Gr</td></tr><tr><td><b>label_status</b></td><td>label read (OCR)</td></tr><tr><td><b>how</b></td><td>symbol</td></tr><tr><td><b>review</b></td><td>checked: neighbour review</td></tr><tr><td><b>colour</b></td><td>OLIVE</td></tr><tr><td><b>sym_shape</b></td><td>half-disc (flat top)</td></tr><tr><td><b>in_shan</b></td><td>no (neighbouring state, within 80 km)</td></tr><tr><td><b>state</b></td><td>Mandalay</td></tr><tr><td><b>state_pcode</b></td><td>MMR010</td></tr><tr><td><b>lon</b></td><td>96.03969</td></tr><tr><td><b>lat</b></td><td>22.80561</td></tr><tr><td><b>source</b></td><td>ESCAP 1991 Mineral Resources Map of Myanmar 1:1,500,000</td></tr></table>]]></description><Point><coordinates>96.03969,22.80561</coordinates></Point></Placemark><Placemark><name>Saph</name><visibility>0</visibility><Style><IconStyle><color>ffc69be5</color><scale>0.8</scale><Icon><href>http://maps.google.com/mapfiles/kml/shapes/placemark_circle.png</href></Icon></IconStyle></Style><description><![CDATA[<table><tr><td><b>occ_id</b></td><td>29</td></tr><tr><td><b>group</b></td><td>STONES</td></tr><tr><td><b>group_en</b></td><td>Precious stones</td></tr><tr><td><b>group_th</b></td><td>อัญมณี</td></tr><tr><td><b>commodity</b></td><td>Saph</td></tr><tr><td><b>commodity_name</b></td><td>Sapphire</td></tr><tr><td><b>label_text</b></td><td>Saph</td></tr><tr><td><b>label_status</b></td><td>label read (OCR)</td></tr><tr><td><b>how</b></td><td>manual review</td></tr><tr><td><b>review</b></td><td>added: cand review</td></tr><tr><td><b>colour</b></td><td>-</td></tr><tr><td><b>sym_shape</b></td><td>(added in review)</td></tr><tr><td><b>in_shan</b></td><td>no (neighbouring state, within 80 km)</td></tr><tr><td><b>state</b></td><td>Mandalay</td></tr><tr><td><b>state_pcode</b></td><td>MMR010</td></tr><tr><td><b>lon</b></td><td>96.2927</td></tr><tr><td><b>lat</b></td><td>22.79538</td></tr><tr><td><b>source</b></td><td>ESCAP 1991 Mineral Resources Map of Myanmar 1:1,500,000</td></tr></table>]]></description><Point><coordinates>96.2927,22.79538</coordinates></Point></Placemark><Placemark><name>Gr</name><visibility>0</visibility><Style><IconStyle><color>ff3ca69f</color><scale>0.8</scale><Icon><href>http://maps.google.com/mapfiles/kml/shapes/placemark_circle.png</href></Icon></IconStyle></Style><description><![CDATA[<table><tr><td><b>occ_id</b></td><td>30</td></tr><tr><td><b>group</b></td><td>INDUSTRIAL</td></tr><tr><td><b>group_en</b></td><td>Other industrial minerals</td></tr><tr><td><b>group_th</b></td><td>แร่อุตสาหกรรมอื่น</td></tr><tr><td><b>commodity</b></td><td>Gr</td></tr><tr><td><b>commodity_name</b></td><td>Graphite</td></tr><tr><td><b>label_text</b></td><td>LGr</td></tr><tr><td><b>label_status</b></td><td>label read (OCR)</td></tr><tr><td><b>label_ocr_score</b></td><td>0.81</td></tr><tr><td><b>how</b></td><td>symbol</td></tr><tr><td><b>review</b></td><td>auto</td></tr><tr><td><b>colour</b></td><td>OLIVE</td></tr><tr><td><b>sym_shape</b></td><td>triangle (down)</td></tr><tr><td><b>in_shan</b></td><td>no (neighbouring state, within 80 km)</td></tr><tr><td><b>state</b></td><td>Mandalay</td></tr><tr><td><b>state_pcode</b></td><td>MMR010</td></tr><tr><td><b>lon</b></td><td>96.01627</td></tr><tr><td><b>lat</b></td><td>22.73785</td></tr><tr><td><b>source</b></td><td>ESCAP 1991 Mineral Resources Map of Myanmar 1:1,500,000</td></tr></table>]]></description><Point><coordinates>96.01627,22.73785</coordinates></Point></Placemark><Placemark><name>Au</name><visibility>0</visibility><Style><IconStyle><color>ff1cc2e8</color><scale>0.8</scale><Icon><href>http://maps.google.com/mapfiles/kml/shapes/placemark_circle.png</href></Icon></IconStyle></Style><description><![CDATA[<table><tr><td><b>occ_id</b></td><td>31</td></tr><tr><td><b>group</b></td><td>PRECIOUS</td></tr><tr><td><b>group_en</b></td><td>Precious metals</td></tr><tr><td><b>group_th</b></td><td>โลหะมีค่า</td></tr><tr><td><b>commodity</b></td><td>Au</td></tr><tr><td><b>commodity_name</b></td><td>Gold</td></tr><tr><td><b>label_text</b></td><td>&#x27;Au</td></tr><tr><td><b>label_status</b></td><td>label read (OCR)</td></tr><tr><td><b>label_ocr_score</b></td><td>0.772</td></tr><tr><td><b>how</b></td><td>symbol</td></tr><tr><td><b>review</b></td><td>auto</td></tr><tr><td><b>colour</b></td><td>YELLOW</td></tr><tr><td><b>sym_shape</b></td><td>triangle (up)</td></tr><tr><td><b>in_shan</b></td><td>no (neighbouring state, within 80 km)</td></tr><tr><td><b>state</b></td><td>Mandalay</td></tr><tr><td><b>state_pcode</b></td><td>MMR010</td></tr><tr><td><b>lon</b></td><td>96.03926</td></tr><tr><td><b>lat</b></td><td>22.66651</td></tr><tr><td><b>source</b></td><td>ESCAP 1991 Mineral Resources Map of Myanmar 1:1,500,000</td></tr></table>]]></description><Point><coordinates>96.03926,22.66651</coordinates></Point></Placemark><Placemark><name>Au</name><visibility>0</visibility><Style><IconStyle><color>ff1cc2e8</color><scale>0.8</scale><Icon><href>http://maps.google.com/mapfiles/kml/shapes/placemark_circle.png</href></Icon></IconStyle></Style><description><![CDATA[<table><tr><td><b>occ_id</b></td><td>32</td></tr><tr><td><b>group</b></td><td>PRECIOUS</td></tr><tr><td><b>group_en</b></td><td>Precious metals</td></tr><tr><td><b>group_th</b></td><td>โลหะมีค่า</td></tr><tr><td><b>commodity</b></td><td>Au</td></tr><tr><td><b>commodity_name</b></td><td>Gold</td></tr><tr><td><b>label_text</b></td><td>Au</td></tr><tr><td><b>label_status</b></td><td>label read (OCR)</td></tr><tr><td><b>label_ocr_score</b></td><td>0.94</td></tr><tr><td><b>how</b></td><td>symbol</td></tr><tr><td><b>review</b></td><td>auto</td></tr><tr><td><b>colour</b></td><td>YELLOW</td></tr><tr><td><b>sym_shape</b></td><td>triangle (up)</td></tr><tr><td><b>in_shan</b></td><td>no (neighbouring state, within 80 km)</td></tr><tr><td><b>state</b></td><td>Mandalay</td></tr><tr><td><b>state_pcode</b></td><td>MMR010</td></tr><tr><td><b>lon</b></td><td>96.07921</td></tr><tr><td><b>lat</b></td><td>22.63219</td></tr><tr><td><b>source</b></td><td>ESCAP 1991 Mineral Resources Map of Myanmar 1:1,500,000</td></tr></table>]]></description><Point><coordinates>96.07921,22.63219</coordinates></Point></Placemark><Placemark><name>Mb</name><visibility>0</visibility><Style><IconStyle><color>ff3ca69f</color><scale>0.8</scale><Icon><href>http://maps.google.com/mapfiles/kml/shapes/placemark_circle.png</href></Icon></IconStyle></Style><description><![CDATA[<table><tr><td><b>occ_id</b></td><td>33</td></tr><tr><td><b>group</b></td><td>INDUSTRIAL</td></tr><tr><td><b>group_en</b></td><td>Other industrial minerals</td></tr><tr><td><b>group_th</b></td><td>แร่อุตสาหกรรมอื่น</td></tr><tr><td><b>commodity</b></td><td>Mb</td></tr><tr><td><b>commodity_name</b></td><td>Marble</td></tr><tr><td><b>label_text</b></td><td>Mb</td></tr><tr><td><b>label_status</b></td><td>label read (OCR)</td></tr><tr><td><b>how</b></td><td>symbol</td></tr><tr><td><b>review</b></td><td>checked: neighbour review</td></tr><tr><td><b>colour</b></td><td>OLIVE</td></tr><tr><td><b>sym_shape</b></td><td>other</td></tr><tr><td><b>in_shan</b></td><td>no (neighbouring state, within 80 km)</td></tr><tr><td><b>state</b></td><td>Mandalay</td></tr><tr><td><b>state_pcode</b></td><td>MMR010</td></tr><tr><td><b>lon</b></td><td>96.06938</td></tr><tr><td><b>lat</b></td><td>22.30933</td></tr><tr><td><b>source</b></td><td>ESCAP 1991 Mineral Resources Map of Myanmar 1:1,500,000</td></tr></table>]]></description><Point><coordinates>96.06938,22.30933</coordinates></Point></Placemark><Placemark><name>Gr</name><visibility>0</visibility><Style><IconStyle><color>ff3ca69f</color><scale>0.8</scale><Icon><href>http://maps.google.com/mapfiles/kml/shapes/placemark_circle.png</href></Icon></IconStyle></Style><description><![CDATA[<table><tr><td><b>occ_id</b></td><td>34</td></tr><tr><td><b>group</b></td><td>INDUSTRIAL</td></tr><tr><td><b>group_en</b></td><td>Other industrial minerals</td></tr><tr><td><b>group_th</b></td><td>แร่อุตสาหกรรมอื่น</td></tr><tr><td><b>commodity</b></td><td>Gr</td></tr><tr><td><b>commodity_name</b></td><td>Graphite</td></tr><tr><td><b>label_text</b></td><td>Gr</td></tr><tr><td><b>label_status</b></td><td>label read (OCR)</td></tr><tr><td><b>how</b></td><td>symbol</td></tr><tr><td><b>review</b></td><td>checked: neighbour review</td></tr><tr><td><b>colour</b></td><td>OLIVE</td></tr><tr><td><b>sym_shape</b></td><td>triangle (down)</td></tr><tr><td><b>in_shan</b></td><td>no (neighbouring state, within 80 km)</td></tr><tr><td><b>state</b></td><td>Mandalay</td></tr><tr><td><b>state_pcode</b></td><td>MMR010</td></tr><tr><td><b>lon</b></td><td>96.06393</td></tr><tr><td><b>lat</b></td><td>22.25812</td></tr><tr><td><b>source</b></td><td>ESCAP 1991 Mineral Resources Map of Myanmar 1:1,500,000</td></tr></table>]]></description><Point><coordinates>96.06393,22.25812</coordinates></Point></Placemark><Placemark><name>Au</name><visibility>0</visibility><Style><IconStyle><color>ff1cc2e8</color><scale>0.8</scale><Icon><href>http://maps.google.com/mapfiles/kml/shapes/placemark_circle.png</href></Icon></IconStyle></Style><description><![CDATA[<table><tr><td><b>occ_id</b></td><td>35</td></tr><tr><td><b>group</b></td><td>PRECIOUS</td></tr><tr><td><b>group_en</b></td><td>Precious metals</td></tr><tr><td><b>group_th</b></td><td>โลหะมีค่า</td></tr><tr><td><b>commodity</b></td><td>Au</td></tr><tr><td><b>commodity_name</b></td><td>Gold</td></tr><tr><td><b>label_text</b></td><td>Au</td></tr><tr><td><b>label_status</b></td><td>label read (OCR)</td></tr><tr><td><b>how</b></td><td>symbol</td></tr><tr><td><b>review</b></td><td>checked: neighbour review</td></tr><tr><td><b>colour</b></td><td>YELLOW</td></tr><tr><td><b>sym_shape</b></td><td>triangle (up)</td></tr><tr><td><b>in_shan</b></td><td>no (neighbouring state, within 80 km)</td></tr><tr><td><b>state</b></td><td>Mandalay</td></tr><tr><td><b>state_pcode</b></td><td>MMR010</td></tr><tr><td><b>lon</b></td><td>96.25197</td></tr><tr><td><b>lat</b></td><td>22.12409</td></tr><tr><td><b>source</b></td><td>ESCAP 1991 Mineral Resources Map of Myanmar 1:1,500,000</td></tr></table>]]></description><Point><coordinates>96.25197,22.12409</coordinates></Point></Placemark><Placemark><name>Mb</name><visibility>0</visibility><Style><IconStyle><color>ff3ca69f</color><scale>0.8</scale><Icon><href>http://maps.google.com/mapfiles/kml/shapes/placemark_circle.png</href></Icon></IconStyle></Style><description><![CDATA[<table><tr><td><b>occ_id</b></td><td>36</td></tr><tr><td><b>group</b></td><td>INDUSTRIAL</td></tr><tr><td><b>group_en</b></td><td>Other industrial minerals</td></tr><tr><td><b>group_th</b></td><td>แร่อุตสาหกรรมอื่น</td></tr><tr><td><b>commodity</b></td><td>Mb</td></tr><tr><td><b>commodity_name</b></td><td>Marble</td></tr><tr><td><b>label_text</b></td><td>Mb</td></tr><tr><td><b>label_status</b></td><td>label read (OCR)</td></tr><tr><td><b>label_ocr_score</b></td><td>0.993</td></tr><tr><td><b>how</b></td><td>symbol</td></tr><tr><td><b>review</b></td><td>auto</td></tr><tr><td><b>colour</b></td><td>OLIVE</td></tr><tr><td><b>sym_shape</b></td><td>half-disc (flat top)</td></tr><tr><td><b>in_shan</b></td><td>no (neighbouring state, within 80 km)</td></tr><tr><td><b>state</b></td><td>Mandalay</td></tr><tr><td><b>state_pcode</b></td><td>MMR010</td></tr><tr><td><b>lon</b></td><td>96.48415</td></tr><tr><td><b>lat</b></td><td>22.09856</td></tr><tr><td><b>source</b></td><td>ESCAP 1991 Mineral Resources Map of Myanmar 1:1,500,000</td></tr></table>]]></description><Point><coordinates>96.48415,22.09856</coordinates></Point></Placemark><Placemark><name>Ls</name><visibility>0</visibility><Style><IconStyle><color>ff3ca69f</color><scale>0.8</scale><Icon><href>http://maps.google.com/mapfiles/kml/shapes/placemark_circle.png</href></Icon></IconStyle></Style><description><![CDATA[<table><tr><td><b>occ_id</b></td><td>37</td></tr><tr><td><b>group</b></td><td>INDUSTRIAL</td></tr><tr><td><b>group_en</b></td><td>Other industrial minerals</td></tr><tr><td><b>group_th</b></td><td>แร่อุตสาหกรรมอื่น</td></tr><tr><td><b>commodity</b></td><td>Ls</td></tr><tr><td><b>commodity_name</b></td><td>Limestone</td></tr><tr><td><b>label_text</b></td><td>Ls</td></tr><tr><td><b>label_status</b></td><td>label read (OCR)</td></tr><tr><td><b>how</b></td><td>manual review</td></tr><tr><td><b>review</b></td><td>added: audit2 t20</td></tr><tr><td><b>colour</b></td><td>-</td></tr><tr><td><b>sym_shape</b></td><td>(added in review)</td></tr><tr><td><b>in_shan</b></td><td>no (neighbouring state, within 80 km)</td></tr><tr><td><b>state</b></td><td>Mandalay</td></tr><tr><td><b>state_pcode</b></td><td>MMR010</td></tr><tr><td><b>lon</b></td><td>96.19258</td></tr><tr><td><b>lat</b></td><td>22.08061</td></tr><tr><td><b>source</b></td><td>ESCAP 1991 Mineral Resources Map of Myanmar 1:1,500,000</td></tr></table>]]></description><Point><coordinates>96.19258,22.08061</coordinates></Point></Placemark><Placemark><name>Qc</name><visibility>0</visibility><Style><IconStyle><color>ffd0864f</color><scale>0.8</scale><Icon><href>http://maps.google.com/mapfiles/kml/shapes/placemark_circle.png</href></Icon></IconStyle></Style><description><![CDATA[<table><tr><td><b>occ_id</b></td><td>38</td></tr><tr><td><b>group</b></td><td>CERAMIC</td></tr><tr><td><b>group_en</b></td><td>Ceramic and refractory minerals</td></tr><tr><td><b>group_th</b></td><td>แร่เซรามิกและวัสดุทนไฟ</td></tr><tr><td><b>commodity</b></td><td>Qc</td></tr><tr><td><b>commodity_name</b></td><td>Quartz crystal</td></tr><tr><td><b>label_text</b></td><td>Qc</td></tr><tr><td><b>label_status</b></td><td>label read (OCR)</td></tr><tr><td><b>how</b></td><td>symbol</td></tr><tr><td><b>review</b></td><td>checked: neighbour review</td></tr><tr><td><b>colour</b></td><td>BLUE</td></tr><tr><td><b>sym_shape</b></td><td>circle</td></tr><tr><td><b>in_shan</b></td><td>no (neighbouring state, within 80 km)</td></tr><tr><td><b>state</b></td><td>Mandalay</td></tr><tr><td><b>state_pcode</b></td><td>MMR010</td></tr><tr><td><b>lon</b></td><td>96.27982</td></tr><tr><td><b>lat</b></td><td>22.0602</td></tr><tr><td><b>source</b></td><td>ESCAP 1991 Mineral Resources Map of Myanmar 1:1,500,000</td></tr></table>]]></description><Point><coordinates>96.27982,22.0602</coordinates></Point></Placemark><Placemark><name>Ls</name><visibility>0</visibility><Style><IconStyle><color>ff3ca69f</color><scale>0.8</scale><Icon><href>http://maps.google.com/mapfiles/kml/shapes/placemark_circle.png</href></Icon></IconStyle></Style><description><![CDATA[<table><tr><td><b>occ_id</b></td><td>39</td></tr><tr><td><b>group</b></td><td>INDUSTRIAL</td></tr><tr><td><b>group_en</b></td><td>Other industrial minerals</td></tr><tr><td><b>group_th</b></td><td>แร่อุตสาหกรรมอื่น</td></tr><tr><td><b>commodity</b></td><td>Ls</td></tr><tr><td><b>commodity_name</b></td><td>Limestone</td></tr><tr><td><b>label_text</b></td><td>LS,II,3</td></tr><tr><td><b>label_status</b></td><td>label read (OCR)</td></tr><tr><td><b>label_ocr_score</b></td><td>0.602</td></tr><tr><td><b>how</b></td><td>symbol</td></tr><tr><td><b>review</b></td><td>auto</td></tr><tr><td><b>colour</b></td><td>OLIVE</td></tr><tr><td><b>sym_shape</b></td><td>half-disc (flat top)</td></tr><tr><td><b>in_shan</b></td><td>no (neighbouring state, within 80 km)</td></tr><tr><td><b>state</b></td><td>Mandalay</td></tr><tr><td><b>state_pcode</b></td><td>MMR010</td></tr><tr><td><b>lon</b></td><td>96.59349</td></tr><tr><td><b>lat</b></td><td>22.03503</td></tr><tr><td><b>source</b></td><td>ESCAP 1991 Mineral Resources Map of Myanmar 1:1,500,000</td></tr></table>]]></description><Point><coordinates>96.59349,22.03503</coordinates></Point></Placemark><Placemark><name>Bx</name><visibility>0</visibility><Style><IconStyle><color>ff3ca69f</color><scale>0.8</scale><Icon><href>http://maps.google.com/mapfiles/kml/shapes/placemark_circle.png</href></Icon></IconStyle></Style><description><![CDATA[<table><tr><td><b>occ_id</b></td><td>40</td></tr><tr><td><b>group</b></td><td>INDUSTRIAL</td></tr><tr><td><b>group_en</b></td><td>Other industrial minerals</td></tr><tr><td><b>group_th</b></td><td>แร่อุตสาหกรรมอื่น</td></tr><tr><td><b>commodity</b></td><td>Bx</td></tr><tr><td><b>commodity_name</b></td><td>Bauxite</td></tr><tr><td><b>label_text</b></td><td>Bx</td></tr><tr><td><b>label_status</b></td><td>label read (OCR)</td></tr><tr><td><b>label_ocr_score</b></td><td>0.977</td></tr><tr><td><b>how</b></td><td>label only</td></tr><tr><td><b>review</b></td><td>auto</td></tr><tr><td><b>colour</b></td><td>-</td></tr><tr><td><b>sym_shape</b></td><td>(symbol not recognised)</td></tr><tr><td><b>in_shan</b></td><td>no (neighbouring state, within 80 km)</td></tr><tr><td><b>state</b></td><td>Mandalay</td></tr><tr><td><b>state_pcode</b></td><td>MMR010</td></tr><tr><td><b>lon</b></td><td>96.53388</td></tr><tr><td><b>lat</b></td><td>21.98027</td></tr><tr><td><b>source</b></td><td>ESCAP 1991 Mineral Resources Map of Myanmar 1:1,500,000</td></tr></table>]]></description><Point><coordinates>96.53388,21.98027</coordinates></Point></Placemark><Placemark><name>Bx,Cly</name><visibility>0</visibility><Style><IconStyle><color>ffd0864f</color><scale>0.8</scale><Icon><href>http://maps.google.com/mapfiles/kml/shapes/placemark_circle.png</href></Icon></IconStyle></Style><description><![CDATA[<table><tr><td><b>occ_id</b></td><td>41</td></tr><tr><td><b>group</b></td><td>CERAMIC</td></tr><tr><td><b>group_en</b></td><td>Ceramic and refractory minerals</td></tr><tr><td><b>group_th</b></td><td>แร่เซรามิกและวัสดุทนไฟ</td></tr><tr><td><b>commodity</b></td><td>Bx,Cly</td></tr><tr><td><b>commodity_name</b></td><td>Bauxite, Clays (ceramic &amp; refractory)</td></tr><tr><td><b>label_text</b></td><td>Bx,Cly</td></tr><tr><td><b>label_status</b></td><td>label read (OCR)</td></tr><tr><td><b>label_ocr_score</b></td><td>0.705</td></tr><tr><td><b>how</b></td><td>symbol</td></tr><tr><td><b>review</b></td><td>checked: audit2 t20</td></tr><tr><td><b>colour</b></td><td>BLUE</td></tr><tr><td><b>sym_shape</b></td><td>half-disc (flat bottom)</td></tr><tr><td><b>in_shan</b></td><td>no (neighbouring state, within 80 km)</td></tr><tr><td><b>state</b></td><td>Mandalay</td></tr><tr><td><b>state_pcode</b></td><td>MMR010</td></tr><tr><td><b>lon</b></td><td>96.65676</td></tr><tr><td><b>lat</b></td><td>21.93431</td></tr><tr><td><b>source</b></td><td>ESCAP 1991 Mineral Resources Map of Myanmar 1:1,500,000</td></tr></table>]]></description><Point><coordinates>96.65676,21.93431</coordinates></Point></Placemark><Placemark><name>Ba</name><visibility>0</visibility><Style><IconStyle><color>ff557a2f</color><scale>0.8</scale><Icon><href>http://maps.google.com/mapfiles/kml/shapes/placemark_circle.png</href></Icon></IconStyle></Style><description><![CDATA[<table><tr><td><b>occ_id</b></td><td>42</td></tr><tr><td><b>group</b></td><td>CHEM</td></tr><tr><td><b>group_en</b></td><td>Chemical and fertilizer minerals</td></tr><tr><td><b>group_th</b></td><td>แร่เคมีและแร่ปุ๋ย</td></tr><tr><td><b>commodity</b></td><td>Ba</td></tr><tr><td><b>commodity_name</b></td><td>Barite</td></tr><tr><td><b>label_text</b></td><td>Ba,6:</td></tr><tr><td><b>label_status</b></td><td>label read (OCR)</td></tr><tr><td><b>label_ocr_score</b></td><td>0.65</td></tr><tr><td><b>how</b></td><td>symbol</td></tr><tr><td><b>review</b></td><td>auto</td></tr><tr><td><b>colour</b></td><td>GREEN</td></tr><tr><td><b>sym_shape</b></td><td>triangle (down)</td></tr><tr><td><b>in_shan</b></td><td>no (neighbouring state, within 80 km)</td></tr><tr><td><b>state</b></td><td>Mandalay</td></tr><tr><td><b>state_pcode</b></td><td>MMR010</td></tr><tr><td><b>lon</b></td><td>96.26086</td></tr><tr><td><b>lat</b></td><td>21.92266</td></tr><tr><td><b>source</b></td><td>ESCAP 1991 Mineral Resources Map of Myanmar 1:1,500,000</td></tr></table>]]></description><Point><coordinates>96.26086,21.92266</coordinates></Point></Placemark><Placemark><name>Other industrial minerals</name><visibility>0</visibility><Style><IconStyle><color>ff3ca69f</color><scale>0.8</scale><Icon><href>http://maps.google.com/mapfiles/kml/shapes/placemark_circle.png</href></Icon></IconStyle></Style><description><![CDATA[<table><tr><td><b>occ_id</b></td><td>43</td></tr><tr><td><b>group</b></td><td>INDUSTRIAL</td></tr><tr><td><b>group_en</b></td><td>Other industrial minerals</td></tr><tr><td><b>group_th</b></td><td>แร่อุตสาหกรรมอื่น</td></tr><tr><td><b>label_status</b></td><td>no legible label - class from symbol only</td></tr><tr><td><b>how</b></td><td>symbol</td></tr><tr><td><b>review</b></td><td>auto</td></tr><tr><td><b>colour</b></td><td>OLIVE</td></tr><tr><td><b>sym_shape</b></td><td>triangle (down)</td></tr><tr><td><b>in_shan</b></td><td>no (neighbouring state, within 80 km)</td></tr><tr><td><b>state</b></td><td>Mandalay</td></tr><tr><td><b>state_pcode</b></td><td>MMR010</td></tr><tr><td><b>lon</b></td><td>96.14342</td></tr><tr><td><b>lat</b></td><td>21.9177</td></tr><tr><td><b>source</b></td><td>ESCAP 1991 Mineral Resources Map of Myanmar 1:1,500,000</td></tr></table>]]></description><Point><coordinates>96.14342,21.9177</coordinates></Point></Placemark><Placemark><name>Ba</name><visibility>0</visibility><Style><IconStyle><color>ff557a2f</color><scale>0.8</scale><Icon><href>http://maps.google.com/mapfiles/kml/shapes/placemark_circle.png</href></Icon></IconStyle></Style><description><![CDATA[<table><tr><td><b>occ_id</b></td><td>44</td></tr><tr><td><b>group</b></td><td>CHEM</td></tr><tr><td><b>group_en</b></td><td>Chemical and fertilizer minerals</td></tr><tr><td><b>group_th</b></td><td>แร่เคมีและแร่ปุ๋ย</td></tr><tr><td><b>commodity</b></td><td>Ba</td></tr><tr><td><b>commodity_name</b></td><td>Barite</td></tr><tr><td><b>label_text</b></td><td>Ba</td></tr><tr><td><b>label_status</b></td><td>label read (OCR)</td></tr><tr><td><b>label_ocr_score</b></td><td>0.835</td></tr><tr><td><b>how</b></td><td>symbol</td></tr><tr><td><b>review</b></td><td>auto</td></tr><tr><td><b>colour</b></td><td>GREEN</td></tr><tr><td><b>sym_shape</b></td><td>diamond</td></tr><tr><td><b>in_shan</b></td><td>no (neighbouring state, within 80 km)</td></tr><tr><td><b>state</b></td><td>Mandalay</td></tr><tr><td><b>state_pcode</b></td><td>MMR010</td></tr><tr><td><b>lon</b></td><td>96.33855</td></tr><tr><td><b>lat</b></td><td>21.90717</td></tr><tr><td><b>source</b></td><td>ESCAP 1991 Mineral Resources Map of Myanmar 1:1,500,000</td></tr></table>]]></description><Point><coordinates>96.33855,21.90717</coordinates></Point></Placemark><Placemark><name>Ba</name><visibility>0</visibility><Style><IconStyle><color>ff557a2f</color><scale>0.8</scale><Icon><href>http://maps.google.com/mapfiles/kml/shapes/placemark_circle.png</href></Icon></IconStyle></Style><description><![CDATA[<table><tr><td><b>occ_id</b></td><td>45</td></tr><tr><td><b>group</b></td><td>CHEM</td></tr><tr><td><b>group_en</b></td><td>Chemical and fertilizer minerals</td></tr><tr><td><b>group_th</b></td><td>แร่เคมีและแร่ปุ๋ย</td></tr><tr><td><b>commodity</b></td><td>Ba</td></tr><tr><td><b>commodity_name</b></td><td>Barite</td></tr><tr><td><b>label_text</b></td><td>Ba</td></tr><tr><td><b>label_status</b></td><td>label read (OCR)</td></tr><tr><td><b>label_ocr_score</b></td><td>0.967</td></tr><tr><td><b>how</b></td><td>symbol</td></tr><tr><td><b>review</b></td><td>auto</td></tr><tr><td><b>colour</b></td><td>GREEN</td></tr><tr><td><b>sym_shape</b></td><td>half-disc (flat bottom)</td></tr><tr><td><b>in_shan</b></td><td>no (neighbouring state, within 80 km)</td></tr><tr><td><b>state</b></td><td>Mandalay</td></tr><tr><td><b>state_pcode</b></td><td>MMR010</td></tr><tr><td><b>lon</b></td><td>96.42693</td></tr><tr><td><b>lat</b></td><td>21.90066</td></tr><tr><td><b>source</b></td><td>ESCAP 1991 Mineral Resources Map of Myanmar 1:1,500,000</td></tr></table>]]></description><Point><coordinates>96.42693,21.90066</coordinates></Point></Placemark><Placemark><name>Ba</name><visibility>0</visibility><Style><IconStyle><color>ff557a2f</color><scale>0.8</scale><Icon><href>http://maps.google.com/mapfiles/kml/shapes/placemark_circle.png</href></Icon></IconStyle></Style><description><![CDATA[<table><tr><td><b>occ_id</b></td><td>46</td></tr><tr><td><b>group</b></td><td>CHEM</td></tr><tr><td><b>group_en</b></td><td>Chemical and fertilizer minerals</td></tr><tr><td><b>group_th</b></td><td>แร่เคมีและแร่ปุ๋ย</td></tr><tr><td><b>commodity</b></td><td>Ba</td></tr><tr><td><b>commodity_name</b></td><td>Barite</td></tr><tr><td><b>label_text</b></td><td>Ba</td></tr><tr><td><b>label_status</b></td><td>label read (OCR)</td></tr><tr><td><b>how</b></td><td>symbol</td></tr><tr><td><b>review</b></td><td>checked: neighbour review</td></tr><tr><td><b>colour</b></td><td>GREEN</td></tr><tr><td><b>sym_shape</b></td><td>half-disc (flat bottom)</td></tr><tr><td><b>in_shan</b></td><td>no (neighbouring state, within 80 km)</td></tr><tr><td><b>state</b></td><td>Mandalay</td></tr><tr><td><b>state_pcode</b></td><td>MMR010</td></tr><tr><td><b>lon</b></td><td>96.2583</td></tr><tr><td><b>lat</b></td><td>21.87769</td></tr><tr><td><b>source</b></td><td>ESCAP 1991 Mineral Resources Map of Myanmar 1:1,500,000</td></tr></table>]]></description><Point><coordinates>96.2583,21.87769</coordinates></Point></Placemark><Placemark><name>Mine (operating / abandoned)</name><visibility>0</visibility><Style><IconStyle><color>ff000000</color><scale>0.8</scale><Icon><href>http://maps.google.com/mapfiles/kml/shapes/placemark_circle.png</href></Icon></IconStyle></Style><description><![CDATA[<table><tr><td><b>occ_id</b></td><td>47</td></tr><tr><td><b>group</b></td><td>MINE</td></tr><tr><td><b>group_en</b></td><td>Mine (operating / abandoned)</td></tr><tr><td><b>group_th</b></td><td>เหมือง (เปิดดำเนินการ / ร้าง)</td></tr><tr><td><b>label_status</b></td><td>no legible label - class from symbol only</td></tr><tr><td><b>how</b></td><td>mine symbol (no label)</td></tr><tr><td><b>review</b></td><td>auto</td></tr><tr><td><b>colour</b></td><td>BLACK</td></tr><tr><td><b>sym_shape</b></td><td>crossed hammers</td></tr><tr><td><b>in_shan</b></td><td>no (neighbouring state, within 80 km)</td></tr><tr><td><b>state</b></td><td>Mandalay</td></tr><tr><td><b>state_pcode</b></td><td>MMR010</td></tr><tr><td><b>lon</b></td><td>96.52697</td></tr><tr><td><b>lat</b></td><td>21.86577</td></tr><tr><td><b>source</b></td><td>ESCAP 1991 Mineral Resources Map of Myanmar 1:1,500,000</td></tr></table>]]></description><Point><coordinates>96.52697,21.86577</coordinates></Point></Placemark><Placemark><name>Ba</name><visibility>0</visibility><Style><IconStyle><color>ff557a2f</color><scale>0.8</scale><Icon><href>http://maps.google.com/mapfiles/kml/shapes/placemark_circle.png</href></Icon></IconStyle></Style><description><![CDATA[<table><tr><td><b>occ_id</b></td><td>48</td></tr><tr><td><b>group</b></td><td>CHEM</td></tr><tr><td><b>group_en</b></td><td>Chemical and fertilizer minerals</td></tr><tr><td><b>group_th</b></td><td>แร่เคมีและแร่ปุ๋ย</td></tr><tr><td><b>commodity</b></td><td>Ba</td></tr><tr><td><b>commodity_name</b></td><td>Barite</td></tr><tr><td><b>label_text</b></td><td>Ba</td></tr><tr><td><b>label_status</b></td><td>label read (OCR)</td></tr><tr><td><b>label_ocr_score</b></td><td>0.908</td></tr><tr><td><b>how</b></td><td>symbol</td></tr><tr><td><b>review</b></td><td>auto</td></tr><tr><td><b>colour</b></td><td>GREEN</td></tr><tr><td><b>sym_shape</b></td><td>diamond</td></tr><tr><td><b>in_shan</b></td><td>no (neighbouring state, within 80 km)</td></tr><tr><td><b>state</b></td><td>Mandalay</td></tr><tr><td><b>state_pcode</b></td><td>MMR010</td></tr><tr><td><b>lon</b></td><td>96.45646</td></tr><tr><td><b>lat</b></td><td>21.81932</td></tr><tr><td><b>source</b></td><td>ESCAP 1991 Mineral Resources Map of Myanmar 1:1,500,000</td></tr></table>]]></description><Point><coordinates>96.45646,21.81932</coordinates></Point></Placemark><Placemark><name>Ba</name><visibility>0</visibility><Style><IconStyle><color>ff557a2f</color><scale>0.8</scale><Icon><href>http://maps.google.com/mapfiles/kml/shapes/placemark_circle.png</href></Icon></IconStyle></Style><description><![CDATA[<table><tr><td><b>occ_id</b></td><td>49</td></tr><tr><td><b>group</b></td><td>CHEM</td></tr><tr><td><b>group_en</b></td><td>Chemical and fertilizer minerals</td></tr><tr><td><b>group_th</b></td><td>แร่เคมีและแร่ปุ๋ย</td></tr><tr><td><b>commodity</b></td><td>Ba</td></tr><tr><td><b>commodity_name</b></td><td>Barite</td></tr><tr><td><b>label_text</b></td><td>Bo</td></tr><tr><td><b>label_status</b></td><td>label read (OCR)</td></tr><tr><td><b>label_ocr_score</b></td><td>0.83</td></tr><tr><td><b>how</b></td><td>symbol</td></tr><tr><td><b>review</b></td><td>auto</td></tr><tr><td><b>colour</b></td><td>GREEN</td></tr><tr><td><b>sym_shape</b></td><td>diamond</td></tr><tr><td><b>in_shan</b></td><td>no (neighbouring state, within 80 km)</td></tr><tr><td><b>state</b></td><td>Mandalay</td></tr><tr><td><b>state_pcode</b></td><td>MMR010</td></tr><tr><td><b>lon</b></td><td>96.39661</td></tr><tr><td><b>lat</b></td><td>21.80219</td></tr><tr><td><b>source</b></td><td>ESCAP 1991 Mineral Resources Map of Myanmar 1:1,500,000</td></tr></table>]]></description><Point><coordinates>96.39661,21.80219</coordinates></Point></Placemark><Placemark><name>Ba</name><visibility>0</visibility><Style><IconStyle><color>ff557a2f</color><scale>0.8</scale><Icon><href>http://maps.google.com/mapfiles/kml/shapes/placemark_circle.png</href></Icon></IconStyle></Style><description><![CDATA[<table><tr><td><b>occ_id</b></td><td>50</td></tr><tr><td><b>group</b></td><td>CHEM</td></tr><tr><td><b>group_en</b></td><td>Chemical and fertilizer minerals</td></tr><tr><td><b>group_th</b></td><td>แร่เคมีและแร่ปุ๋ย</td></tr><tr><td><b>commodity</b></td><td>Ba</td></tr><tr><td><b>commodity_name</b></td><td>Barite</td></tr><tr><td><b>label_text</b></td><td>Ba</td></tr><tr><td><b>label_status</b></td><td>label read (OCR)</td></tr><tr><td><b>how</b></td><td>manual review</td></tr><tr><td><b>review</b></td><td>added: audit2 t27</td></tr><tr><td><b>colour</b></td><td>-</td></tr><tr><td><b>sym_shape</b></td><td>(added in review)</td></tr><tr><td><b>in_shan</b></td><td>no (neighbouring state, within 80 km)</td></tr><tr><td><b>state</b></td><td>Mandalay</td></tr><tr><td><b>state_pcode</b></td><td>MMR010</td></tr><tr><td><b>lon</b></td><td>96.23534</td></tr><tr><td><b>lat</b></td><td>21.78057</td></tr><tr><td><b>source</b></td><td>ESCAP 1991 Mineral Resources Map of Myanmar 1:1,500,000</td></tr></table>]]></description><Point><coordinates>96.23534,21.78057</coordinates></Point></Placemark><Placemark><name>Ls</name><visibility>0</visibility><Style><IconStyle><color>ff3ca69f</color><scale>0.8</scale><Icon><href>http://maps.google.com/mapfiles/kml/shapes/placemark_circle.png</href></Icon></IconStyle></Style><description><![CDATA[<table><tr><td><b>occ_id</b></td><td>51</td></tr><tr><td><b>group</b></td><td>INDUSTRIAL</td></tr><tr><td><b>group_en</b></td><td>Other industrial minerals</td></tr><tr><td><b>group_th</b></td><td>แร่อุตสาหกรรมอื่น</td></tr><tr><td><b>commodity</b></td><td>Ls</td></tr><tr><td><b>commodity_name</b></td><td>Limestone</td></tr><tr><td><b>label_text</b></td><td>Ls</td></tr><tr><td><b>label_status</b></td><td>label read (OCR)</td></tr><tr><td><b>how</b></td><td>manual review</td></tr><tr><td><b>review</b></td><td>added: audit2 t27</td></tr><tr><td><b>colour</b></td><td>-</td></tr><tr><td><b>sym_shape</b></td><td>(added in review)</td></tr><tr><td><b>in_shan</b></td><td>no (neighbouring state, within 80 km)</td></tr><tr><td><b>state</b></td><td>Mandalay</td></tr><tr><td><b>state_pcode</b></td><td>MMR010</td></tr><tr><td><b>lon</b></td><td>96.16849</td></tr><tr><td><b>lat</b></td><td>21.66063</td></tr><tr><td><b>source</b></td><td>ESCAP 1991 Mineral Resources Map of Myanmar 1:1,500,000</td></tr></table>]]></description><Point><coordinates>96.16849,21.66063</coordinates></Point></Placemark><Placemark><name>Ba</name><visibility>0</visibility><Style><IconStyle><color>ff557a2f</color><scale>0.8</scale><Icon><href>http://maps.google.com/mapfiles/kml/shapes/placemark_circle.png</href></Icon></IconStyle></Style><description><![CDATA[<table><tr><td><b>occ_id</b></td><td>52</td></tr><tr><td><b>group</b></td><td>CHEM</td></tr><tr><td><b>group_en</b></td><td>Chemical and fertilizer minerals</td></tr><tr><td><b>group_th</b></td><td>แร่เคมีและแร่ปุ๋ย</td></tr><tr><td><b>commodity</b></td><td>Ba</td></tr><tr><td><b>commodity_name</b></td><td>Barite</td></tr><tr><td><b>label_text</b></td><td>Ba</td></tr><tr><td><b>label_status</b></td><td>label read (OCR)</td></tr><tr><td><b>label_ocr_score</b></td><td>0.61</td></tr><tr><td><b>how</b></td><td>symbol</td></tr><tr><td><b>review</b></td><td>checked: neighbour review</td></tr><tr><td><b>colour</b></td><td>GREEN</td></tr><tr><td><b>sym_shape</b></td><td>other</td></tr><tr><td><b>in_shan</b></td><td>no (neighbouring state, within 80 km)</td></tr><tr><td><b>state</b></td><td>Mandalay</td></tr><tr><td><b>state_pcode</b></td><td>MMR010</td></tr><tr><td><b>lon</b></td><td>96.26551</td></tr><tr><td><b>lat</b></td><td>21.65415</td></tr><tr><td><b>source</b></td><td>ESCAP 1991 Mineral Resources Map of Myanmar 1:1,500,000</td></tr></table>]]></description><Point><coordinates>96.26551,21.65415</coordinates></Point></Placemark><Placemark><name>Ba</name><visibility>0</visibility><Style><IconStyle><color>ff557a2f</color><scale>0.8</scale><Icon><href>http://maps.google.com/mapfiles/kml/shapes/placemark_circle.png</href></Icon></IconStyle></Style><description><![CDATA[<table><tr><td><b>occ_id</b></td><td>53</td></tr><tr><td><b>group</b></td><td>CHEM</td></tr><tr><td><b>group_en</b></td><td>Chemical and fertilizer minerals</td></tr><tr><td><b>group_th</b></td><td>แร่เคมีและแร่ปุ๋ย</td></tr><tr><td><b>commodity</b></td><td>Ba</td></tr><tr><td><b>commodity_name</b></td><td>Barite</td></tr><tr><td><b>label_text</b></td><td>Ba</td></tr><tr><td><b>label_status</b></td><td>label read (OCR)</td></tr><tr><td><b>how</b></td><td>symbol</td></tr><tr><td><b>review</b></td><td>checked: neighbour review</td></tr><tr><td><b>colour</b></td><td>GREEN</td></tr><tr><td><b>sym_shape</b></td><td>diamond</td></tr><tr><td><b>in_shan</b></td><td>no (neighbouring state, within 80 km)</td></tr><tr><td><b>state</b></td><td>Mandalay</td></tr><tr><td><b>state_pcode</b></td><td>MMR010</td></tr><tr><td><b>lon</b></td><td>96.30568</td></tr><tr><td><b>lat</b></td><td>21.61614</td></tr><tr><td><b>source</b></td><td>ESCAP 1991 Mineral Resources Map of Myanmar 1:1,500,000</td></tr></table>]]></description><Point><coordinates>96.30568,21.61614</coordinates></Point></Placemark><Placemark><name>Ls,Mb</name><visibility>0</visibility><Style><IconStyle><color>ff3ca69f</color><scale>0.8</scale><Icon><href>http://maps.google.com/mapfiles/kml/shapes/placemark_circle.png</href></Icon></IconStyle></Style><description><![CDATA[<table><tr><td><b>occ_id</b></td><td>54</td></tr><tr><td><b>group</b></td><td>INDUSTRIAL</td></tr><tr><td><b>group_en</b></td><td>Other industrial minerals</td></tr><tr><td><b>group_th</b></td><td>แร่อุตสาหกรรมอื่น</td></tr><tr><td><b>commodity</b></td><td>Ls,Mb</td></tr><tr><td><b>commodity_name</b></td><td>Limestone, Marble</td></tr><tr><td><b>label_text</b></td><td>Ls,Mb</td></tr><tr><td><b>label_status</b></td><td>label read (OCR)</td></tr><tr><td><b>label_ocr_score</b></td><td>0.569</td></tr><tr><td><b>how</b></td><td>symbol</td></tr><tr><td><b>review</b></td><td>checked: audit2 t27</td></tr><tr><td><b>colour</b></td><td>OLIVE</td></tr><tr><td><b>sym_shape</b></td><td>half-disc (flat top)</td></tr><tr><td><b>in_shan</b></td><td>no (neighbouring state, within 80 km)</td></tr><tr><td><b>state</b></td><td>Mandalay</td></tr><tr><td><b>state_pcode</b></td><td>MMR010</td></tr><tr><td><b>lon</b></td><td>96.17324</td></tr><tr><td><b>lat</b></td><td>21.55071</td></tr><tr><td><b>source</b></td><td>ESCAP 1991 Mineral Resources Map of Myanmar 1:1,500,000</td></tr></table>]]></description><Point><coordinates>96.17324,21.55071</coordinates></Point></Placemark><Placemark><name>Ls</name><visibility>0</visibility><Style><IconStyle><color>ff3ca69f</color><scale>0.8</scale><Icon><href>http://maps.google.com/mapfiles/kml/shapes/placemark_circle.png</href></Icon></IconStyle></Style><description><![CDATA[<table><tr><td><b>occ_id</b></td><td>55</td></tr><tr><td><b>group</b></td><td>INDUSTRIAL</td></tr><tr><td><b>group_en</b></td><td>Other industrial minerals</td></tr><tr><td><b>group_th</b></td><td>แร่อุตสาหกรรมอื่น</td></tr><tr><td><b>commodity</b></td><td>Ls</td></tr><tr><td><b>commodity_name</b></td><td>Limestone</td></tr><tr><td><b>label_text</b></td><td>Ls</td></tr><tr><td><b>label_status</b></td><td>label read (OCR)</td></tr><tr><td><b>how</b></td><td>manual review</td></tr><tr><td><b>review</b></td><td>added: audit2 t27</td></tr><tr><td><b>colour</b></td><td>-</td></tr><tr><td><b>sym_shape</b></td><td>(added in review)</td></tr><tr><td><b>in_shan</b></td><td>no (neighbouring state, within 80 km)</td></tr><tr><td><b>state</b></td><td>Mandalay</td></tr><tr><td><b>state_pcode</b></td><td>MMR010</td></tr><tr><td><b>lon</b></td><td>96.25623</td></tr><tr><td><b>lat</b></td><td>21.53334</td></tr><tr><td><b>source</b></td><td>ESCAP 1991 Mineral Resources Map of Myanmar 1:1,500,000</td></tr></table>]]></description><Point><coordinates>96.25623,21.53334</coordinates></Point></Placemark><Placemark><name>Mb</name><visibility>0</visibility><Style><IconStyle><color>ff3ca69f</color><scale>0.8</scale><Icon><href>http://maps.google.com/mapfiles/kml/shapes/placemark_circle.png</href></Icon></IconStyle></Style><description><![CDATA[<table><tr><td><b>occ_id</b></td><td>56</td></tr><tr><td><b>group</b></td><td>INDUSTRIAL</td></tr><tr><td><b>group_en</b></td><td>Other industrial minerals</td></tr><tr><td><b>group_th</b></td><td>แร่อุตสาหกรรมอื่น</td></tr><tr><td><b>commodity</b></td><td>Mb</td></tr><tr><td><b>commodity_name</b></td><td>Marble</td></tr><tr><td><b>label_text</b></td><td>Mb&#x27;</td></tr><tr><td><b>label_status</b></td><td>label read (OCR)</td></tr><tr><td><b>label_ocr_score</b></td><td>0.892</td></tr><tr><td><b>how</b></td><td>symbol</td></tr><tr><td><b>review</b></td><td>auto</td></tr><tr><td><b>colour</b></td><td>OLIVE</td></tr><tr><td><b>sym_shape</b></td><td>triangle (down)</td></tr><tr><td><b>in_shan</b></td><td>no (neighbouring state, within 80 km)</td></tr><tr><td><b>state</b></td><td>Mandalay</td></tr><tr><td><b>state_pcode</b></td><td>MMR010</td></tr><tr><td><b>lon</b></td><td>96.15507</td></tr><tr><td><b>lat</b></td><td>21.4901</td></tr><tr><td><b>source</b></td><td>ESCAP 1991 Mineral Resources Map of Myanmar 1:1,500,000</td></tr></table>]]></description><Point><coordinates>96.15507,21.4901</coordinates></Point></Placemark><Placemark><name>Au</name><visibility>0</visibility><Style><IconStyle><color>ff1cc2e8</color><scale>0.8</scale><Icon><href>http://maps.google.com/mapfiles/kml/shapes/placemark_circle.png</href></Icon></IconStyle></Style><description><![CDATA[<table><tr><td><b>occ_id</b></td><td>57</td></tr><tr><td><b>group</b></td><td>PRECIOUS</td></tr><tr><td><b>group_en</b></td><td>Precious metals</td></tr><tr><td><b>group_th</b></td><td>โลหะมีค่า</td></tr><tr><td><b>commodity</b></td><td>Au</td></tr><tr><td><b>commodity_name</b></td><td>Gold</td></tr><tr><td><b>label_text</b></td><td>Au</td></tr><tr><td><b>label_status</b></td><td>label read (OCR)</td></tr><tr><td><b>label_ocr_score</b></td><td>0.997</td></tr><tr><td><b>how</b></td><td>symbol</td></tr><tr><td><b>review</b></td><td>auto</td></tr><tr><td><b>colour</b></td><td>YELLOW</td></tr><tr><td><b>sym_shape</b></td><td>triangle (up)</td></tr><tr><td><b>in_shan</b></td><td>no (neighbouring state, within 80 km)</td></tr><tr><td><b>state</b></td><td>Mandalay</td></tr><tr><td><b>state_pcode</b></td><td>MMR010</td></tr><tr><td><b>lon</b></td><td>96.26881</td></tr><tr><td><b>lat</b></td><td>21.48509</td></tr><tr><td><b>source</b></td><td>ESCAP 1991 Mineral Resources Map of Myanmar 1:1,500,000</td></tr></table>]]></description><Point><coordinates>96.26881,21.48509</coordinates></Point></Placemark><Placemark><name>Qc</name><visibility>0</visibility><Style><IconStyle><color>ffd0864f</color><scale>0.8</scale><Icon><href>http://maps.google.com/mapfiles/kml/shapes/placemark_circle.png</href></Icon></IconStyle></Style><description><![CDATA[<table><tr><td><b>occ_id</b></td><td>58</td></tr><tr><td><b>group</b></td><td>CERAMIC</td></tr><tr><td><b>group_en</b></td><td>Ceramic and refractory minerals</td></tr><tr><td><b>group_th</b></td><td>แร่เซรามิกและวัสดุทนไฟ</td></tr><tr><td><b>commodity</b></td><td>Qc</td></tr><tr><td><b>commodity_name</b></td><td>Quartz crystal</td></tr><tr><td><b>label_text</b></td><td>Qc</td></tr><tr><td><b>label_status</b></td><td>label read (OCR)</td></tr><tr><td><b>how</b></td><td>symbol</td></tr><tr><td><b>review</b></td><td>checked: neighbour review</td></tr><tr><td><b>colour</b></td><td>BLUE</td></tr><tr><td><b>sym_shape</b></td><td>half-disc (flat bottom)</td></tr><tr><td><b>in_shan</b></td><td>no (neighbouring state, within 80 km)</td></tr><tr><td><b>state</b></td><td>Mandalay</td></tr><tr><td><b>state_pcode</b></td><td>MMR010</td></tr><tr><td><b>lon</b></td><td>96.2023</td></tr><tr><td><b>lat</b></td><td>20.89721</td></tr><tr><td><b>source</b></td><td>ESCAP 1991 Mineral Resources Map of Myanmar 1:1,500,000</td></tr></table>]]></description><Point><coordinates>96.2023,20.89721</coordinates></Point></Placemark><Placemark><name>Qc</name><visibility>0</visibility><Style><IconStyle><color>ffd0864f</color><scale>0.8</scale><Icon><href>http://maps.google.com/mapfiles/kml/shapes/placemark_circle.png</href></Icon></IconStyle></Style><description><![CDATA[<table><tr><td><b>occ_id</b></td><td>59</td></tr><tr><td><b>group</b></td><td>CERAMIC</td></tr><tr><td><b>group_en</b></td><td>Ceramic and refractory minerals</td></tr><tr><td><b>group_th</b></td><td>แร่เซรามิกและวัสดุทนไฟ</td></tr><tr><td><b>commodity</b></td><td>Qc</td></tr><tr><td><b>commodity_name</b></td><td>Quartz crystal</td></tr><tr><td><b>label_text</b></td><td>Qc</td></tr><tr><td><b>label_status</b></td><td>label read (OCR)</td></tr><tr><td><b>how</b></td><td>symbol</td></tr><tr><td><b>review</b></td><td>checked: neighbour review</td></tr><tr><td><b>colour</b></td><td>BLUE</td></tr><tr><td><b>sym_shape</b></td><td>other</td></tr><tr><td><b>in_shan</b></td><td>no (neighbouring state, within 80 km)</td></tr><tr><td><b>state</b></td><td>Mandalay</td></tr><tr><td><b>state_pcode</b></td><td>MMR010</td></tr><tr><td><b>lon</b></td><td>96.21187</td></tr><tr><td><b>lat</b></td><td>20.8481</td></tr><tr><td><b>source</b></td><td>ESCAP 1991 Mineral Resources Map of Myanmar 1:1,500,000</td></tr></table>]]></description><Point><coordinates>96.21187,20.8481</coordinates></Point></Placemark><Placemark><name>C3</name><visibility>0</visibility><Style><IconStyle><color>ffa89a9a</color><scale>0.8</scale><Icon><href>http://maps.google.com/mapfiles/kml/shapes/placemark_circle.png</href></Icon></IconStyle></Style><description><![CDATA[<table><tr><td><b>occ_id</b></td><td>60</td></tr><tr><td><b>group</b></td><td>FUEL</td></tr><tr><td><b>group_en</b></td><td>Mineral fuel (coal)</td></tr><tr><td><b>group_th</b></td><td>เชื้อเพลิงแร่ (ถ่านหิน)</td></tr><tr><td><b>commodity</b></td><td>C3</td></tr><tr><td><b>commodity_name</b></td><td>Lignite</td></tr><tr><td><b>label_text</b></td><td>C3</td></tr><tr><td><b>label_status</b></td><td>label read (OCR)</td></tr><tr><td><b>how</b></td><td>manual review</td></tr><tr><td><b>review</b></td><td>added: audit2 t34</td></tr><tr><td><b>colour</b></td><td>-</td></tr><tr><td><b>sym_shape</b></td><td>(added in review)</td></tr><tr><td><b>in_shan</b></td><td>no (neighbouring state, within 80 km)</td></tr><tr><td><b>state</b></td><td>Mandalay</td></tr><tr><td><b>state_pcode</b></td><td>MMR010</td></tr><tr><td><b>lon</b></td><td>96.39983</td></tr><tr><td><b>lat</b></td><td>20.84755</td></tr><tr><td><b>source</b></td><td>ESCAP 1991 Mineral Resources Map of Myanmar 1:1,500,000</td></tr></table>]]></description><Point><coordinates>96.39983,20.84755</coordinates></Point></Placemark><Placemark><name>U</name><visibility>0</visibility><Style><IconStyle><color>ff5f73e2</color><scale>0.8</scale><Icon><href>http://maps.google.com/mapfiles/kml/shapes/placemark_circle.png</href></Icon></IconStyle></Style><description><![CDATA[<table><tr><td><b>occ_id</b></td><td>61</td></tr><tr><td><b>group</b></td><td>RADIO</td></tr><tr><td><b>group_en</b></td><td>Radioactive elements</td></tr><tr><td><b>group_th</b></td><td>ธาตุกัมมันตรังสี</td></tr><tr><td><b>commodity</b></td><td>U</td></tr><tr><td><b>commodity_name</b></td><td>Uranium</td></tr><tr><td><b>label_text</b></td><td>.2,P2.2U,Pa.2,/2,Pa.1-</td></tr><tr><td><b>label_status</b></td><td>label read (OCR)</td></tr><tr><td><b>label_ocr_score</b></td><td>0.521</td></tr><tr><td><b>how</b></td><td>symbol</td></tr><tr><td><b>review</b></td><td>auto</td></tr><tr><td><b>colour</b></td><td>SALMON</td></tr><tr><td><b>sym_shape</b></td><td>triangle (down)</td></tr><tr><td><b>in_shan</b></td><td>no (neighbouring state, within 80 km)</td></tr><tr><td><b>state</b></td><td>Mandalay</td></tr><tr><td><b>state_pcode</b></td><td>MMR010</td></tr><tr><td><b>lon</b></td><td>96.0181</td></tr><tr><td><b>lat</b></td><td>20.79477</td></tr><tr><td><b>source</b></td><td>ESCAP 1991 Mineral Resources Map of Myanmar 1:1,500,000</td></tr></table>]]></description><Point><coordinates>96.0181,20.79477</coordinates></Point></Placemark><Placemark><name>C3</name><visibility>0</visibility><Style><IconStyle><color>ffa89a9a</color><scale>0.8</scale><Icon><href>http://maps.google.com/mapfiles/kml/shapes/placemark_circle.png</href></Icon></IconStyle></Style><description><![CDATA[<table><tr><td><b>occ_id</b></td><td>62</td></tr><tr><td><b>group</b></td><td>FUEL</td></tr><tr><td><b>group_en</b></td><td>Mineral fuel (coal)</td></tr><tr><td><b>group_th</b></td><td>เชื้อเพลิงแร่ (ถ่านหิน)</td></tr><tr><td><b>commodity</b></td><td>C3</td></tr><tr><td><b>commodity_name</b></td><td>Lignite</td></tr><tr><td><b>label_text</b></td><td>C3</td></tr><tr><td><b>label_status</b></td><td>label read (OCR)</td></tr><tr><td><b>how</b></td><td>manual review</td></tr><tr><td><b>review</b></td><td>added: audit2 t41</td></tr><tr><td><b>colour</b></td><td>-</td></tr><tr><td><b>sym_shape</b></td><td>(added in review)</td></tr><tr><td><b>in_shan</b></td><td>no (neighbouring state, within 80 km)</td></tr><tr><td><b>state</b></td><td>Mandalay</td></tr><tr><td><b>state_pcode</b></td><td>MMR010</td></tr><tr><td><b>lon</b></td><td>96.47284</td></tr><tr><td><b>lat</b></td><td>20.78812</td></tr><tr><td><b>source</b></td><td>ESCAP 1991 Mineral Resources Map of Myanmar 1:1,500,000</td></tr></table>]]></description><Point><coordinates>96.47284,20.78812</coordinates></Point></Placemark><Placemark><name>Au</name><visibility>0</visibility><Style><IconStyle><color>ff1cc2e8</color><scale>0.8</scale><Icon><href>http://maps.google.com/mapfiles/kml/shapes/placemark_circle.png</href></Icon></IconStyle></Style><description><![CDATA[<table><tr><td><b>occ_id</b></td><td>63</td></tr><tr><td><b>group</b></td><td>PRECIOUS</td></tr><tr><td><b>group_en</b></td><td>Precious metals</td></tr><tr><td><b>group_th</b></td><td>โลหะมีค่า</td></tr><tr><td><b>commodity</b></td><td>Au</td></tr><tr><td><b>commodity_name</b></td><td>Gold</td></tr><tr><td><b>label_text</b></td><td>Au</td></tr><tr><td><b>label_status</b></td><td>label read (OCR)</td></tr><tr><td><b>how</b></td><td>manual review</td></tr><tr><td><b>review</b></td><td>added: audit2 t41</td></tr><tr><td><b>colour</b></td><td>-</td></tr><tr><td><b>sym_shape</b></td><td>(added in review)</td></tr><tr><td><b>in_shan</b></td><td>no (neighbouring state, within 80 km)</td></tr><tr><td><b>state</b></td><td>Mandalay</td></tr><tr><td><b>state_pcode</b></td><td>MMR010</td></tr><tr><td><b>lon</b></td><td>96.38223</td></tr><tr><td><b>lat</b></td><td>20.74303</td></tr><tr><td><b>source</b></td><td>ESCAP 1991 Mineral Resources Map of Myanmar 1:1,500,000</td></tr></table>]]></description><Point><coordinates>96.38223,20.74303</coordinates></Point></Placemark><Placemark><name>Saph</name><visibility>0</visibility><Style><IconStyle><color>ffc69be5</color><scale>0.8</scale><Icon><href>http://maps.google.com/mapfiles/kml/shapes/placemark_circle.png</href></Icon></IconStyle></Style><description><![CDATA[<table><tr><td><b>occ_id</b></td><td>64</td></tr><tr><td><b>group</b></td><td>STONES</td></tr><tr><td><b>group_en</b></td><td>Precious stones</td></tr><tr><td><b>group_th</b></td><td>อัญมณี</td></tr><tr><td><b>commodity</b></td><td>Saph</td></tr><tr><td><b>commodity_name</b></td><td>Sapphire</td></tr><tr><td><b>label_text</b></td><td>Saph</td></tr><tr><td><b>label_status</b></td><td>label read (OCR)</td></tr><tr><td><b>how</b></td><td>manual review</td></tr><tr><td><b>review</b></td><td>added: audit2 t41</td></tr><tr><td><b>colour</b></td><td>-</td></tr><tr><td><b>sym_shape</b></td><td>(added in review)</td></tr><tr><td><b>in_shan</b></td><td>no (neighbouring state, within 80 km)</td></tr><tr><td><b>state</b></td><td>Mandalay</td></tr><tr><td><b>state_pcode</b></td><td>MMR010</td></tr><tr><td><b>lon</b></td><td>96.19638</td></tr><tr><td><b>lat</b></td><td>20.68018</td></tr><tr><td><b>source</b></td><td>ESCAP 1991 Mineral Resources Map of Myanmar 1:1,500,000</td></tr></table>]]></description><Point><coordinates>96.19638,20.68018</coordinates></Point></Placemark><Placemark><name>Ba</name><visibility>0</visibility><Style><IconStyle><color>ff557a2f</color><scale>0.8</scale><Icon><href>http://maps.google.com/mapfiles/kml/shapes/placemark_circle.png</href></Icon></IconStyle></Style><description><![CDATA[<table><tr><td><b>occ_id</b></td><td>65</td></tr><tr><td><b>group</b></td><td>CHEM</td></tr><tr><td><b>group_en</b></td><td>Chemical and fertilizer minerals</td></tr><tr><td><b>group_th</b></td><td>แร่เคมีและแร่ปุ๋ย</td></tr><tr><td><b>commodity</b></td><td>Ba</td></tr><tr><td><b>commodity_name</b></td><td>Barite</td></tr><tr><td><b>label_text</b></td><td>Ba</td></tr><tr><td><b>label_status</b></td><td>label read (OCR)</td></tr><tr><td><b>how</b></td><td>manual review</td></tr><tr><td><b>review</b></td><td>added: audit2 t41</td></tr><tr><td><b>colour</b></td><td>-</td></tr><tr><td><b>sym_shape</b></td><td>(added in review)</td></tr><tr><td><b>in_shan</b></td><td>no (neighbouring state, within 80 km)</td></tr><tr><td><b>state</b></td><td>Mandalay</td></tr><tr><td><b>state_pcode</b></td><td>MMR010</td></tr><tr><td><b>lon</b></td><td>96.41115</td></tr><tr><td><b>lat</b></td><td>20.66104</td></tr><tr><td><b>source</b></td><td>ESCAP 1991 Mineral Resources Map of Myanmar 1:1,500,000</td></tr></table>]]></description><Point><coordinates>96.41115,20.66104</coordinates></Point></Placemark><Placemark><name>Sb</name><visibility>0</visibility><Style><IconStyle><color>ffa05030</color><scale>0.8</scale><Icon><href>http://maps.google.com/mapfiles/kml/shapes/placemark_circle.png</href></Icon></IconStyle></Style><description><![CDATA[<table><tr><td><b>occ_id</b></td><td>66</td></tr><tr><td><b>group</b></td><td>BASE</td></tr><tr><td><b>group_en</b></td><td>Base metals</td></tr><tr><td><b>group_th</b></td><td>โลหะพื้นฐาน</td></tr><tr><td><b>commodity</b></td><td>Sb</td></tr><tr><td><b>commodity_name</b></td><td>Antimony</td></tr><tr><td><b>label_text</b></td><td>Sb</td></tr><tr><td><b>label_status</b></td><td>label read (OCR)</td></tr><tr><td><b>label_ocr_score</b></td><td>0.872</td></tr><tr><td><b>how</b></td><td>symbol</td></tr><tr><td><b>review</b></td><td>auto</td></tr><tr><td><b>colour</b></td><td>BLUE</td></tr><tr><td><b>sym_shape</b></td><td>diamond</td></tr><tr><td><b>in_shan</b></td><td>no (neighbouring state, within 80 km)</td></tr><tr><td><b>state</b></td><td>Mandalay</td></tr><tr><td><b>state_pcode</b></td><td>MMR010</td></tr><tr><td><b>lon</b></td><td>96.33764</td></tr><tr><td><b>lat</b></td><td>20.65205</td></tr><tr><td><b>source</b></td><td>ESCAP 1991 Mineral Resources Map of Myanmar 1:1,500,000</td></tr></table>]]></description><Point><coordinates>96.33764,20.65205</coordinates></Point></Placemark><Placemark><name>Pb</name><visibility>0</visibility><Style><IconStyle><color>ffa05030</color><scale>0.8</scale><Icon><href>http://maps.google.com/mapfiles/kml/shapes/placemark_circle.png</href></Icon></IconStyle></Style><description><![CDATA[<table><tr><td><b>occ_id</b></td><td>67</td></tr><tr><td><b>group</b></td><td>BASE</td></tr><tr><td><b>group_en</b></td><td>Base metals</td></tr><tr><td><b>group_th</b></td><td>โลหะพื้นฐาน</td></tr><tr><td><b>commodity</b></td><td>Pb</td></tr><tr><td><b>commodity_name</b></td><td>Lead</td></tr><tr><td><b>label_text</b></td><td>Pb</td></tr><tr><td><b>label_status</b></td><td>label read (OCR)</td></tr><tr><td><b>how</b></td><td>manual review</td></tr><tr><td><b>review</b></td><td>added: audit2 t41</td></tr><tr><td><b>colour</b></td><td>-</td></tr><tr><td><b>sym_shape</b></td><td>(added in review)</td></tr><tr><td><b>in_shan</b></td><td>no (neighbouring state, within 80 km)</td></tr><tr><td><b>state</b></td><td>Mandalay</td></tr><tr><td><b>state_pcode</b></td><td>MMR010</td></tr><tr><td><b>lon</b></td><td>96.28148</td></tr><tr><td><b>lat</b></td><td>20.59113</td></tr><tr><td><b>source</b></td><td>ESCAP 1991 Mineral Resources Map of Myanmar 1:1,500,000</td></tr></table>]]></description><Point><coordinates>96.28148,20.59113</coordinates></Point></Placemark><Placemark><name>Sb</name><visibility>0</visibility><Style><IconStyle><color>ffa05030</color><scale>0.8</scale><Icon><href>http://maps.google.com/mapfiles/kml/shapes/placemark_circle.png</href></Icon></IconStyle></Style><description><![CDATA[<table><tr><td><b>occ_id</b></td><td>68</td></tr><tr><td><b>group</b></td><td>BASE</td></tr><tr><td><b>group_en</b></td><td>Base metals</td></tr><tr><td><b>group_th</b></td><td>โลหะพื้นฐาน</td></tr><tr><td><b>commodity</b></td><td>Sb</td></tr><tr><td><b>commodity_name</b></td><td>Antimony</td></tr><tr><td><b>label_text</b></td><td>Sb</td></tr><tr><td><b>label_status</b></td><td>label read (OCR)</td></tr><tr><td><b>label_ocr_score</b></td><td>0.99</td></tr><tr><td><b>how</b></td><td>label only</td></tr><tr><td><b>review</b></td><td>auto</td></tr><tr><td><b>colour</b></td><td>-</td></tr><tr><td><b>sym_shape</b></td><td>(symbol not recognised)</td></tr><tr><td><b>in_shan</b></td><td>no (neighbouring state, within 80 km)</td></tr><tr><td><b>state</b></td><td>Mandalay</td></tr><tr><td><b>state_pcode</b></td><td>MMR010</td></tr><tr><td><b>lon</b></td><td>96.4401</td></tr><tr><td><b>lat</b></td><td>20.58757</td></tr><tr><td><b>source</b></td><td>ESCAP 1991 Mineral Resources Map of Myanmar 1:1,500,000</td></tr></table>]]></description><Point><coordinates>96.4401,20.58757</coordinates></Point></Placemark><Placemark><name>Ba</name><visibility>0</visibility><Style><IconStyle><color>ff557a2f</color><scale>0.8</scale><Icon><href>http://maps.google.com/mapfiles/kml/shapes/placemark_circle.png</href></Icon></IconStyle></Style><description><![CDATA[<table><tr><td><b>occ_id</b></td><td>69</td></tr><tr><td><b>group</b></td><td>CHEM</td></tr><tr><td><b>group_en</b></td><td>Chemical and fertilizer minerals</td></tr><tr><td><b>group_th</b></td><td>แร่เคมีและแร่ปุ๋ย</td></tr><tr><td><b>commodity</b></td><td>Ba</td></tr><tr><td><b>commodity_name</b></td><td>Barite</td></tr><tr><td><b>label_text</b></td><td>Bo</td></tr><tr><td><b>label_status</b></td><td>label read (OCR)</td></tr><tr><td><b>label_ocr_score</b></td><td>0.787</td></tr><tr><td><b>how</b></td><td>symbol</td></tr><tr><td><b>review</b></td><td>auto</td></tr><tr><td><b>colour</b></td><td>GREEN</td></tr><tr><td><b>sym_shape</b></td><td>triangle (down)</td></tr><tr><td><b>in_shan</b></td><td>no (neighbouring state, within 80 km)</td></tr><tr><td><b>state</b></td><td>Mandalay</td></tr><tr><td><b>state_pcode</b></td><td>MMR010</td></tr><tr><td><b>lon</b></td><td>96.32674</td></tr><tr><td><b>lat</b></td><td>20.55813</td></tr><tr><td><b>source</b></td><td>ESCAP 1991 Mineral Resources Map of Myanmar 1:1,500,000</td></tr></table>]]></description><Point><coordinates>96.32674,20.55813</coordinates></Point></Placemark><Placemark><name>Base metals</name><visibility>0</visibility><Style><IconStyle><color>ffa05030</color><scale>0.8</scale><Icon><href>http://maps.google.com/mapfiles/kml/shapes/placemark_circle.png</href></Icon></IconStyle></Style><description><![CDATA[<table><tr><td><b>occ_id</b></td><td>70</td></tr><tr><td><b>group</b></td><td>BASE</td></tr><tr><td><b>group_en</b></td><td>Base metals</td></tr><tr><td><b>group_th</b></td><td>โลหะพื้นฐาน</td></tr><tr><td><b>label_status</b></td><td>no legible label - class from symbol only</td></tr><tr><td><b>how</b></td><td>symbol</td></tr><tr><td><b>review</b></td><td>auto</td></tr><tr><td><b>colour</b></td><td>BLUE</td></tr><tr><td><b>sym_shape</b></td><td>circle</td></tr><tr><td><b>in_shan</b></td><td>no (neighbouring state, within 80 km)</td></tr><tr><td><b>state</b></td><td>Mandalay</td></tr><tr><td><b>state_pcode</b></td><td>MMR010</td></tr><tr><td><b>lon</b></td><td>95.99716</td></tr><tr><td><b>lat</b></td><td>20.45569</td></tr><tr><td><b>source</b></td><td>ESCAP 1991 Mineral Resources Map of Myanmar 1:1,500,000</td></tr></table>]]></description><Point><coordinates>95.99716,20.45569</coordinates></Point></Placemark><Placemark><name>S</name><visibility>0</visibility><Style><IconStyle><color>ff557a2f</color><scale>0.8</scale><Icon><href>http://maps.google.com/mapfiles/kml/shapes/placemark_circle.png</href></Icon></IconStyle></Style><description><![CDATA[<table><tr><td><b>occ_id</b></td><td>71</td></tr><tr><td><b>group</b></td><td>CHEM</td></tr><tr><td><b>group_en</b></td><td>Chemical and fertilizer minerals</td></tr><tr><td><b>group_th</b></td><td>แร่เคมีและแร่ปุ๋ย</td></tr><tr><td><b>commodity</b></td><td>S</td></tr><tr><td><b>commodity_name</b></td><td>Sulphur</td></tr><tr><td><b>label_text</b></td><td>sh hamat,P2.2,1304,100,LS!</td></tr><tr><td><b>label_status</b></td><td>label read (OCR)</td></tr><tr><td><b>label_ocr_score</b></td><td>0.507</td></tr><tr><td><b>how</b></td><td>symbol</td></tr><tr><td><b>review</b></td><td>auto</td></tr><tr><td><b>colour</b></td><td>GREEN</td></tr><tr><td><b>sym_shape</b></td><td>circle</td></tr><tr><td><b>in_shan</b></td><td>no (neighbouring state, within 80 km)</td></tr><tr><td><b>state</b></td><td>Mandalay</td></tr><tr><td><b>state_pcode</b></td><td>MMR010</td></tr><tr><td><b>lon</b></td><td>96.00304</td></tr><tr><td><b>lat</b></td><td>20.38644</td></tr><tr><td><b>source</b></td><td>ESCAP 1991 Mineral Resources Map of Myanmar 1:1,500,000</td></tr></table>]]></description><Point><coordinates>96.00304,20.38644</coordinates></Point></Placemark><Placemark><name>Bx</name><visibility>0</visibility><Style><IconStyle><color>ff3ca69f</color><scale>0.8</scale><Icon><href>http://maps.google.com/mapfiles/kml/shapes/placemark_circle.png</href></Icon></IconStyle></Style><description><![CDATA[<table><tr><td><b>occ_id</b></td><td>72</td></tr><tr><td><b>group</b></td><td>INDUSTRIAL</td></tr><tr><td><b>group_en</b></td><td>Other industrial minerals</td></tr><tr><td><b>group_th</b></td><td>แร่อุตสาหกรรมอื่น</td></tr><tr><td><b>commodity</b></td><td>Bx</td></tr><tr><td><b>commodity_name</b></td><td>Bauxite</td></tr><tr><td><b>label_text</b></td><td>Bx</td></tr><tr><td><b>label_status</b></td><td>label read (OCR)</td></tr><tr><td><b>label_ocr_score</b></td><td>0.911</td></tr><tr><td><b>how</b></td><td>label only</td></tr><tr><td><b>review</b></td><td>auto</td></tr><tr><td><b>colour</b></td><td>-</td></tr><tr><td><b>sym_shape</b></td><td>(symbol not recognised)</td></tr><tr><td><b>in_shan</b></td><td>no (neighbouring state, within 80 km)</td></tr><tr><td><b>state</b></td><td>Mandalay</td></tr><tr><td><b>state_pcode</b></td><td>MMR010</td></tr><tr><td><b>lon</b></td><td>95.97167</td></tr><tr><td><b>lat</b></td><td>20.35395</td></tr><tr><td><b>source</b></td><td>ESCAP 1991 Mineral Resources Map of Myanmar 1:1,500,000</td></tr></table>]]></description><Point><coordinates>95.97167,20.35395</coordinates></Point></Placemark><Placemark><name>Base metals</name><visibility>0</visibility><Style><IconStyle><color>ffa05030</color><scale>0.8</scale><Icon><href>http://maps.google.com/mapfiles/kml/shapes/placemark_circle.png</href></Icon></IconStyle></Style><description><![CDATA[<table><tr><td><b>occ_id</b></td><td>73</td></tr><tr><td><b>group</b></td><td>BASE</td></tr><tr><td><b>group_en</b></td><td>Base metals</td></tr><tr><td><b>group_th</b></td><td>โลหะพื้นฐาน</td></tr><tr><td><b>label_status</b></td><td>no legible label - class from symbol only</td></tr><tr><td><b>how</b></td><td>symbol</td></tr><tr><td><b>review</b></td><td>auto</td></tr><tr><td><b>colour</b></td><td>BLUE</td></tr><tr><td><b>sym_shape</b></td><td>circle</td></tr><tr><td><b>in_shan</b></td><td>no (neighbouring state, within 80 km)</td></tr><tr><td><b>state</b></td><td>Mandalay</td></tr><tr><td><b>state_pcode</b></td><td>MMR010</td></tr><tr><td><b>lon</b></td><td>95.99662</td></tr><tr><td><b>lat</b></td><td>20.31292</td></tr><tr><td><b>source</b></td><td>ESCAP 1991 Mineral Resources Map of Myanmar 1:1,500,000</td></tr></table>]]></description><Point><coordinates>95.99662,20.31292</coordinates></Point></Placemark><Placemark><name>Gr</name><visibility>0</visibility><Style><IconStyle><color>ff3ca69f</color><scale>0.8</scale><Icon><href>http://maps.google.com/mapfiles/kml/shapes/placemark_circle.png</href></Icon></IconStyle></Style><description><![CDATA[<table><tr><td><b>occ_id</b></td><td>74</td></tr><tr><td><b>group</b></td><td>INDUSTRIAL</td></tr><tr><td><b>group_en</b></td><td>Other industrial minerals</td></tr><tr><td><b>group_th</b></td><td>แร่อุตสาหกรรมอื่น</td></tr><tr><td><b>commodity</b></td><td>Gr</td></tr><tr><td><b>commodity_name</b></td><td>Graphite</td></tr><tr><td><b>label_text</b></td><td>Gr</td></tr><tr><td><b>label_status</b></td><td>label read (OCR)</td></tr><tr><td><b>how</b></td><td>symbol</td></tr><tr><td><b>review</b></td><td>checked: neighbour review</td></tr><tr><td><b>colour</b></td><td>OLIVE</td></tr><tr><td><b>sym_shape</b></td><td>half-disc (flat top)</td></tr><tr><td><b>in_shan</b></td><td>no (neighbouring state, within 80 km)</td></tr><tr><td><b>state</b></td><td>Mandalay</td></tr><tr><td><b>state_pcode</b></td><td>MMR010</td></tr><tr><td><b>lon</b></td><td>96.11921</td></tr><tr><td><b>lat</b></td><td>20.03818</td></tr><tr><td><b>source</b></td><td>ESCAP 1991 Mineral Resources Map of Myanmar 1:1,500,000</td></tr></table>]]></description><Point><coordinates>96.11921,20.03818</coordinates></Point></Placemark><Placemark><name>Mo</name><visibility>0</visibility><Style><IconStyle><color>ff444444</color><scale>0.8</scale><Icon><href>http://maps.google.com/mapfiles/kml/shapes/placemark_circle.png</href></Icon></IconStyle></Style><description><![CDATA[<table><tr><td><b>occ_id</b></td><td>75</td></tr><tr><td><b>group</b></td><td>FERRO</td></tr><tr><td><b>group_en</b></td><td>Iron and ferro-alloy metals</td></tr><tr><td><b>group_th</b></td><td>โลหะเหล็กและโลหะผสมเหล็ก</td></tr><tr><td><b>commodity</b></td><td>Mo</td></tr><tr><td><b>commodity_name</b></td><td>Molybdenum</td></tr><tr><td><b>label_text</b></td><td>Mo</td></tr><tr><td><b>label_status</b></td><td>label read (OCR)</td></tr><tr><td><b>label_ocr_score</b></td><td>0.825</td></tr><tr><td><b>how</b></td><td>symbol</td></tr><tr><td><b>review</b></td><td>checked: cand review</td></tr><tr><td><b>colour</b></td><td>DARK</td></tr><tr><td><b>sym_shape</b></td><td>diamond</td></tr><tr><td><b>in_shan</b></td><td>no (neighbouring state, within 80 km)</td></tr><tr><td><b>state</b></td><td>Mandalay</td></tr><tr><td><b>state_pcode</b></td><td>MMR010</td></tr><tr><td><b>lon</b></td><td>96.35125</td></tr><tr><td><b>lat</b></td><td>19.98036</td></tr><tr><td><b>source</b></td><td>ESCAP 1991 Mineral Resources Map of Myanmar 1:1,500,000</td></tr></table>]]></description><Point><coordinates>96.35125,19.98036</coordinates></Point></Placemark><Placemark><name>Mo</name><visibility>0</visibility><Style><IconStyle><color>ff444444</color><scale>0.8</scale><Icon><href>http://maps.google.com/mapfiles/kml/shapes/placemark_circle.png</href></Icon></IconStyle></Style><description><![CDATA[<table><tr><td><b>occ_id</b></td><td>76</td></tr><tr><td><b>group</b></td><td>FERRO</td></tr><tr><td><b>group_en</b></td><td>Iron and ferro-alloy metals</td></tr><tr><td><b>group_th</b></td><td>โลหะเหล็กและโลหะผสมเหล็ก</td></tr><tr><td><b>commodity</b></td><td>Mo</td></tr><tr><td><b>commodity_name</b></td><td>Molybdenum</td></tr><tr><td><b>label_text</b></td><td>Mo</td></tr><tr><td><b>label_status</b></td><td>label read (OCR)</td></tr><tr><td><b>label_ocr_score</b></td><td>0.938</td></tr><tr><td><b>how</b></td><td>symbol</td></tr><tr><td><b>review</b></td><td>checked: cand review</td></tr><tr><td><b>colour</b></td><td>DARK</td></tr><tr><td><b>sym_shape</b></td><td>diamond</td></tr><tr><td><b>in_shan</b></td><td>no (neighbouring state, within 80 km)</td></tr><tr><td><b>state</b></td><td>Mandalay</td></tr><tr><td><b>state_pcode</b></td><td>MMR010</td></tr><tr><td><b>lon</b></td><td>96.41065</td></tr><tr><td><b>lat</b></td><td>19.93306</td></tr><tr><td><b>source</b></td><td>ESCAP 1991 Mineral Resources Map of Myanmar 1:1,500,000</td></tr></table>]]></description><Point><coordinates>96.41065,19.93306</coordinates></Point></Placemark><Placemark><name>Ls</name><visibility>0</visibility><Style><IconStyle><color>ff3ca69f</color><scale>0.8</scale><Icon><href>http://maps.google.com/mapfiles/kml/shapes/placemark_circle.png</href></Icon></IconStyle></Style><description><![CDATA[<table><tr><td><b>occ_id</b></td><td>77</td></tr><tr><td><b>group</b></td><td>INDUSTRIAL</td></tr><tr><td><b>group_en</b></td><td>Other industrial minerals</td></tr><tr><td><b>group_th</b></td><td>แร่อุตสาหกรรมอื่น</td></tr><tr><td><b>commodity</b></td><td>Ls</td></tr><tr><td><b>commodity_name</b></td><td>Limestone</td></tr><tr><td><b>label_text</b></td><td>Ls</td></tr><tr><td><b>label_status</b></td><td>label read (OCR)</td></tr><tr><td><b>how</b></td><td>manual review</td></tr><tr><td><b>review</b></td><td>added: audit2 t53</td></tr><tr><td><b>colour</b></td><td>-</td></tr><tr><td><b>sym_shape</b></td><td>(added in review)</td></tr><tr><td><b>in_shan</b></td><td>no (neighbouring state, within 80 km)</td></tr><tr><td><b>state</b></td><td>Mandalay</td></tr><tr><td><b>state_pcode</b></td><td>MMR010</td></tr><tr><td><b>lon</b></td><td>96.24232</td></tr><tr><td><b>lat</b></td><td>19.8353</td></tr><tr><td><b>source</b></td><td>ESCAP 1991 Mineral Resources Map of Myanmar 1:1,500,000</td></tr></table>]]></description><Point><coordinates>96.24232,19.8353</coordinates></Point></Placemark><Placemark><name>Ls</name><visibility>0</visibility><Style><IconStyle><color>ff3ca69f</color><scale>0.8</scale><Icon><href>http://maps.google.com/mapfiles/kml/shapes/placemark_circle.png</href></Icon></IconStyle></Style><description><![CDATA[<table><tr><td><b>occ_id</b></td><td>78</td></tr><tr><td><b>group</b></td><td>INDUSTRIAL</td></tr><tr><td><b>group_en</b></td><td>Other industrial minerals</td></tr><tr><td><b>group_th</b></td><td>แร่อุตสาหกรรมอื่น</td></tr><tr><td><b>commodity</b></td><td>Ls</td></tr><tr><td><b>commodity_name</b></td><td>Limestone</td></tr><tr><td><b>label_text</b></td><td>LS</td></tr><tr><td><b>label_status</b></td><td>label read (OCR)</td></tr><tr><td><b>label_ocr_score</b></td><td>0.711</td></tr><tr><td><b>how</b></td><td>symbol</td></tr><tr><td><b>review</b></td><td>auto</td></tr><tr><td><b>colour</b></td><td>OLIVE</td></tr><tr><td><b>sym_shape</b></td><td>diamond</td></tr><tr><td><b>in_shan</b></td><td>no (neighbouring state, within 80 km)</td></tr><tr><td><b>state</b></td><td>Mandalay</td></tr><tr><td><b>state_pcode</b></td><td>MMR010</td></tr><tr><td><b>lon</b></td><td>96.249</td></tr><tr><td><b>lat</b></td><td>19.78138</td></tr><tr><td><b>source</b></td><td>ESCAP 1991 Mineral Resources Map of Myanmar 1:1,500,000</td></tr></table>]]></description><Point><coordinates>96.249,19.78138</coordinates></Point></Placemark><Placemark><name>Sn,W</name><visibility>0</visibility><Style><IconStyle><color>ffa05030</color><scale>0.8</scale><Icon><href>http://maps.google.com/mapfiles/kml/shapes/placemark_circle.png</href></Icon></IconStyle></Style><description><![CDATA[<table><tr><td><b>occ_id</b></td><td>79</td></tr><tr><td><b>group</b></td><td>BASE</td></tr><tr><td><b>group_en</b></td><td>Base metals</td></tr><tr><td><b>group_th</b></td><td>โลหะพื้นฐาน</td></tr><tr><td><b>commodity</b></td><td>Sn,W</td></tr><tr><td><b>commodity_name</b></td><td>Tin, Tungsten</td></tr><tr><td><b>label_text</b></td><td>Sn,W</td></tr><tr><td><b>label_status</b></td><td>label read (OCR)</td></tr><tr><td><b>label_ocr_score</b></td><td>0.659</td></tr><tr><td><b>how</b></td><td>symbol</td></tr><tr><td><b>review</b></td><td>checked: cand review</td></tr><tr><td><b>colour</b></td><td>BLUE</td></tr><tr><td><b>sym_shape</b></td><td>diamond</td></tr><tr><td><b>in_shan</b></td><td>no (neighbouring state, within 80 km)</td></tr><tr><td><b>state</b></td><td>Mandalay</td></tr><tr><td><b>state_pcode</b></td><td>MMR010</td></tr><tr><td><b>lon</b></td><td>96.56417</td></tr><tr><td><b>lat</b></td><td>19.73351</td></tr><tr><td><b>source</b></td><td>ESCAP 1991 Mineral Resources Map of Myanmar 1:1,500,000</td></tr></table>]]></description><Point><coordinates>96.56417,19.73351</coordinates></Point></Placemark><Placemark><name>Ls</name><visibility>0</visibility><Style><IconStyle><color>ff3ca69f</color><scale>0.8</scale><Icon><href>http://maps.google.com/mapfiles/kml/shapes/placemark_circle.png</href></Icon></IconStyle></Style><description><![CDATA[<table><tr><td><b>occ_id</b></td><td>80</td></tr><tr><td><b>group</b></td><td>INDUSTRIAL</td></tr><tr><td><b>group_en</b></td><td>Other industrial minerals</td></tr><tr><td><b>group_th</b></td><td>แร่อุตสาหกรรมอื่น</td></tr><tr><td><b>commodity</b></td><td>Ls</td></tr><tr><td><b>commodity_name</b></td><td>Limestone</td></tr><tr><td><b>label_text</b></td><td>Ls</td></tr><tr><td><b>label_status</b></td><td>label read (OCR)</td></tr><tr><td><b>label_ocr_score</b></td><td>0.526</td></tr><tr><td><b>how</b></td><td>symbol</td></tr><tr><td><b>review</b></td><td>auto</td></tr><tr><td><b>colour</b></td><td>OLIVE</td></tr><tr><td><b>sym_shape</b></td><td>triangle (down)</td></tr><tr><td><b>in_shan</b></td><td>no (neighbouring state, within 80 km)</td></tr><tr><td><b>state</b></td><td>Mandalay</td></tr><tr><td><b>state_pcode</b></td><td>MMR010</td></tr><tr><td><b>lon</b></td><td>96.2203</td></tr><tr><td><b>lat</b></td><td>19.72255</td></tr><tr><td><b>source</b></td><td>ESCAP 1991 Mineral Resources Map of Myanmar 1:1,500,000</td></tr></table>]]></description><Point><coordinates>96.2203,19.72255</coordinates></Point></Placemark><Placemark><name>Au</name><visibility>0</visibility><Style><IconStyle><color>ff1cc2e8</color><scale>0.8</scale><Icon><href>http://maps.google.com/mapfiles/kml/shapes/placemark_circle.png</href></Icon></IconStyle></Style><description><![CDATA[<table><tr><td><b>occ_id</b></td><td>81</td></tr><tr><td><b>group</b></td><td>PRECIOUS</td></tr><tr><td><b>group_en</b></td><td>Precious metals</td></tr><tr><td><b>group_th</b></td><td>โลหะมีค่า</td></tr><tr><td><b>commodity</b></td><td>Au</td></tr><tr><td><b>commodity_name</b></td><td>Gold</td></tr><tr><td><b>label_text</b></td><td>Au</td></tr><tr><td><b>label_status</b></td><td>label read (OCR)</td></tr><tr><td><b>label_ocr_score</b></td><td>0.976</td></tr><tr><td><b>how</b></td><td>symbol</td></tr><tr><td><b>review</b></td><td>auto</td></tr><tr><td><b>colour</b></td><td>YELLOW</td></tr><tr><td><b>sym_shape</b></td><td>triangle (up)</td></tr><tr><td><b>in_shan</b></td><td>no (neighbouring state, within 80 km)</td></tr><tr><td><b>state</b></td><td>Mandalay</td></tr><tr><td><b>state_pcode</b></td><td>MMR010</td></tr><tr><td><b>lon</b></td><td>96.30468</td></tr><tr><td><b>lat</b></td><td>19.65901</td></tr><tr><td><b>source</b></td><td>ESCAP 1991 Mineral Resources Map of Myanmar 1:1,500,000</td></tr></table>]]></description><Point><coordinates>96.30468,19.65901</coordinates></Point></Placemark><Placemark><name>Sn,W</name><visibility>0</visibility><Style><IconStyle><color>ffa05030</color><scale>0.8</scale><Icon><href>http://maps.google.com/mapfiles/kml/shapes/placemark_circle.png</href></Icon></IconStyle></Style><description><![CDATA[<table><tr><td><b>occ_id</b></td><td>82</td></tr><tr><td><b>group</b></td><td>BASE</td></tr><tr><td><b>group_en</b></td><td>Base metals</td></tr><tr><td><b>group_th</b></td><td>โลหะพื้นฐาน</td></tr><tr><td><b>commodity</b></td><td>Sn,W</td></tr><tr><td><b>commodity_name</b></td><td>Tin, Tungsten</td></tr><tr><td><b>label_text</b></td><td>Sn,W</td></tr><tr><td><b>label_status</b></td><td>label read (OCR)</td></tr><tr><td><b>how</b></td><td>symbol</td></tr><tr><td><b>review</b></td><td>checked: neighbour review</td></tr><tr><td><b>colour</b></td><td>BLUE</td></tr><tr><td><b>sym_shape</b></td><td>diamond</td></tr><tr><td><b>in_shan</b></td><td>no (neighbouring state, within 80 km)</td></tr><tr><td><b>state</b></td><td>Mandalay</td></tr><tr><td><b>state_pcode</b></td><td>MMR010</td></tr><tr><td><b>lon</b></td><td>96.53694</td></tr><tr><td><b>lat</b></td><td>19.61492</td></tr><tr><td><b>source</b></td><td>ESCAP 1991 Mineral Resources Map of Myanmar 1:1,500,000</td></tr></table>]]></description><Point><coordinates>96.53694,19.61492</coordinates></Point></Placemark><Placemark><name>Tc</name><visibility>0</visibility><Style><IconStyle><color>ff3ca69f</color><scale>0.8</scale><Icon><href>http://maps.google.com/mapfiles/kml/shapes/placemark_circle.png</href></Icon></IconStyle></Style><description><![CDATA[<table><tr><td><b>occ_id</b></td><td>83</td></tr><tr><td><b>group</b></td><td>INDUSTRIAL</td></tr><tr><td><b>group_en</b></td><td>Other industrial minerals</td></tr><tr><td><b>group_th</b></td><td>แร่อุตสาหกรรมอื่น</td></tr><tr><td><b>commodity</b></td><td>Tc</td></tr><tr><td><b>commodity_name</b></td><td>Talc, steatite</td></tr><tr><td><b>label_text</b></td><td>Tc</td></tr><tr><td><b>label_status</b></td><td>label read (OCR)</td></tr><tr><td><b>how</b></td><td>symbol</td></tr><tr><td><b>review</b></td><td>checked: neighbour review</td></tr><tr><td><b>colour</b></td><td>OLIVE</td></tr><tr><td><b>sym_shape</b></td><td>half-disc (flat top)</td></tr><tr><td><b>in_shan</b></td><td>no (neighbouring state, within 80 km)</td></tr><tr><td><b>state</b></td><td>Sagaing</td></tr><tr><td><b>state_pcode</b></td><td>MMR005</td></tr><tr><td><b>lon</b></td><td>96.31837</td></tr><tr><td><b>lat</b></td><td>24.28272</td></tr><tr><td><b>source</b></td><td>ESCAP 1991 Mineral Resources Map of Myanmar 1:1,500,000</td></tr></table>]]></description><Point><coordinates>96.31837,24.28272</coordinates></Point></Placemark><Placemark><name>Au</name><visibility>0</visibility><Style><IconStyle><color>ff1cc2e8</color><scale>0.8</scale><Icon><href>http://maps.google.com/mapfiles/kml/shapes/placemark_circle.png</href></Icon></IconStyle></Style><description><![CDATA[<table><tr><td><b>occ_id</b></td><td>84</td></tr><tr><td><b>group</b></td><td>PRECIOUS</td></tr><tr><td><b>group_en</b></td><td>Precious metals</td></tr><tr><td><b>group_th</b></td><td>โลหะมีค่า</td></tr><tr><td><b>commodity</b></td><td>Au</td></tr><tr><td><b>commodity_name</b></td><td>Gold</td></tr><tr><td><b>label_text</b></td><td>Au</td></tr><tr><td><b>label_status</b></td><td>label read (OCR)</td></tr><tr><td><b>label_ocr_score</b></td><td>0.909</td></tr><tr><td><b>how</b></td><td>symbol</td></tr><tr><td><b>review</b></td><td>auto</td></tr><tr><td><b>colour</b></td><td>YELLOW</td></tr><tr><td><b>sym_shape</b></td><td>triangle (up)</td></tr><tr><td><b>in_shan</b></td><td>no (neighbouring state, within 80 km)</td></tr><tr><td><b>state</b></td><td>Sagaing</td></tr><tr><td><b>state_pcode</b></td><td>MMR005</td></tr><tr><td><b>lon</b></td><td>96.12017</td></tr><tr><td><b>lat</b></td><td>24.28107</td></tr><tr><td><b>source</b></td><td>ESCAP 1991 Mineral Resources Map of Myanmar 1:1,500,000</td></tr></table>]]></description><Point><coordinates>96.12017,24.28107</coordinates></Point></Placemark><Placemark><name>Au</name><visibility>0</visibility><Style><IconStyle><color>ff1cc2e8</color><scale>0.8</scale><Icon><href>http://maps.google.com/mapfiles/kml/shapes/placemark_circle.png</href></Icon></IconStyle></Style><description><![CDATA[<table><tr><td><b>occ_id</b></td><td>85</td></tr><tr><td><b>group</b></td><td>PRECIOUS</td></tr><tr><td><b>group_en</b></td><td>Precious metals</td></tr><tr><td><b>group_th</b></td><td>โลหะมีค่า</td></tr><tr><td><b>commodity</b></td><td>Au</td></tr><tr><td><b>commodity_name</b></td><td>Gold</td></tr><tr><td><b>label_text</b></td><td>Au</td></tr><tr><td><b>label_status</b></td><td>label read (OCR)</td></tr><tr><td><b>label_ocr_score</b></td><td>0.788</td></tr><tr><td><b>how</b></td><td>symbol</td></tr><tr><td><b>review</b></td><td>auto</td></tr><tr><td><b>colour</b></td><td>YELLOW</td></tr><tr><td><b>sym_shape</b></td><td>triangle (up)</td></tr><tr><td><b>in_shan</b></td><td>no (neighbouring state, within 80 km)</td></tr><tr><td><b>state</b></td><td>Sagaing</td></tr><tr><td><b>state_pcode</b></td><td>MMR005</td></tr><tr><td><b>lon</b></td><td>96.11848</td></tr><tr><td><b>lat</b></td><td>24.04263</td></tr><tr><td><b>source</b></td><td>ESCAP 1991 Mineral Resources Map of Myanmar 1:1,500,000</td></tr></table>]]></description><Point><coordinates>96.11848,24.04263</coordinates></Point></Placemark><Placemark><name>Au</name><visibility>0</visibility><Style><IconStyle><color>ff1cc2e8</color><scale>0.8</scale><Icon><href>http://maps.google.com/mapfiles/kml/shapes/placemark_circle.png</href></Icon></IconStyle></Style><description><![CDATA[<table><tr><td><b>occ_id</b></td><td>86</td></tr><tr><td><b>group</b></td><td>PRECIOUS</td></tr><tr><td><b>group_en</b></td><td>Precious metals</td></tr><tr><td><b>group_th</b></td><td>โลหะมีค่า</td></tr><tr><td><b>commodity</b></td><td>Au</td></tr><tr><td><b>commodity_name</b></td><td>Gold</td></tr><tr><td><b>label_text</b></td><td>Au</td></tr><tr><td><b>label_status</b></td><td>label read (OCR)</td></tr><tr><td><b>how</b></td><td>manual review</td></tr><tr><td><b>review</b></td><td>added: audit2 t00</td></tr><tr><td><b>colour</b></td><td>-</td></tr><tr><td><b>sym_shape</b></td><td>(added in review)</td></tr><tr><td><b>in_shan</b></td><td>no (neighbouring state, within 80 km)</td></tr><tr><td><b>state</b></td><td>Sagaing</td></tr><tr><td><b>state_pcode</b></td><td>MMR005</td></tr><tr><td><b>lon</b></td><td>96.01503</td></tr><tr><td><b>lat</b></td><td>23.98653</td></tr><tr><td><b>source</b></td><td>ESCAP 1991 Mineral Resources Map of Myanmar 1:1,500,000</td></tr></table>]]></description><Point><coordinates>96.01503,23.98653</coordinates></Point></Placemark><Placemark><name>Tc</name><visibility>0</visibility><Style><IconStyle><color>ff3ca69f</color><scale>0.8</scale><Icon><href>http://maps.google.com/mapfiles/kml/shapes/placemark_circle.png</href></Icon></IconStyle></Style><description><![CDATA[<table><tr><td><b>occ_id</b></td><td>87</td></tr><tr><td><b>group</b></td><td>INDUSTRIAL</td></tr><tr><td><b>group_en</b></td><td>Other industrial minerals</td></tr><tr><td><b>group_th</b></td><td>แร่อุตสาหกรรมอื่น</td></tr><tr><td><b>commodity</b></td><td>Tc</td></tr><tr><td><b>commodity_name</b></td><td>Talc, steatite</td></tr><tr><td><b>label_text</b></td><td>TC</td></tr><tr><td><b>label_status</b></td><td>label read (OCR)</td></tr><tr><td><b>label_ocr_score</b></td><td>0.865</td></tr><tr><td><b>how</b></td><td>symbol</td></tr><tr><td><b>review</b></td><td>auto</td></tr><tr><td><b>colour</b></td><td>OLIVE</td></tr><tr><td><b>sym_shape</b></td><td>half-disc (flat top)</td></tr><tr><td><b>in_shan</b></td><td>no (neighbouring state, within 80 km)</td></tr><tr><td><b>state</b></td><td>Sagaing</td></tr><tr><td><b>state_pcode</b></td><td>MMR005</td></tr><tr><td><b>lon</b></td><td>96.19018</td></tr><tr><td><b>lat</b></td><td>23.96926</td></tr><tr><td><b>source</b></td><td>ESCAP 1991 Mineral Resources Map of Myanmar 1:1,500,000</td></tr></table>]]></description><Point><coordinates>96.19018,23.96926</coordinates></Point></Placemark></Folder><Folder><name>Numbered mines (ESCAP legend 1-19)</name><visibility>1</visibility><Placemark><name>13. Pang-Pet</name><visibility>1</visibility><Style><IconStyle><color>ff000000</color><scale>1.2</scale><Icon><href>http://maps.google.com/mapfiles/kml/shapes/placemark_circle.png</href></Icon></IconStyle></Style><description><![CDATA[<table><tr><td><b>mine_no</b></td><td>13</td></tr><tr><td><b>mine_name</b></td><td>Pang-Pet</td></tr><tr><td><b>commodity</b></td><td>Fe</td></tr><tr><td><b>state</b></td><td>Shan (South)</td></tr><tr><td><b>state_pcode</b></td><td>MMR014</td></tr><tr><td><b>lon</b></td><td>97.45222</td></tr><tr><td><b>lat</b></td><td>20.89473</td></tr><tr><td><b>source</b></td><td>ESCAP 1991 Mineral Resources Map - small and large scale mines (circled number)</td></tr><tr><td><b>in_shan</b></td><td>yes</td></tr></table>]]></description><Point><coordinates>97.45222,20.89473</coordinates></Point></Placemark><Placemark><name>10. Yadana Thaingi</name><visibility>1</visibility><Style><IconStyle><color>ff000000</color><scale>1.2</scale><Icon><href>http://maps.google.com/mapfiles/kml/shapes/placemark_circle.png</href></Icon></IconStyle></Style><description><![CDATA[<table><tr><td><b>mine_no</b></td><td>10</td></tr><tr><td><b>mine_name</b></td><td>Yadana Thaingi</td></tr><tr><td><b>commodity</b></td><td>Pb</td></tr><tr><td><b>state</b></td><td>Shan (North)</td></tr><tr><td><b>state_pcode</b></td><td>MMR015</td></tr><tr><td><b>lon</b></td><td>96.47409</td></tr><tr><td><b>lat</b></td><td>22.42353</td></tr><tr><td><b>source</b></td><td>ESCAP 1991 Mineral Resources Map - small and large scale mines (circled number)</td></tr><tr><td><b>in_shan</b></td><td>yes</td></tr></table>]]></description><Point><coordinates>96.47409,22.42353</coordinates></Point></Placemark><Placemark><name>9. Bawsaing</name><visibility>1</visibility><Style><IconStyle><color>ff000000</color><scale>1.2</scale><Icon><href>http://maps.google.com/mapfiles/kml/shapes/placemark_circle.png</href></Icon></IconStyle></Style><description><![CDATA[<table><tr><td><b>mine_no</b></td><td>9</td></tr><tr><td><b>mine_name</b></td><td>Bawsaing</td></tr><tr><td><b>commodity</b></td><td>Pb and Ba</td></tr><tr><td><b>state</b></td><td>Shan (South)</td></tr><tr><td><b>state_pcode</b></td><td>MMR014</td></tr><tr><td><b>lon</b></td><td>96.83036</td></tr><tr><td><b>lat</b></td><td>21.06746</td></tr><tr><td><b>source</b></td><td>ESCAP 1991 Mineral Resources Map - small and large scale mines (circled number)</td></tr><tr><td><b>in_shan</b></td><td>yes</td></tr></table>]]></description><Point><coordinates>96.83036,21.06746</coordinates></Point></Placemark><Placemark><name>11. Bawdwin</name><visibility>1</visibility><Style><IconStyle><color>ff000000</color><scale>1.2</scale><Icon><href>http://maps.google.com/mapfiles/kml/shapes/placemark_circle.png</href></Icon></IconStyle></Style><description><![CDATA[<table><tr><td><b>mine_no</b></td><td>11</td></tr><tr><td><b>mine_name</b></td><td>Bawdwin</td></tr><tr><td><b>commodity</b></td><td>Pb-Zn-Ag</td></tr><tr><td><b>state</b></td><td>Shan (North)</td></tr><tr><td><b>state_pcode</b></td><td>MMR015</td></tr><tr><td><b>lon</b></td><td>97.02119</td></tr><tr><td><b>lat</b></td><td>22.9803</td></tr><tr><td><b>source</b></td><td>ESCAP 1991 Mineral Resources Map - small and large scale mines (circled number)</td></tr><tr><td><b>in_shan</b></td><td>yes</td></tr></table>]]></description><Point><coordinates>97.02119,22.9803</coordinates></Point></Placemark><Placemark><name>14. Mogok Gemstone</name><visibility>1</visibility><Style><IconStyle><color>ff000000</color><scale>1.2</scale><Icon><href>http://maps.google.com/mapfiles/kml/shapes/placemark_circle.png</href></Icon></IconStyle></Style><description><![CDATA[<table><tr><td><b>mine_no</b></td><td>14</td></tr><tr><td><b>mine_name</b></td><td>Mogok Gemstone</td></tr><tr><td><b>state</b></td><td>Mandalay</td></tr><tr><td><b>state_pcode</b></td><td>MMR010</td></tr><tr><td><b>lon</b></td><td>96.58709</td></tr><tr><td><b>lat</b></td><td>22.85607</td></tr><tr><td><b>source</b></td><td>ESCAP 1991 Mineral Resources Map - small and large scale mines (circled number)</td></tr><tr><td><b>in_shan</b></td><td>no (neighbouring state)</td></tr></table>]]></description><Point><coordinates>96.58709,22.85607</coordinates></Point></Placemark><Placemark><name>7. Lebyin</name><visibility>1</visibility><Style><IconStyle><color>ff000000</color><scale>1.2</scale><Icon><href>http://maps.google.com/mapfiles/kml/shapes/placemark_circle.png</href></Icon></IconStyle></Style><description><![CDATA[<table><tr><td><b>mine_no</b></td><td>7</td></tr><tr><td><b>mine_name</b></td><td>Lebyin</td></tr><tr><td><b>commodity</b></td><td>Sb</td></tr><tr><td><b>state</b></td><td>Mandalay</td></tr><tr><td><b>state_pcode</b></td><td>MMR010</td></tr><tr><td><b>lon</b></td><td>96.32359</td></tr><tr><td><b>lat</b></td><td>20.73646</td></tr><tr><td><b>source</b></td><td>ESCAP 1991 Mineral Resources Map - small and large scale mines (circled number)</td></tr><tr><td><b>in_shan</b></td><td>no (neighbouring state)</td></tr></table>]]></description><Point><coordinates>96.32359,20.73646</coordinates></Point></Placemark><Placemark><name>5. Mawchi</name><visibility>1</visibility><Style><IconStyle><color>ff000000</color><scale>1.2</scale><Icon><href>http://maps.google.com/mapfiles/kml/shapes/placemark_circle.png</href></Icon></IconStyle></Style><description><![CDATA[<table><tr><td><b>mine_no</b></td><td>5</td></tr><tr><td><b>mine_name</b></td><td>Mawchi</td></tr><tr><td><b>commodity</b></td><td>Sn, W</td></tr><tr><td><b>state</b></td><td>Kayah</td></tr><tr><td><b>state_pcode</b></td><td>MMR002</td></tr><tr><td><b>lon</b></td><td>97.38083</td></tr><tr><td><b>lat</b></td><td>18.96387</td></tr><tr><td><b>source</b></td><td>ESCAP 1991 Mineral Resources Map - small and large scale mines (circled number)</td></tr><tr><td><b>in_shan</b></td><td>no (neighbouring state)</td></tr></table>]]></description><Point><coordinates>97.38083,18.96387</coordinates></Point></Placemark></Folder><Folder><name>Towns</name><visibility>1</visibility><Placemark><name>Taunggyi</name><visibility>1</visibility><Style><IconStyle><color>ffffffff</color><scale>0.7</scale><Icon><href>http://maps.google.com/mapfiles/kml/shapes/placemark_circle.png</href></Icon></IconStyle></Style><description><![CDATA[<table><tr><td><b>name</b></td><td>Taunggyi</td></tr><tr><td><b>sheet</b></td><td>m1</td></tr><tr><td><b>ocr_score</b></td><td>0.997</td></tr><tr><td><b>name_ocr</b></td><td>Taunggy</td></tr><tr><td><b>name_check</b></td><td>matched to gazetteer</td></tr><tr><td><b>state</b></td><td>Shan (South)</td></tr><tr><td><b>state_pcode</b></td><td>MMR014</td></tr><tr><td><b>lon</b></td><td>97.11659</td></tr><tr><td><b>lat</b></td><td>20.72035</td></tr><tr><td><b>source</b></td><td>ESCAP 1991 Geological / Mineral Resources Map - town symbol + name</td></tr></table>]]></description><Point><coordinates>97.11659,20.72035</coordinates></Point></Placemark><Placemark><name>Bawdwin Mines</name><visibility>1</visibility><Style><IconStyle><color>ffffffff</color><scale>0.7</scale><Icon><href>http://maps.google.com/mapfiles/kml/shapes/placemark_circle.png</href></Icon></IconStyle></Style><description><![CDATA[<table><tr><td><b>name</b></td><td>Bawdwin Mines</td></tr><tr><td><b>sheet</b></td><td>g1</td></tr><tr><td><b>ocr_score</b></td><td>0.99</td></tr><tr><td><b>name_ocr</b></td><td>Bawdwin Mines</td></tr><tr><td><b>name_check</b></td><td>matched to gazetteer</td></tr><tr><td><b>state</b></td><td>Shan (North)</td></tr><tr><td><b>state_pcode</b></td><td>MMR015</td></tr><tr><td><b>lon</b></td><td>97.31649</td></tr><tr><td><b>lat</b></td><td>23.08572</td></tr><tr><td><b>source</b></td><td>ESCAP 1991 Geological / Mineral Resources Map - town symbol + name</td></tr></table>]]></description><Point><coordinates>97.31649,23.08572</coordinates></Point></Placemark><Placemark><name>Lashio</name><visibility>1</visibility><Style><IconStyle><color>ffffffff</color><scale>0.7</scale><Icon><href>http://maps.google.com/mapfiles/kml/shapes/placemark_circle.png</href></Icon></IconStyle></Style><description><![CDATA[<table><tr><td><b>name</b></td><td>Lashio</td></tr><tr><td><b>sheet</b></td><td>g1</td></tr><tr><td><b>ocr_score</b></td><td>0.988</td></tr><tr><td><b>name_ocr</b></td><td>Lashio</td></tr><tr><td><b>name_check</b></td><td>matched to gazetteer</td></tr><tr><td><b>state</b></td><td>Shan (North)</td></tr><tr><td><b>state_pcode</b></td><td>MMR015</td></tr><tr><td><b>lon</b></td><td>97.7322</td></tr><tr><td><b>lat</b></td><td>22.8845</td></tr><tr><td><b>source</b></td><td>ESCAP 1991 Geological / Mineral Resources Map - town symbol + name</td></tr></table>]]></description><Point><coordinates>97.7322,22.8845</coordinates></Point></Placemark><Placemark><name>Mong Tung</name><visibility>1</visibility><Style><IconStyle><color>ffffffff</color><scale>0.7</scale><Icon><href>http://maps.google.com/mapfiles/kml/shapes/placemark_circle.png</href></Icon></IconStyle></Style><description><![CDATA[<table><tr><td><b>name</b></td><td>Mong Tung</td></tr><tr><td><b>sheet</b></td><td>m1</td></tr><tr><td><b>ocr_score</b></td><td>0.982</td></tr><tr><td><b>name_ocr</b></td><td>Mong Tung</td></tr><tr><td><b>name_check</b></td><td>matched to gazetteer</td></tr><tr><td><b>state</b></td><td>Shan (North)</td></tr><tr><td><b>state_pcode</b></td><td>MMR015</td></tr><tr><td><b>lon</b></td><td>97.70382</td></tr><tr><td><b>lat</b></td><td>21.96432</td></tr><tr><td><b>source</b></td><td>ESCAP 1991 Geological / Mineral Resources Map - town symbol + name</td></tr></table>]]></description><Point><coordinates>97.70382,21.96432</coordinates></Point></Placemark><Placemark><name>Gokteik</name><visibility>1</visibility><Style><IconStyle><color>ffffffff</color><scale>0.7</scale><Icon><href>http://maps.google.com/mapfiles/kml/shapes/placemark_circle.png</href></Icon></IconStyle></Style><description><![CDATA[<table><tr><td><b>name</b></td><td>Gokteik</td></tr><tr><td><b>sheet</b></td><td>g1</td></tr><tr><td><b>ocr_score</b></td><td>0.981</td></tr><tr><td><b>name_ocr</b></td><td>Gokteik</td></tr><tr><td><b>name_check</b></td><td>matched to gazetteer</td></tr><tr><td><b>state</b></td><td>Shan (North)</td></tr><tr><td><b>state_pcode</b></td><td>MMR015</td></tr><tr><td><b>lon</b></td><td>96.85823</td></tr><tr><td><b>lat</b></td><td>22.27979</td></tr><tr><td><b>source</b></td><td>ESCAP 1991 Geological / Mineral Resources Map - town symbol + name</td></tr></table>]]></description><Point><coordinates>96.85823,22.27979</coordinates></Point></Placemark><Placemark><name>Kutkai</name><visibility>1</visibility><Style><IconStyle><color>ffffffff</color><scale>0.7</scale><Icon><href>http://maps.google.com/mapfiles/kml/shapes/placemark_circle.png</href></Icon></IconStyle></Style><description><![CDATA[<table><tr><td><b>name</b></td><td>Kutkai</td></tr><tr><td><b>sheet</b></td><td>m1</td></tr><tr><td><b>ocr_score</b></td><td>0.98</td></tr><tr><td><b>name_ocr</b></td><td>Kutkai</td></tr><tr><td><b>name_check</b></td><td>matched to gazetteer</td></tr><tr><td><b>state</b></td><td>Shan (North)</td></tr><tr><td><b>state_pcode</b></td><td>MMR015</td></tr><tr><td><b>lon</b></td><td>98.00255</td></tr><tr><td><b>lat</b></td><td>23.42484</td></tr><tr><td><b>source</b></td><td>ESCAP 1991 Geological / Mineral Resources Map - town symbol + name</td></tr></table>]]></description><Point><coordinates>98.00255,23.42484</coordinates></Point></Placemark><Placemark><name>Namtu</name><visibility>1</visibility><Style><IconStyle><color>ffffffff</color><scale>0.7</scale><Icon><href>http://maps.google.com/mapfiles/kml/shapes/placemark_circle.png</href></Icon></IconStyle></Style><description><![CDATA[<table><tr><td><b>name</b></td><td>Namtu</td></tr><tr><td><b>sheet</b></td><td>m1</td></tr><tr><td><b>ocr_score</b></td><td>0.979</td></tr><tr><td><b>name_ocr</b></td><td>Namtu</td></tr><tr><td><b>name_check</b></td><td>matched to gazetteer</td></tr><tr><td><b>state</b></td><td>Shan (North)</td></tr><tr><td><b>state_pcode</b></td><td>MMR015</td></tr><tr><td><b>lon</b></td><td>97.39412</td></tr><tr><td><b>lat</b></td><td>23.02469</td></tr><tr><td><b>source</b></td><td>ESCAP 1991 Geological / Mineral Resources Map - town symbol + name</td></tr></table>]]></description><Point><coordinates>97.39412,23.02469</coordinates></Point></Placemark><Placemark><name>Mong Nai</name><visibility>1</visibility><Style><IconStyle><color>ffffffff</color><scale>0.7</scale><Icon><href>http://maps.google.com/mapfiles/kml/shapes/placemark_circle.png</href></Icon></IconStyle></Style><description><![CDATA[<table><tr><td><b>name</b></td><td>Mong Nai</td></tr><tr><td><b>sheet</b></td><td>g1</td></tr><tr><td><b>ocr_score</b></td><td>0.977</td></tr><tr><td><b>name_ocr</b></td><td>Mong Nai</td></tr><tr><td><b>name_check</b></td><td>matched to gazetteer</td></tr><tr><td><b>state</b></td><td>Shan (South)</td></tr><tr><td><b>state_pcode</b></td><td>MMR014</td></tr><tr><td><b>lon</b></td><td>97.88096</td></tr><tr><td><b>lat</b></td><td>20.46316</td></tr><tr><td><b>source</b></td><td>ESCAP 1991 Geological / Mineral Resources Map - town symbol + name</td></tr></table>]]></description><Point><coordinates>97.88096,20.46316</coordinates></Point></Placemark><Placemark><name>Mong Pan</name><visibility>1</visibility><Style><IconStyle><color>ffffffff</color><scale>0.7</scale><Icon><href>http://maps.google.com/mapfiles/kml/shapes/placemark_circle.png</href></Icon></IconStyle></Style><description><![CDATA[<table><tr><td><b>name</b></td><td>Mong Pan</td></tr><tr><td><b>sheet</b></td><td>m1</td></tr><tr><td><b>ocr_score</b></td><td>0.972</td></tr><tr><td><b>name_ocr</b></td><td>Mong Pan</td></tr><tr><td><b>name_check</b></td><td>matched to gazetteer</td></tr><tr><td><b>state</b></td><td>Shan (South)</td></tr><tr><td><b>state_pcode</b></td><td>MMR014</td></tr><tr><td><b>lon</b></td><td>98.37835</td></tr><tr><td><b>lat</b></td><td>20.27772</td></tr><tr><td><b>source</b></td><td>ESCAP 1991 Geological / Mineral Resources Map - town symbol + name</td></tr></table>]]></description><Point><coordinates>98.37835,20.27772</coordinates></Point></Placemark><Placemark><name>Mong Kung</name><visibility>1</visibility><Style><IconStyle><color>ffffffff</color><scale>0.7</scale><Icon><href>http://maps.google.com/mapfiles/kml/shapes/placemark_circle.png</href></Icon></IconStyle></Style><description><![CDATA[<table><tr><td><b>name</b></td><td>Mong Kung</td></tr><tr><td><b>sheet</b></td><td>g1</td></tr><tr><td><b>ocr_score</b></td><td>0.969</td></tr><tr><td><b>name_ocr</b></td><td>Mong Kung</td></tr><tr><td><b>name_check</b></td><td>matched to gazetteer</td></tr><tr><td><b>state</b></td><td>Shan (South)</td></tr><tr><td><b>state_pcode</b></td><td>MMR014</td></tr><tr><td><b>lon</b></td><td>97.52012</td></tr><tr><td><b>lat</b></td><td>21.54994</td></tr><tr><td><b>source</b></td><td>ESCAP 1991 Geological / Mineral Resources Map - town symbol + name</td></tr></table>]]></description><Point><coordinates>97.52012,21.54994</coordinates></Point></Placemark><Placemark><name>Namhkam</name><visibility>1</visibility><Style><IconStyle><color>ffffffff</color><scale>0.7</scale><Icon><href>http://maps.google.com/mapfiles/kml/shapes/placemark_circle.png</href></Icon></IconStyle></Style><description><![CDATA[<table><tr><td><b>name</b></td><td>Namhkam</td></tr><tr><td><b>sheet</b></td><td>m1</td></tr><tr><td><b>ocr_score</b></td><td>0.932</td></tr><tr><td><b>name_ocr</b></td><td>Nomhkam</td></tr><tr><td><b>name_check</b></td><td>matched to gazetteer</td></tr><tr><td><b>state</b></td><td>Shan (North)</td></tr><tr><td><b>state_pcode</b></td><td>MMR015</td></tr><tr><td><b>lon</b></td><td>97.68329</td></tr><tr><td><b>lat</b></td><td>23.77209</td></tr><tr><td><b>source</b></td><td>ESCAP 1991 Geological / Mineral Resources Map - town symbol + name</td></tr></table>]]></description><Point><coordinates>97.68329,23.77209</coordinates></Point></Placemark><Placemark><name>Kunlong</name><visibility>1</visibility><Style><IconStyle><color>ffffffff</color><scale>0.7</scale><Icon><href>http://maps.google.com/mapfiles/kml/shapes/placemark_circle.png</href></Icon></IconStyle></Style><description><![CDATA[<table><tr><td><b>name</b></td><td>Kunlong</td></tr><tr><td><b>sheet</b></td><td>g1</td></tr><tr><td><b>ocr_score</b></td><td>0.924</td></tr><tr><td><b>name_ocr</b></td><td>Kunlongy</td></tr><tr><td><b>name_check</b></td><td>matched to gazetteer</td></tr><tr><td><b>state</b></td><td>Shan (North)</td></tr><tr><td><b>state_pcode</b></td><td>MMR015</td></tr><tr><td><b>lon</b></td><td>98.66835</td></tr><tr><td><b>lat</b></td><td>23.35206</td></tr><tr><td><b>source</b></td><td>ESCAP 1991 Geological / Mineral Resources Map - town symbol + name</td></tr></table>]]></description><Point><coordinates>98.66835,23.35206</coordinates></Point></Placemark><Placemark><name>Keng Tung</name><visibility>1</visibility><Style><IconStyle><color>ffffffff</color><scale>0.7</scale><Icon><href>http://maps.google.com/mapfiles/kml/shapes/placemark_circle.png</href></Icon></IconStyle></Style><description><![CDATA[<table><tr><td><b>name</b></td><td>Keng Tung</td></tr><tr><td><b>sheet</b></td><td>m1</td></tr><tr><td><b>ocr_score</b></td><td>0.897</td></tr><tr><td><b>name_ocr</b></td><td>Keng Tung</td></tr><tr><td><b>name_check</b></td><td>matched to gazetteer</td></tr><tr><td><b>state</b></td><td>Shan (East)</td></tr><tr><td><b>state_pcode</b></td><td>MMR016</td></tr><tr><td><b>lon</b></td><td>99.64916</td></tr><tr><td><b>lat</b></td><td>21.26328</td></tr><tr><td><b>source</b></td><td>ESCAP 1991 Geological / Mineral Resources Map - town symbol + name</td></tr></table>]]></description><Point><coordinates>99.64916,21.26328</coordinates></Point></Placemark><Placemark><name>Namton</name><visibility>1</visibility><Style><IconStyle><color>ffffffff</color><scale>0.7</scale><Icon><href>http://maps.google.com/mapfiles/kml/shapes/placemark_circle.png</href></Icon></IconStyle></Style><description><![CDATA[<table><tr><td><b>name</b></td><td>Namton</td></tr><tr><td><b>sheet</b></td><td>m1</td></tr><tr><td><b>ocr_score</b></td><td>0.81</td></tr><tr><td><b>name_ocr</b></td><td>Namton</td></tr><tr><td><b>name_check</b></td><td>matched to gazetteer</td></tr><tr><td><b>state</b></td><td>Shan (East)</td></tr><tr><td><b>state_pcode</b></td><td>MMR016</td></tr><tr><td><b>lon</b></td><td>99.5727</td></tr><tr><td><b>lat</b></td><td>22.00566</td></tr><tr><td><b>source</b></td><td>ESCAP 1991 Geological / Mineral Resources Map - town symbol + name</td></tr></table>]]></description><Point><coordinates>99.5727,22.00566</coordinates></Point></Placemark></Folder><Folder><name>Shan State boundary</name><visibility>1</visibility><Placemark><name>Shan (East)</name><visibility>1</visibility><Style><PolyStyle><fill>0</fill></PolyStyle><LineStyle><color>ff000000</color><width>2.5</width></LineStyle></Style><description><![CDATA[<table><tr><td><b>state</b></td><td>Shan (East)</td></tr><tr><td><b>state_pcode</b></td><td>MMR016</td></tr></table>]]></description><MultiGeometry><Polygon><outerBoundaryIs><LinearRing><coordinates>98.50672,19.95915 98.50598,19.97067 98.50796,19.97226 98.51074,19.97781 98.51509,19.98712 98.51529,19.99286 98.51688,19.99663 98.51848,20.00319 98.51954,20.00441 98.52103,20.00542 98.52198,20.00586 98.52394,20.00654 98.52477,20.00660 98.52489,20.00699 98.52489,20.00788 98.52418,20.00876 98.52370,20.01021 98.52370,20.01099 98.52435,20.01133 98.52489,20.01311 98.52465,20.01445 98.52382,20.01545 98.52191,20.01789 98.51977,20.01978 98.51823,20.02156 98.51811,20.02312 98.51811,20.02524 98.51834,20.02702 98.51858,20.02858 98.51846,20.02981 98.51703,20.03470 98.51513,20.03737 98.51382,20.03965 98.51286,20.04138 98.51132,20.04282 98.51001,20.04482 98.50775,20.04872 98.50537,20.05122 98.50418,20.05339 98.50410,20.05404 98.50382,20.05617 98.50394,20.05852 98.50370,20.06108 98.50334,20.06375 98.50287,20.06592 98.50203,20.06753 98.49989,20.06859 98.49823,20.06942 98.49656,20.07086 98.49454,20.07259 98.49299,20.07420 98.49109,20.07553 98.49027,20.07692 98.48993,20.07756 98.49020,20.07802 98.49177,20.08075 98.49192,20.08088 98.49411,20.08432 98.49806,20.08775 98.50581,20.09133 98.50829,20.09668 98.51195,20.10067 98.51590,20.10465 98.52101,20.10905 98.53359,20.11648 98.53798,20.11881 98.54178,20.12047 98.54733,20.12706 98.54748,20.12706 98.55377,20.13235 98.55772,20.13544 98.56459,20.13847 98.56781,20.14026 98.56971,20.14150 98.57337,20.14137 98.57615,20.14083 98.58010,20.13946 98.58493,20.13769 98.58507,20.13769 98.58800,20.13674 98.59254,20.13482 98.59605,20.13469 98.59985,20.13470 98.60307,20.13608 98.60629,20.13718 98.60965,20.13787 98.61170,20.13856 98.61375,20.14021 98.61550,20.14131 98.61814,20.14145 98.62121,20.14249 98.62964,20.14850 98.63439,20.15405 98.63670,20.15815 98.64007,20.15973 98.64529,20.16358 98.64573,20.16386 98.65440,20.16867 98.65864,20.16992 98.66332,20.17184 98.67005,20.17309 98.67502,20.17433 98.67897,20.17640 98.68190,20.17846 98.68599,20.18210 98.68935,20.18794 98.69227,20.19288 98.69329,20.19768 98.69110,20.20179 98.68963,20.20809 98.68757,20.21755 98.68757,20.22043 98.68815,20.22667 98.68859,20.22962 98.68800,20.23229 98.68829,20.23524 98.68931,20.23935 98.69092,20.24375 98.69121,20.24742 98.69048,20.25087 98.69164,20.25595 98.69281,20.25924 98.69369,20.26199 98.69515,20.26500 98.69617,20.26775 98.69792,20.26974 98.69865,20.27530 98.69865,20.28037 98.69747,20.28489 98.69455,20.28900 98.68898,20.29434 98.68635,20.29673 98.68400,20.29899 98.68225,20.30282 98.67873,20.30666 98.67551,20.30871 98.67163,20.31130 98.66805,20.31253 98.66410,20.31444 98.66073,20.31704 98.65649,20.31937 98.65371,20.32101 98.65151,20.32443 98.64975,20.32689 98.64916,20.32909 98.64887,20.33025 98.64755,20.33553 98.64770,20.33553 98.64784,20.33951 98.64696,20.34513 98.64608,20.35034 98.64607,20.35390 98.64373,20.35787 98.64124,20.36280 98.64065,20.36829 98.64021,20.37226 98.64021,20.37514 98.64167,20.37844 98.64240,20.38104 98.64196,20.38516 98.64152,20.38762 98.64224,20.39023 98.64327,20.39201 98.64400,20.39407 98.64400,20.39558 98.64414,20.39736 98.64414,20.39887 98.64546,20.40189 98.64560,20.40189 98.64838,20.40519 98.65072,20.40738 98.65218,20.40944 98.65306,20.41191 98.65335,20.41520 98.65305,20.41836 98.65334,20.42220 98.65363,20.42713 98.65377,20.43248 98.65333,20.43550 98.65260,20.43851 98.65157,20.44153 98.64982,20.44440 98.64967,20.44783 98.64922,20.45277 98.64931,20.45479 98.64937,20.45633 98.64951,20.46319 98.64746,20.47032 98.64633,20.47567 98.64584,20.47799 98.64203,20.48223 98.63925,20.48470 98.63603,20.48675 98.63369,20.48894 98.63135,20.49359 98.62915,20.49661 98.62769,20.49811 98.62695,20.49976 98.62549,20.50345 98.62080,20.50975 98.61612,20.51633 98.61626,20.52126 98.61625,20.52688 98.61435,20.52976 98.61010,20.53633 98.60820,20.54319 98.60688,20.54730 98.60366,20.55058 98.60102,20.55565 98.60058,20.56017 98.60204,20.56374 98.60350,20.56580 98.60394,20.56786 98.60262,20.57471 98.60247,20.57471 98.59939,20.58403 98.59763,20.58978 98.59587,20.59595 98.59455,20.60089 98.58943,20.60979 98.58591,20.61102 98.58416,20.61218 98.58328,20.61416 98.58005,20.61910 98.57449,20.62443 98.57186,20.62918 98.56834,20.63553 98.56512,20.64142 98.56292,20.64854 98.55662,20.65676 98.55164,20.66292 98.54696,20.66949 98.54447,20.67566 98.54402,20.68265 98.54416,20.68717 98.54299,20.69430 98.54079,20.69978 98.53376,20.70786 98.52908,20.71347 98.52395,20.71730 98.52000,20.72017 98.51561,20.72291 98.51312,20.72935 98.51209,20.73524 98.51253,20.74004 98.50945,20.74511 98.50638,20.74922 98.50169,20.75551 98.50052,20.76251 98.50066,20.76251 98.50066,20.76881 98.50124,20.77540 98.50123,20.78390 98.50181,20.78787 98.50386,20.79062 98.50401,20.79062 98.50503,20.79254 98.50485,20.79281 98.50225,20.79665 98.49976,20.80028 98.49829,20.80494 98.49843,20.80981 98.49711,20.81639 98.49623,20.81995 98.49667,20.82351 98.49711,20.82694 98.49857,20.83229 98.49803,20.83533 98.49695,20.84134 98.49592,20.84381 98.49461,20.84614 98.49534,20.84737 98.49548,20.84737 98.49695,20.85011 98.49840,20.85464 98.49767,20.86568 98.49679,20.86952 98.49459,20.87397 98.48990,20.87945 98.48858,20.88534 98.48873,20.88534 98.48814,20.89178 98.48842,20.90083 98.48886,20.90796 98.48856,20.91605 98.48844,20.91951 98.48826,20.92483 98.49089,20.92895 98.49294,20.93279 98.49703,20.93472 98.49879,20.93856 98.49966,20.94377 98.49937,20.94432 98.49849,20.95035 98.49993,20.95239 98.50083,20.95365 98.50295,20.95614 98.50316,20.95639 98.50697,20.95695 98.50697,20.95722 98.51135,20.95833 98.51691,20.96026 98.51954,20.96191 98.52657,20.96274 98.52832,20.96165 98.53242,20.96139 98.53856,20.96112 98.54149,20.96085 98.54617,20.96004 98.55144,20.95758 98.55144,20.95786 98.55759,20.95622 98.56139,20.95486 98.56490,20.95267 98.56871,20.95268 98.57544,20.95379 98.57924,20.95544 98.57924,20.95599 98.58333,20.95929 98.58801,20.95930 98.59387,20.96013 98.60060,20.96124 98.60060,20.96151 98.60528,20.96344 98.60557,20.96344 98.61025,20.96455 98.61347,20.96784 98.61668,20.97306 98.62048,20.97992 98.62399,20.98377 98.62399,20.98404 98.62905,20.98905 98.62954,20.98954 98.62984,20.98954 98.63218,20.99037 98.63598,20.98955 98.63862,20.98818 98.64184,20.98737 98.64447,20.98847 98.64681,20.99232 98.64944,20.99589 98.65412,20.99726 98.65734,20.99727 98.66260,20.99509 98.66290,20.99509 98.66846,20.99153 98.67168,20.99127 98.67694,20.99127 98.67899,20.99183 98.68455,20.99184 98.68777,20.99157 98.69187,20.99048 98.69567,20.98802 98.69918,20.98693 98.70299,20.98639 98.70855,20.98640 98.71411,20.98586 98.71440,20.98586 98.71791,20.98504 98.72289,20.98396 98.72757,20.98287 98.73284,20.98206 98.73313,20.98206 98.73505,20.98291 98.73810,20.98426 98.74161,20.98811 98.74804,20.99278 98.74878,20.99658 98.74893,20.99656 98.75013,21.00025 98.75499,21.01199 98.75997,21.01724 98.77150,21.02824 98.77150,21.03243 98.78312,21.04232 98.78605,21.04489 98.78691,21.04666 98.79070,21.05003 98.79173,21.05212 98.79448,21.05437 98.79485,21.05490 98.79603,21.05662 98.79879,21.05983 98.79896,21.05999 98.80499,21.06529 98.80602,21.06834 98.80141,21.07982 98.78884,21.09449 98.77381,21.10113 98.74517,21.11580 98.72490,21.12873 98.71826,21.13571 98.70743,21.14724 98.70639,21.15668 98.70080,21.16122 98.69905,21.16925 98.70219,21.18463 98.70115,21.19091 98.70115,21.20419 98.70757,21.20786 98.70956,21.21157 98.70324,21.21712 98.70254,21.22340 98.70478,21.22823 98.70805,21.23050 98.70743,21.23668 98.70394,21.24262 98.69730,21.24751 98.68962,21.27127 98.68542,21.27511 98.68088,21.28489 98.67948,21.29398 98.68018,21.29712 98.67355,21.29992 98.66516,21.31110 98.66656,21.31913 98.66306,21.32332 98.66027,21.32647 98.66490,21.33042 98.66662,21.33330 98.66834,21.33684 98.66341,21.34778 98.66062,21.35791 98.66470,21.36459 98.66470,21.36476 98.66656,21.37503 98.66446,21.38062 98.65747,21.39145 98.64769,21.40228 98.62289,21.40822 98.61590,21.41835 98.61345,21.42324 98.60472,21.44141 98.60569,21.44318 98.60471,21.44544 98.59494,21.44630 98.59144,21.45259 98.58585,21.46342 98.58131,21.46761 98.56594,21.49591 98.55882,21.51742 98.55864,21.52176 98.55829,21.52609 98.55966,21.53331 98.56121,21.53941 98.56121,21.53973 98.56180,21.54124 98.56190,21.54150 98.56431,21.54455 98.56741,21.54696 98.57241,21.54809 98.57620,21.54841 98.58068,21.54841 98.58758,21.54986 98.59559,21.55260 98.60111,21.55517 98.60628,21.55486 98.61214,21.55358 98.61740,21.55236 98.62777,21.55317 98.62718,21.55167 98.62704,21.55140 98.62689,21.55126 98.62821,21.54704 98.62851,21.54595 98.62851,21.54567 98.62983,21.54458 98.63305,21.54254 98.63349,21.54213 98.63730,21.54131 98.63804,21.54104 98.63840,21.54090 98.64346,21.53832 98.64390,21.53832 98.64581,21.53846 98.64610,21.53846 98.64742,21.53819 98.64757,21.53819 98.65226,21.53533 98.65834,21.53355 98.65995,21.53314 98.66523,21.53247 98.66919,21.53220 98.67520,21.52661 98.67799,21.52532 98.68019,21.52389 98.68312,21.52334 98.68635,21.52185 98.68855,21.52158 98.68928,21.52158 98.68972,21.52144 98.69295,21.51994 98.69632,21.51845 98.70101,21.51559 98.70116,21.51545 98.70497,21.51436 98.70856,21.51410 98.71866,21.51478 98.72394,21.51465 98.72658,21.51356 98.73039,21.51330 98.73391,21.51275 98.73655,21.51221 98.73934,21.51153 98.74285,21.51113 98.74725,21.50963 98.75150,21.50799 98.75459,21.50582 98.76417,21.50174 98.77177,21.50233 98.77784,21.50317 98.78639,21.50010 98.79275,21.49944 98.80239,21.49505 98.81467,21.49308 98.82958,21.48607 98.83966,21.48497 98.85304,21.48300 98.85720,21.48453 98.86334,21.48300 98.87518,21.48475 98.87641,21.48818 98.87684,21.48847 98.88314,21.49639 98.88943,21.50498 98.89031,21.50649 98.89163,21.50949 98.89163,21.51167 98.89089,21.51549 98.89013,21.51750 98.88986,21.51822 98.88635,21.51999 98.88503,21.52176 98.88488,21.52176 98.88473,21.52340 98.88364,21.52463 98.88100,21.52640 98.88041,21.52831 98.88085,21.53131 98.88143,21.53349 98.88157,21.53724 98.88216,21.53827 98.88274,21.54134 98.88259,21.54414 98.88288,21.54775 98.88347,21.54987 98.88361,21.54987 98.88361,21.55178 98.88405,21.55355 98.88551,21.55655 98.88639,21.55724 98.89101,21.55765 98.89394,21.55751 98.89789,21.55984 98.90024,21.56107 98.90390,21.56175 98.90698,21.56339 98.90756,21.56571 98.90815,21.56735 98.91049,21.56804 98.91372,21.56886 98.91694,21.57104 98.91841,21.57214 98.92251,21.57255 98.92427,21.57310 98.92515,21.57460 98.92368,21.57705 98.92280,21.57978 98.92224,21.58380 98.92221,21.58401 98.92441,21.58770 98.92558,21.58824 98.92953,21.58716 98.93379,21.58702 98.93715,21.58935 98.93759,21.59249 98.93707,21.59412 98.93825,21.59726 98.93721,21.60326 98.93706,21.60613 98.93735,21.61172 98.94483,21.61582 98.94776,21.61828 98.95069,21.62265 98.95349,21.62754 98.95515,21.63043 98.95735,21.63207 98.95984,21.63180 98.96291,21.63167 98.96702,21.63385 98.96995,21.63490 98.97082,21.63522 98.97405,21.63686 98.97580,21.64061 98.97595,21.64764 98.97521,21.64982 98.97477,21.65037 98.97169,21.65241 98.97154,21.65255 98.96744,21.65473 98.95923,21.66195 98.95578,21.66522 98.95519,21.66986 98.95620,21.67348 98.95724,21.67423 98.96427,21.67710 98.96441,21.67860 98.96412,21.68092 98.96295,21.68474 98.96089,21.68829 98.95825,21.69019 98.95708,21.69333 98.95635,21.69742 98.95525,21.70151 98.95158,21.70697 98.95128,21.70860 98.95128,21.71079 98.95099,21.71461 98.95142,21.71747 98.95201,21.72020 98.95230,21.72307 98.95259,21.72621 98.95038,21.73112 98.95029,21.73329 98.95024,21.73466 98.94972,21.73726 98.94869,21.73876 98.94815,21.74191 98.94810,21.74217 98.94795,21.74531 98.94927,21.75022 98.94912,21.75445 98.94765,21.75609 98.94487,21.75827 98.94237,21.76154 98.93753,21.76563 98.93387,21.76794 98.93372,21.76794 98.93269,21.76944 98.93064,21.77094 98.92903,21.77216 98.92573,21.77325 98.92294,21.77516 98.92133,21.77816 98.92016,21.77966 98.91752,21.78198 98.91751,21.78348 98.91766,21.78716 98.91692,21.79003 98.91619,21.79166 98.91487,21.79357 98.91252,21.79712 98.91193,21.79903 98.91230,21.80062 98.91237,21.80094 98.91515,21.80435 98.91691,21.80681 98.92020,21.80968 98.92313,21.81200 98.92327,21.81214 98.92606,21.81419 98.92796,21.81501 98.93236,21.81556 98.93529,21.81583 98.93837,21.81665 98.94130,21.81775 98.94394,21.81870 98.94848,21.81980 98.95112,21.82007 98.95361,21.82076 98.95581,21.82172 98.95845,21.82281 98.95991,21.82390 98.96123,21.82622 98.96328,21.82936 98.96430,21.83100 98.96709,21.83264 98.97017,21.83428 98.97222,21.83606 98.97427,21.83811 98.97617,21.83947 98.97896,21.84138 98.98071,21.84371 98.98232,21.84575 98.98481,21.84807 98.98613,21.85094 98.98701,21.85203 98.98791,21.85287 98.98921,21.85408 98.99023,21.85626 98.99375,21.85736 98.99699,21.85938 98.99711,21.85967 98.99752,21.86002 98.99790,21.86035 98.99795,21.86052 98.99884,21.86092 99.00022,21.86171 99.00180,21.86243 99.00318,21.86304 99.00411,21.86398 99.00484,21.86517 99.00498,21.86627 99.00591,21.86733 99.00742,21.86766 99.00879,21.86735 99.01017,21.86679 99.01181,21.86672 99.01348,21.86641 99.01455,21.86530 99.01519,21.86390 99.01617,21.86291 99.01770,21.86244 99.01874,21.86203 99.01996,21.86184 99.02074,21.86184 99.02166,21.86171 99.02235,21.86144 99.02290,21.86101 99.02323,21.86036 99.02374,21.85963 99.02374,21.85945 99.02432,21.85831 99.02498,21.85767 99.02599,21.85718 99.02648,21.85693 99.02720,21.85662 99.02769,21.85619 99.02811,21.85582 99.02870,21.85539 99.02942,21.85484 99.03004,21.85478 99.03126,21.85507 99.03224,21.85562 99.03304,21.85616 99.03376,21.85665 99.03410,21.85732 99.03469,21.85808 99.03490,21.85909 99.03490,21.85927 99.03549,21.85982 99.03635,21.86018 99.03754,21.86057 99.03840,21.86093 99.03912,21.86178 99.03940,21.86303 99.03942,21.86590 99.03956,21.86734 99.03944,21.86914 99.03939,21.87079 99.03944,21.87332 99.03975,21.87451 99.04008,21.87521 99.04035,21.87610 99.04049,21.87707 99.04062,21.87781 99.04050,21.87872 99.04018,21.87946 99.03979,21.88062 99.03980,21.88196 99.04015,21.88361 99.04073,21.88617 99.04122,21.88684 99.04156,21.88739 99.04215,21.88824 99.04268,21.88904 99.04361,21.89007 99.04407,21.89083 99.04415,21.89153 99.04416,21.89263 99.04423,21.89348 99.04440,21.89458 99.04490,21.89562 99.04544,21.89662 99.04663,21.89824 99.04763,21.89982 99.04822,21.90067 99.04916,21.90244 99.04941,21.90384 99.04950,21.90433 99.04979,21.90762 99.05230,21.91103 99.05305,21.91353 99.05494,21.91865 99.05665,21.91974 99.05797,21.92029 99.05941,21.92083 99.06295,21.92195 99.06566,21.92281 99.06674,21.92848 99.06651,21.93197 99.06652,21.93368 99.06597,21.93710 99.06501,21.94040 99.06408,21.94301 99.06200,21.94677 99.05909,21.94808 99.05525,21.94980 99.05146,21.95122 99.05028,21.95196 99.04898,21.95325 99.04894,21.95667 99.04915,21.95826 99.04930,21.95881 99.04815,21.96346 99.04878,21.96791 99.04824,21.97165 99.04767,21.97555 99.04473,21.97795 99.04323,21.97899 99.04011,21.98003 99.03637,21.98129 99.03583,21.98140 99.03423,21.98173 99.03289,21.98271 99.02815,21.98425 99.02693,21.98483 99.02682,21.98534 99.02754,21.98738 99.02874,21.98902 99.02934,21.99030 99.02932,21.99299 99.02940,21.99464 99.03013,21.99568 99.03112,21.99665 99.03237,21.99756 99.03372,21.99822 99.03624,21.99845 99.03747,21.99933 99.03869,22.00063 99.03924,22.00082 99.04041,22.00659 99.04229,22.00971 99.05028,22.01222 99.05331,22.01435 99.05823,22.01748 99.06187,22.01998 99.06194,22.02023 99.06389,22.02260 99.06389,22.02323 99.06766,22.02735 99.06766,22.02760 99.07184,22.03135 99.07628,22.03248 99.08155,22.03074 99.08708,22.02626 99.09180,22.02552 99.09477,22.02790 99.09543,22.03563 99.09543,22.03589 99.09542,22.04238 99.09757,22.04987 99.09891,22.05779 99.09849,22.06484 99.09376,22.07257 99.09321,22.07557 99.09482,22.08093 99.09400,22.08880 99.09440,22.09242 99.09588,22.09741 99.09979,22.10166 99.10613,22.10442 99.11240,22.10331 99.11706,22.10631 99.11813,22.11093 99.12001,22.11393 99.12447,22.11356 99.12716,22.11457 99.13067,22.11694 99.13728,22.11745 99.14435,22.11798 99.13809,22.12525 99.13351,22.12789 99.12770,22.12850 99.12523,22.13034 99.12433,22.13689 99.12089,22.14006 99.12083,22.14793 99.12513,22.14981 99.12940,22.15484 99.13754,22.15631 99.14612,22.16050 99.15572,22.16269 99.16387,22.15399 99.16822,22.14882 99.17986,22.14619 99.19000,22.13889 99.20031,22.13068 99.20875,22.12541 99.22016,22.12170 99.23387,22.11648 99.24861,22.11304 99.25942,22.10844 99.26824,22.10297 99.27402,22.10012 99.27637,22.10693 99.28146,22.10952 99.28836,22.11188 99.29452,22.10901 99.30198,22.10376 99.30619,22.10077 99.31012,22.10157 99.31598,22.10197 99.32138,22.09948 99.32573,22.09503 99.32613,22.09502 99.33188,22.09831 99.33767,22.09600 99.33806,22.09599 99.34206,22.09932 99.35577,22.09427 99.35988,22.09471 99.36350,22.10475 99.36414,22.10654 99.37248,22.10488 99.38431,22.10223 99.39357,22.09820 99.40311,22.09904 99.41033,22.09903 99.41359,22.10347 99.41468,22.10742 99.42311,22.10847 99.42815,22.10726 99.43314,22.10460 99.43441,22.10800 99.43883,22.11205 99.44372,22.11228 99.44842,22.11306 99.45282,22.11657 99.45361,22.11673 99.45602,22.11902 99.45711,22.12279 99.45751,22.12314 99.46351,22.12768 99.47008,22.13203 99.47389,22.13519 99.47486,22.13517 99.47934,22.13487 99.48321,22.13368 99.48522,22.12893 99.48551,22.12585 99.49078,22.12553 99.49566,22.12558 99.49654,22.12249 99.49607,22.11978 99.49809,22.11557 99.50516,22.11068 99.51417,22.10484 99.52175,22.09741 99.52550,22.09695 99.53098,22.10350 99.53581,22.10843 99.54461,22.10892 99.55144,22.10874 99.55514,22.10828 99.55660,22.11150 99.55768,22.11473 99.56202,22.11624 99.56444,22.11238 99.56466,22.10713 99.56726,22.10272 99.57306,22.10093 99.57839,22.10296 99.57859,22.10296 99.58378,22.10662 99.58835,22.10921 99.58855,22.10938 99.59243,22.11489 99.59824,22.11365 99.60142,22.10922 99.60520,22.10496 99.61091,22.10029 99.61526,22.09601 99.62014,22.09588 99.62034,22.09605 99.62577,22.10115 99.63440,22.10237 99.64130,22.10453 99.64680,22.10529 99.65168,22.10534 99.65017,22.09545 99.65394,22.09100 99.65915,22.08905 99.66403,22.08313 99.66815,22.07742 99.67353,22.07492 99.68054,22.07419 99.68588,22.07639 99.69130,22.07498 99.69553,22.07287 99.69555,22.06979 99.69435,22.06259 99.69214,22.05470 99.68981,22.04879 99.68990,22.04553 99.69473,22.04396 99.70145,22.04052 99.70985,22.04083 99.71532,22.04104 99.71670,22.04154 99.72054,22.04578 99.72094,22.04613 99.72192,22.05225 99.72194,22.05279 99.72051,22.05717 99.71889,22.06120 99.72215,22.06545 99.72630,22.06732 99.72728,22.06729 99.73296,22.06786 99.73432,22.06782 99.73792,22.07044 99.73832,22.07079 99.74247,22.07248 99.74364,22.07245 99.75046,22.07208 99.75105,22.07225 99.75766,22.07134 99.75825,22.07132 99.76207,22.06887 99.77027,22.06285 99.78171,22.05584 99.79007,22.05470 99.80019,22.05406 99.80894,22.05309 99.81350,22.04916 99.82141,22.04659 99.82832,22.04314 99.83540,22.03860 99.83594,22.03605 99.83309,22.03233 99.83221,22.02928 99.83492,22.02867 99.84289,22.02772 99.84872,22.02719 99.85369,22.02416 99.85863,22.02601 99.86316,22.02714 99.86558,22.02961 99.86750,22.03444 99.86915,22.03710 99.87344,22.03716 99.87422,22.03714 99.87738,22.03832 99.87758,22.03831 99.87900,22.03990 99.87829,22.04209 99.87343,22.04259 99.86868,22.04652 99.86513,22.05133 99.86278,22.05700 99.86188,22.05920 99.86487,22.06129 99.86949,22.06514 99.87406,22.06754 99.87861,22.06922 99.88268,22.06857 99.88721,22.06970 99.89283,22.06828 99.90081,22.06895 99.90468,22.06811 99.90722,22.06225 99.91298,22.05955 99.91643,22.05746 99.92287,22.05746 99.92703,22.05933 99.93210,22.05937 99.93665,22.06104 99.94086,22.05857 99.94273,22.05635 99.94794,22.05457 99.95625,22.05198 99.96154,22.05218 99.96617,22.05621 99.96936,22.05847 99.97130,22.05805 99.97220,22.05585 99.96894,22.05179 99.96601,22.04573 99.96107,22.04406 99.95781,22.03981 99.95933,22.03309 99.96124,22.02580 99.96434,22.01956 99.96859,22.01817 99.97096,22.01340 99.97446,22.00732 99.97761,22.00217 99.98158,21.99862 99.98560,21.99633 99.99095,21.98899 99.99515,21.97942 99.99646,21.97360 99.99439,21.96806 99.99419,21.96771 99.98849,21.96123 99.98791,21.95512 99.98509,21.94978 99.98320,21.94423 99.98015,21.93784 99.98015,21.93767 99.97962,21.93313 99.98129,21.92678 99.98036,21.92156 99.97814,21.91742 99.97519,21.91383 99.96924,21.91085 99.96296,21.90929 99.95971,21.90815 99.96036,21.89927 99.96075,21.89418 99.96312,21.88623 99.96195,21.87944 99.95803,21.87500 99.95086,21.86926 99.94562,21.86503 99.94416,21.86087 99.94492,21.85525 99.94491,21.84930 99.94623,21.84403 99.94528,21.83793 99.94546,21.83215 99.94375,21.82624 99.94364,21.82291 99.94348,21.82277 99.94363,21.82269 99.94358,21.82117 99.94545,21.81499 99.94805,21.80826 99.95208,21.80465 99.95728,21.79679 99.95882,21.79202 99.95943,21.78203 99.96163,21.77474 99.96671,21.76881 99.96984,21.76119 99.96980,21.75419 99.97361,21.74988 99.97497,21.74564 99.97482,21.74109 99.97725,21.73507 99.98134,21.72760 99.98266,21.72231 99.98249,21.71724 99.98589,21.71189 99.98876,21.70761 99.99146,21.70385 99.99907,21.70048 100.00578,21.69853 100.01326,21.69673 100.01749,21.69363 100.02243,21.69506 100.02680,21.69598 100.03218,21.69444 100.03317,21.69021 100.03222,21.68446 100.03052,21.67874 100.03156,21.67608 100.03490,21.67458 100.03602,21.67455 100.04076,21.67529 100.04551,21.67112 100.04785,21.66790 100.05046,21.66712 100.05091,21.66921 100.04955,21.67345 100.05256,21.67896 100.05759,21.68284 100.05816,21.68300 100.06373,21.68616 100.06914,21.69002 100.07111,21.69259 100.07505,21.69212 100.08165,21.69228 100.08660,21.69370 100.08843,21.69750 100.09153,21.70003 100.09242,21.70403 100.09515,21.70658 100.09909,21.70628 100.10106,21.70325 100.10246,21.70023 100.10793,21.70042 100.10870,21.70075 100.11127,21.70435 100.11185,21.70468 100.11641,21.70559 100.11880,21.70395 100.11974,21.70392 100.12248,21.70139 100.12682,21.70161 100.12720,21.70159 100.13099,21.70218 100.13577,21.69889 100.13956,21.69387 100.14483,21.68846 100.15137,21.68495 100.15759,21.67986 100.16313,21.67129 100.16821,21.66571 100.17161,21.66053 100.17278,21.65630 100.17283,21.65245 100.17122,21.64952 100.16783,21.64945 100.16186,21.65103 100.15733,21.65081 100.15261,21.65043 100.14866,21.64513 100.14487,21.63929 100.13989,21.63681 100.13951,21.63665 100.13554,21.63099 100.13371,21.62165 100.13126,21.61612 100.12560,21.61051 100.11678,21.60605 100.11041,21.60134 100.10674,21.59340 100.10714,21.58866 100.10981,21.58420 100.11535,21.58089 100.11898,21.57693 100.12139,21.57085 100.12170,21.56349 100.12130,21.55737 100.11882,21.55080 100.11958,21.54569 100.12326,21.53771 100.12333,21.53420 100.12237,21.52845 100.12096,21.52570 100.12134,21.52043 100.12594,21.51189 100.12973,21.50723 100.14015,21.50394 100.14569,21.50097 100.15142,21.49817 100.15634,21.49365 100.16208,21.49085 100.16713,21.48717 100.16930,21.48512 100.17347,21.49620 100.17693,21.50987 100.17931,21.51663 100.18706,21.51969 100.19924,21.51310 100.21256,21.50379 100.21496,21.49388 100.22682,21.48444 100.23070,21.47872 100.23225,21.47207 100.23877,21.46891 100.24720,21.46627 100.25713,21.47040 100.27042,21.47423 100.27819,21.48054 100.28085,21.48485 100.29072,21.48003 100.29586,21.48460 100.30204,21.48957 100.30773,21.49156 100.31269,21.49179 100.31531,21.49245 100.31638,21.49759 100.32998,21.50426 100.33530,21.51207 100.34194,21.52178 100.34447,21.52772 100.35077,21.53079 100.36128,21.52994 100.37539,21.52765 100.38135,21.52666 100.38629,21.52431 100.39097,21.52235 100.39668,21.52784 100.40237,21.53103 100.40907,21.53422 100.42639,21.53920 100.43206,21.54050 100.43833,21.52857 100.44392,21.52096 100.44674,21.51298 100.45501,21.51250 100.45989,21.50746 100.46269,21.49650 100.45854,21.48817 100.45852,21.48601 100.46487,21.48231 100.46656,21.48126 100.46739,21.47734 100.46983,21.47489 100.46950,21.47098 100.47469,21.46796 100.47612,21.46606 100.47622,21.46147 100.47996,21.45874 100.48588,21.45599 100.48982,21.45879 100.49204,21.46241 100.49653,21.46170 100.50351,21.46420 100.50890,21.46631 100.51039,21.46994 100.51839,21.47176 100.52143,21.47133 100.52317,21.47145 100.52796,21.47154 100.53290,21.47035 100.53654,21.47180 100.54100,21.46866 100.54674,21.46212 100.55146,21.45628 100.55858,21.45702 100.56393,21.45643 100.57446,21.45067 100.58873,21.45593 100.59516,21.46086 100.59867,21.46380 100.60200,21.46350 100.60998,21.46342 100.61497,21.46891 100.62739,21.47675 100.64270,21.48309 100.65069,21.48409 100.66257,21.48197 100.66892,21.47961 100.67988,21.48652 100.68263,21.49864 100.68705,21.50467 100.69335,21.51001 100.70002,21.51467 100.70699,21.51541 100.70872,21.51444 100.71332,21.51035 100.71768,21.51098 100.72263,21.51295 100.72778,21.51870 100.73381,21.52566 100.73969,21.53168 100.74517,21.54039 100.75226,21.55349 100.76109,21.56122 100.76819,21.55737 100.77142,21.56884 100.77377,21.57098 100.79059,21.57098 100.79295,21.57455 100.79445,21.58640 100.79899,21.59444 100.80045,21.60251 100.81128,21.61822 100.81286,21.62142 100.82456,21.62866 100.83122,21.63578 100.83550,21.63735 100.84166,21.63513 100.84555,21.64751 100.85835,21.66534 100.87031,21.67779 100.87952,21.68686 100.88306,21.68978 100.88690,21.68794 100.88995,21.68467 100.89325,21.68517 100.90122,21.68796 100.90546,21.68701 100.90870,21.68320 100.91180,21.68352 100.91338,21.68602 100.91013,21.68894 100.91229,21.69107 100.91731,21.69083 100.91884,21.68920 100.93030,21.69266 100.93910,21.69950 100.94898,21.70064 100.95575,21.70002 100.96156,21.70049 100.96446,21.70082 100.96851,21.69951 100.97433,21.70034 100.98115,21.70404 100.99124,21.70518 100.99468,21.70568 101.00306,21.71025 101.01310,21.70851 101.01431,21.71209 101.01361,21.71732 101.01542,21.72233 101.02864,21.72666 101.03493,21.73378 101.03767,21.73572 101.04726,21.74352 101.05522,21.75104 101.06517,21.75649 101.07187,21.76449 101.07284,21.76484 101.07795,21.76434 101.08408,21.76885 101.08630,21.77590 101.09266,21.77648 101.10326,21.77568 101.10776,21.77431 101.11371,21.77620 101.11755,21.77812 101.12035,21.77717 101.12270,21.77386 101.11586,21.76897 101.11542,21.76753 101.11177,21.75946 101.11066,21.75100 101.11226,21.74432 101.11303,21.73920 101.11369,21.73604 101.11812,21.72092 101.11939,21.71105 101.11694,21.69811 101.11573,21.69262 101.11795,21.69011 101.12388,21.69043 101.12638,21.68738 101.13021,21.67973 101.13507,21.67456 101.14083,21.67328 101.14476,21.67244 101.14942,21.67278 101.15124,21.67184 101.15233,21.66920 101.15053,21.66176 101.15109,21.65245 101.15346,21.65045 101.15698,21.64988 101.16085,21.64519 101.16217,21.63876 101.16099,21.63524 101.15965,21.63041 101.16188,21.61930 101.16972,21.60647 101.16989,21.59905 101.16768,21.59237 101.16233,21.59270 101.15215,21.59034 101.14748,21.58896 101.14098,21.57857 101.13905,21.57186 101.14542,21.56418 101.15265,21.55767 101.15609,21.55225 101.15655,21.54499 101.16130,21.53296 101.16418,21.52802 101.16145,21.52412 101.15367,21.52173 101.14772,21.51958 101.14297,21.51296 101.12621,21.50249 101.12316,21.49663 101.11783,21.48818 101.10787,21.48071 101.09881,21.47030 101.09238,21.46370 101.08853,21.46060 101.08753,21.45904 101.07908,21.45889 101.07148,21.45937 101.06224,21.45655 101.05441,21.45022 101.04372,21.44066 101.03814,21.43444 101.03812,21.43326 101.03249,21.42298 101.01913,21.40592 101.00616,21.39455 101.00014,21.38636 100.99366,21.38539 100.98399,21.38813 100.97710,21.38873 100.96163,21.38238 100.95881,21.38228 100.95090,21.38015 100.94409,21.37603 100.93485,21.36841 100.92579,21.36458 100.91951,21.35719 100.91175,21.35558 100.90796,21.35614 100.90611,21.35459 100.90436,21.35016 100.90069,21.34902 100.89578,21.35025 100.88904,21.35125 100.88421,21.34750 100.87986,21.33691 100.87439,21.32767 100.87367,21.32650 100.86458,21.31939 100.85518,21.31046 100.84653,21.30466 100.83570,21.30399 100.83173,21.30154 100.82183,21.29733 100.80940,21.29301 100.80564,21.29363 100.79695,21.29634 100.78893,21.29630 100.78107,21.29704 100.77980,21.29731 100.76988,21.30200 100.75912,21.30788 100.74538,21.31143 100.73320,21.31536 100.72827,21.31489 100.72315,21.31035 100.71930,21.29744 100.71702,21.28303 100.71789,21.27293 100.71639,21.26560 100.71196,21.25883 100.71035,21.25348 100.70726,21.24165 100.70190,21.22611 100.69998,21.21849 100.69884,21.20527 100.69869,21.19192 100.69783,21.17923 100.69538,21.17388 100.68902,21.17015 100.68409,21.16553 100.68170,21.15403 100.67906,21.14392 100.67343,21.13074 100.66872,21.12398 100.66416,21.11852 100.65821,21.11386 100.64974,21.11015 100.64359,21.10237 100.64169,21.09560 100.64199,21.08510 100.64173,21.07449 100.64025,21.06769 100.63640,21.06223 100.63006,21.06006 100.62287,21.05725 100.61274,21.05035 100.60731,21.04241 100.59779,21.03216 100.59327,21.02892 100.58414,21.02823 100.57588,21.03053 100.56943,21.03046 100.55875,21.02796 100.54876,21.02583 100.54592,21.02310 100.54659,21.01982 100.55208,21.00863 100.55366,20.99807 100.55001,20.98500 100.54506,20.98128 100.53290,20.97248 100.52564,20.96246 100.52124,20.94454 100.52108,20.92951 100.51717,20.91759 100.51580,20.90713 100.51023,20.89751 100.50916,20.88874 100.51330,20.88268 100.52498,20.87314 100.54036,20.86959 100.55495,20.87037 100.56017,20.87321 100.56529,20.87971 100.57541,20.88106 100.58598,20.88581 100.60209,20.89065 100.61263,20.89199 100.62613,20.89540 100.63920,20.89815 100.64522,20.89652 100.64881,20.89190 100.64943,20.88443 100.64755,20.87960 100.64062,20.87495 100.63724,20.87315 100.63225,20.86638 100.62229,20.85325 100.60772,20.84134 100.59779,20.83458 100.58204,20.83067 100.57215,20.82408 100.56681,20.82229 100.54665,20.82471 100.54538,20.82407 100.53794,20.82309 100.52105,20.81630 100.50633,20.81578 100.49525,20.81575 100.48701,20.81818 100.47765,20.82114 100.46813,20.82215 100.46603,20.82282 100.45555,20.82580 100.44827,20.82665 100.43900,20.82502 100.43437,20.82520 100.42827,20.82991 100.42156,20.83206 100.41287,20.83161 100.40600,20.83141 100.39592,20.83306 100.38820,20.83195 100.38089,20.82992 100.37190,20.82737 100.36374,20.82495 100.35752,20.81845 100.35108,20.80488 100.34558,20.79857 100.33571,20.79210 100.32753,20.78587 100.30985,20.78366 100.30052,20.78126 100.28590,20.77539 100.27304,20.76169 100.26246,20.75325 100.25388,20.75017 100.25006,20.74588 100.24621,20.73726 100.23922,20.72558 100.23188,20.71974 100.22386,20.71495 100.21961,20.70922 100.21819,20.70648 100.20637,20.69104 100.20360,20.67778 100.19962,20.67112 100.18750,20.66086 100.18650,20.65904 100.18081,20.64893 100.17094,20.62333 100.16767,20.61680 100.16718,20.60881 100.16331,20.58946 100.15575,20.57235 100.15271,20.55901 100.14681,20.54027 100.13820,20.51622 100.13809,20.50142 100.13452,20.49201 100.12664,20.48650 100.12686,20.47864 100.12723,20.47261 100.12860,20.46828 100.12873,20.46749 100.12516,20.45835 100.12175,20.45068 100.11790,20.44101 100.11727,20.43198 100.11988,20.42685 100.12319,20.42064 100.12356,20.41474 100.12096,20.40414 100.11224,20.39729 100.09845,20.38171 100.08818,20.37269 100.08446,20.36135 100.08115,20.35995 100.07705,20.36368 100.07852,20.36856 100.08482,20.36987 100.07999,20.37293 100.07572,20.37801 100.07791,20.38288 100.07594,20.38340 100.07230,20.37820 100.06547,20.37690 100.06765,20.38076 100.06462,20.38449 100.06987,20.38934 100.07044,20.39287 100.06773,20.39120 100.06411,20.38769 100.06178,20.38888 100.06091,20.39192 100.06200,20.39377 100.05915,20.39766 100.05683,20.39970 100.05466,20.39786 100.05447,20.39618 100.05571,20.39381 100.05497,20.39095 100.05211,20.39366 100.05106,20.39670 100.04567,20.39792 100.04300,20.40147 100.04085,20.40233 100.03923,20.40133 100.03921,20.39897 100.03615,20.39899 100.03131,20.40087 100.02685,20.40495 100.02328,20.40834 100.01807,20.40921 100.01756,20.41292 100.01668,20.41613 100.01470,20.41614 100.01002,20.41584 100.00736,20.42125 100.00274,20.41766 99.99755,20.42056 99.99127,20.42194 99.98841,20.42499 99.98898,20.42937 99.98936,20.43257 99.98275,20.43884 99.98187,20.44154 99.97972,20.44303 99.97563,20.44945 99.96507,20.45710 99.95884,20.46606 99.95398,20.46576 99.94729,20.45939 99.93287,20.45426 99.92154,20.44792 99.91507,20.44762 99.90627,20.44851 99.89979,20.44804 99.89656,20.44873 99.89511,20.44655 99.89385,20.44639 99.89473,20.44436 99.89311,20.44370 99.89151,20.44623 99.88845,20.44558 99.88125,20.44511 99.87765,20.44463 99.87315,20.44398 99.86843,20.44295 99.86007,20.42766 99.85986,20.42229 99.85586,20.41591 99.84989,20.40954 99.84358,20.40620 99.84140,20.40251 99.84032,20.40083 99.84028,20.39493 99.83862,20.38854 99.84147,20.38347 99.83981,20.37641 99.83979,20.37354 99.83366,20.37020 99.82862,20.36279 99.82751,20.35758 99.82352,20.35204 99.81864,20.34768 99.81358,20.34282 99.80815,20.33561 99.79557,20.33466 99.78642,20.33605 99.77868,20.33491 99.77439,20.33779 99.76973,20.34051 99.76400,20.34273 99.75805,20.33939 99.75500,20.33957 99.74658,20.34450 99.74425,20.34670 99.73975,20.34537 99.73366,20.34877 99.73134,20.35097 99.72678,20.34715 99.71904,20.34314 99.71758,20.33928 99.71900,20.33540 99.71700,20.33237 99.71086,20.32499 99.70619,20.32518 99.69901,20.32690 99.68928,20.32155 99.68208,20.31703 99.67437,20.32043 99.66560,20.32771 99.66309,20.32773 99.65752,20.32842 99.64537,20.34380 99.64069,20.34214 99.63348,20.34158 99.62596,20.33422 99.61971,20.33560 99.61328,20.33703 99.61354,20.33615 99.61232,20.33139 99.59978,20.33808 99.59445,20.34161 99.59166,20.34525 99.58271,20.34466 99.57164,20.35034 99.56282,20.35151 99.55723,20.35792 99.54987,20.35707 99.54573,20.35721 99.53770,20.35599 99.53316,20.35713 99.52756,20.36242 99.51805,20.36190 99.51325,20.36543 99.50541,20.37661 99.49968,20.38264 99.49488,20.38466 99.49019,20.38242 99.47939,20.38898 99.47499,20.39250 99.46630,20.39303 99.45774,20.39243 99.45866,20.38904 99.45919,20.38628 99.45824,20.38115 99.45863,20.37839 99.45834,20.37325 99.45672,20.36762 99.45657,20.36298 99.45897,20.36097 99.46070,20.36059 99.46578,20.35932 99.46924,20.35442 99.47390,20.35002 99.47470,20.34851 99.48272,20.34899 99.49218,20.34294 99.49298,20.34194 99.49685,20.33867 99.49778,20.33779 99.50376,20.33024 99.50721,20.32303 99.50945,20.31425 99.50688,20.30561 99.50602,20.29208 99.50974,20.28580 99.51386,20.27979 99.51833,20.26256 99.51939,20.25910 99.51617,20.25610 99.51724,20.25497 99.52109,20.24857 99.52119,20.23979 99.52303,20.23326 99.52824,20.23212 99.53238,20.23235 99.53304,20.23185 99.53997,20.22669 99.54210,20.22505 99.54359,20.22014 99.54428,20.21739 99.55249,20.21606 99.55528,20.21670 99.56138,20.20949 99.56471,20.20660 99.56526,20.20477 99.56149,20.20308 99.55798,20.19617 99.55560,20.19160 99.55391,20.18690 99.55500,20.18271 99.55233,20.17697 99.54689,20.17141 99.54215,20.17129 99.54145,20.17012 99.54019,20.16725 99.53836,20.16320 99.53835,20.16137 99.53736,20.15811 99.53625,20.15733 99.52621,20.15435 99.52090,20.14980 99.51939,20.15167 99.51298,20.15248 99.51158,20.15078 99.51185,20.14738 99.50793,20.14177 99.49731,20.13135 99.49798,20.12533 99.49839,20.12416 99.49963,20.11892 99.49669,20.11593 99.49516,20.11567 99.49182,20.11477 99.48187,20.10860 99.47268,20.10797 99.45873,20.10187 99.45510,20.09875 99.45023,20.09759 99.44369,20.09813 99.44089,20.09382 99.43754,20.09213 99.43643,20.09135 99.43127,20.09032 99.42974,20.09006 99.42376,20.09257 99.41792,20.09324 99.41541,20.09220 99.41031,20.08793 99.40641,20.08834 99.39958,20.08600 99.39653,20.08810 99.38845,20.08695 99.38177,20.08749 99.37732,20.08986 99.35192,20.07627 99.32893,20.06416 99.32420,20.06770 99.32031,20.07046 99.31572,20.06969 99.31391,20.07139 99.30933,20.07637 99.30308,20.08043 99.29848,20.08097 99.29459,20.08294 99.28889,20.08727 99.28347,20.09408 99.27932,20.09493 99.27320,20.10069 99.26653,20.10293 99.26264,20.10804 99.26015,20.11353 99.25277,20.11355 99.24483,20.11395 99.23775,20.11920 99.23149,20.12561 99.23079,20.12378 99.22452,20.11778 99.22090,20.11753 99.22077,20.12263 99.21855,20.12551 99.21451,20.12852 99.21215,20.13101 99.20714,20.13010 99.20212,20.13037 99.18855,20.12617 99.18312,20.12814 99.18173,20.12684 99.17699,20.12684 99.17157,20.13038 99.16920,20.13143 99.16474,20.13013 99.16349,20.12987 99.16029,20.12997 99.15514,20.13014 99.14956,20.12767 99.14691,20.12440 99.14218,20.12192 99.13438,20.11919 99.12658,20.11881 99.12658,20.11515 99.12880,20.11070 99.13213,20.10561 99.13143,20.10404 99.12796,20.10378 99.12002,20.10196 99.10985,20.09897 99.10735,20.09740 99.10011,20.09806 99.09955,20.09872 99.09622,20.10617 99.09441,20.10539 99.09245,20.09925 99.08967,20.09729 99.08271,20.10017 99.07854,20.10122 99.07338,20.09730 99.07087,20.09273 99.06794,20.08777 99.06836,20.08502 99.07044,20.08123 99.06835,20.07561 99.06806,20.06881 99.06388,20.06620 99.05859,20.06411 99.05490,20.05200 99.04947,20.04703 99.04487,20.03867 99.04376,20.03619 99.04542,20.03383 99.04500,20.02860 99.04625,20.02500 99.04360,20.01938 99.04485,20.01480 99.04749,20.00879 99.05277,20.00460 99.05500,20.00303 99.04901,19.99742 99.04372,19.99637 99.04024,19.99393 99.03620,19.98347 99.03202,19.97576 99.03383,19.97184 99.03925,19.96595 99.04063,19.95611 99.04424,19.94852 99.04020,19.94170 99.04228,19.93503 99.03977,19.92967 99.03031,19.92524 99.02447,19.92435 99.02364,19.92096 99.02572,19.91703 99.02669,19.91389 99.02794,19.90880 99.02279,19.90649 99.02293,19.90623 99.02390,19.89878 99.02876,19.89891 99.03307,19.89537 99.03320,19.88923 99.03612,19.88505 99.03514,19.87629 99.03388,19.87032 99.03610,19.86457 99.03401,19.85202 99.02997,19.84235 99.03135,19.83520 99.02733,19.82977 99.02288,19.82049 99.01899,19.81801 99.01968,19.81671 99.02260,19.81514 99.01982,19.81043 99.02009,19.80716 99.02023,19.80599 99.01689,19.80246 99.01536,19.79520 99.00869,19.78854 98.99924,19.78737 98.98062,19.77979 98.95972,19.77200 98.94638,19.76691 98.94013,19.76743 98.93199,19.76421 98.92921,19.75833 98.92393,19.75022 98.91643,19.74146 98.91171,19.74329 98.90657,19.75140 98.90379,19.76120 98.90295,19.76277 98.89892,19.76630 98.89656,19.76840 98.88474,19.78069 98.87692,19.78340 98.87525,19.78471 98.87108,19.79085 98.85746,19.79542 98.85204,19.80143 98.84648,19.81006 98.83912,19.81450 98.83273,19.81149 98.82926,19.80169 98.83009,19.79711 98.82787,19.79306 98.81773,19.78456 98.80385,19.77618 98.79787,19.77618 98.78963,19.76520 98.78547,19.75657 98.78339,19.75278 98.77922,19.75199 98.77075,19.75473 98.75741,19.75786 98.75408,19.75812 98.74333,19.75250 98.73402,19.75707 98.72763,19.75941 98.72721,19.75967 98.71526,19.76541 98.71484,19.76594 98.71178,19.76894 98.71109,19.76776 98.70984,19.76489 98.70971,19.76227 98.70124,19.75520 98.69874,19.75428 98.68554,19.75283 98.68527,19.75113 98.67958,19.74759 98.67137,19.74889 98.66506,19.74564 98.66534,19.74132 98.66062,19.73648 98.65548,19.73974 98.65062,19.73869 98.64133,19.73292 98.63023,19.72611 98.62634,19.72623 98.62815,19.72088 98.62738,19.71562 98.62697,19.71287 98.62245,19.72405 98.61716,19.73286 98.61540,19.73744 98.61963,19.74343 98.61998,19.74800 98.60942,19.76280 98.60378,19.76808 98.60308,19.77160 98.59955,19.77689 98.59216,19.78146 98.58617,19.78675 98.57899,19.78702 98.57739,19.78831 98.57546,19.79006 98.57450,19.79086 98.57321,19.79162 98.57035,19.79321 98.57138,19.80154 98.57596,19.80682 98.57913,19.81211 98.57913,19.82091 98.57807,19.82725 98.57666,19.83676 98.57029,19.83986 98.56851,19.84194 98.56806,19.84254 98.56702,19.84700 98.56553,19.84922 98.56212,19.85041 98.56096,19.84956 98.56077,19.85005 98.56045,19.85051 98.55969,19.85149 98.55865,19.85293 98.55849,19.85293 98.55756,19.85183 98.55692,19.85150 98.55555,19.85077 98.55483,19.85081 98.55372,19.85095 98.55298,19.85127 98.55260,19.85155 98.55162,19.85212 98.54286,19.85764 98.54285,19.86529 98.54637,19.86846 98.54707,19.87480 98.54291,19.87744 98.54247,19.87833 98.54203,19.87929 98.54177,19.87954 98.54137,19.88001 98.54091,19.88047 98.54054,19.88066 98.53984,19.88100 98.53914,19.88132 98.53827,19.88172 98.53759,19.88206 98.53603,19.88275 98.53560,19.88292 98.53480,19.88278 98.53427,19.88273 98.53385,19.88250 98.53289,19.88205 98.53263,19.88189 98.53187,19.88188 98.53077,19.88182 98.53031,19.88184 98.52914,19.88214 98.52826,19.88235 98.52783,19.88262 98.52739,19.88294 98.52731,19.88309 98.52715,19.88394 98.52687,19.88523 98.52637,19.88575 98.52619,19.88593 98.52552,19.88593 98.52476,19.88594 98.52424,19.88624 98.52388,19.88643 98.52376,19.88681 98.52384,19.88730 98.52388,19.88814 98.52376,19.88878 98.52356,19.88916 98.52401,19.89697 98.52361,19.90074 98.52074,19.90273 98.52047,19.90326 98.52005,19.90423 98.51964,19.90508 98.51952,19.90531 98.51914,19.90577 98.51866,19.90645 98.51782,19.90757 98.51737,19.90817 98.51671,19.90859 98.51565,19.90930 98.51517,19.90962 98.51465,19.90969 98.51379,19.90979 98.51351,19.90973 98.51264,19.90952 98.51212,19.90924 98.51189,19.90914 98.51166,19.90899 98.51123,19.90871 98.51047,19.90867 98.50993,19.90865 98.50958,19.90867 98.50907,19.90880 98.50875,19.90964 98.50844,19.91051 98.50827,19.91119 98.50818,19.91163 98.50832,19.91260 98.50844,19.91279 98.50874,19.91311 98.50906,19.91341 98.50946,19.91390 98.51000,19.91466 98.51058,19.91536 98.51158,19.91644 98.51176,19.91663 98.51174,19.91733 98.51311,19.92134 98.51450,19.92451 98.51509,19.92966 98.51272,19.93402 98.51450,19.93680 98.51064,19.94103 98.51272,19.94611 98.51173,19.94908 98.51153,19.95383 98.50672,19.95915</coordinates></LinearRing></outerBoundaryIs></Polygon><Polygon><outerBoundaryIs><LinearRing><coordinates>98.50672,19.95915 98.50674,19.95883 98.50608,19.95986 98.50672,19.95915</coordinates></LinearRing></outerBoundaryIs></Polygon></MultiGeometry></Placemark><Placemark><name>Shan (North)</name><visibility>1</visibility><Style><PolyStyle><fill>0</fill></PolyStyle><LineStyle><color>ff000000</color><width>2.5</width></LineStyle></Style><description><![CDATA[<table><tr><td><b>state</b></td><td>Shan (North)</td></tr><tr><td><b>state_pcode</b></td><td>MMR015</td></tr></table>]]></description><Polygon><outerBoundaryIs><LinearRing><coordinates>96.66869,24.14981 96.66784,24.14561 96.66700,24.14214 96.66618,24.14014 96.66617,24.13904 96.66775,24.13739 96.67075,24.13627 96.67314,24.13497 96.67375,24.13496 96.67595,24.13513 96.67615,24.13513 96.67755,24.13402 96.67873,24.13182 96.68172,24.13033 96.68271,24.12922 96.68451,24.12848 96.68680,24.12664 96.68719,24.12481 96.68958,24.12314 96.69037,24.12222 96.69016,24.12113 96.69016,24.12095 96.69154,24.11819 96.69311,24.11489 96.69309,24.11325 96.69387,24.11086 96.69485,24.10867 96.69482,24.10592 96.69348,24.10319 96.69085,24.10120 96.68942,24.09939 96.68920,24.09738 96.68758,24.09593 96.68738,24.09593 96.68536,24.09448 96.68255,24.09414 96.68094,24.09397 96.67953,24.09398 96.67912,24.09326 96.67912,24.09307 96.68011,24.09197 96.68070,24.09032 96.67969,24.08923 96.67806,24.08760 96.67745,24.08724 96.67765,24.08632 96.67884,24.08540 96.67904,24.08540 96.67944,24.08485 96.67862,24.08357 96.67740,24.08194 96.67719,24.08103 96.67739,24.08103 96.67798,24.08011 96.67818,24.08011 96.67816,24.07810 96.67734,24.07646 96.67671,24.07409 96.67810,24.07243 96.68030,24.07113 96.68050,24.07132 96.68199,24.07021 96.68321,24.07093 96.68483,24.07219 96.68583,24.07255 96.68723,24.07218 96.68904,24.07198 96.69026,24.07325 96.69307,24.07323 96.69386,24.07194 96.69424,24.07011 96.69463,24.06864 96.69462,24.06846 96.69601,24.06699 96.69722,24.06698 96.69803,24.06734 96.69883,24.06733 96.69902,24.06660 96.69922,24.06660 96.69941,24.06513 96.69961,24.06495 96.69981,24.06495 96.70000,24.06440 96.69918,24.06294 96.69840,24.06058 96.69835,24.05573 96.69902,24.05326 96.70075,24.05078 96.70109,24.05046 96.70022,24.04795 96.69971,24.04659 96.69909,24.04577 96.69954,24.04476 96.70168,24.04355 96.70257,24.04204 96.70267,24.04190 96.70313,24.03806 96.70288,24.03377 96.70309,24.02965 96.70308,24.02923 96.69425,24.02017 96.68707,24.01004 96.67727,24.00612 96.67890,23.99992 96.70144,23.99600 96.71548,23.99731 96.72201,23.99665 96.72594,23.99796 96.72598,23.99786 96.72831,23.99555 96.72851,23.99555 96.72890,23.99556 96.72985,23.99208 96.73652,23.99348 96.74023,23.99363 96.74368,23.99287 96.74518,23.99241 96.74549,23.99249 96.74770,23.99312 96.74790,23.99312 96.74810,23.99330 96.74952,23.99420 96.75242,23.99418 96.75533,23.99397 96.75831,23.99545 96.76256,23.99885 96.76989,24.00409 96.77217,24.00635 96.77427,24.00606 96.77622,24.00513 96.77892,24.00493 96.78191,24.00719 96.78414,24.00987 96.78598,24.01264 96.78749,24.01381 96.78871,24.01463 96.79172,24.01460 96.79512,24.01412 96.79935,24.01546 96.80620,24.01842 96.80848,24.02004 96.80920,24.02104 96.81061,24.02131 96.81080,24.02131 96.81170,24.02066 96.81303,24.01855 96.81524,24.01816 96.82212,24.01857 96.82670,24.01990 96.82912,24.02107 96.83029,24.02280 96.83162,24.02443 96.83574,24.02559 96.83936,24.02593 96.84262,24.02581 96.84597,24.02441 96.85067,24.02071 96.85461,24.01511 96.85606,24.01199 96.85584,24.01007 96.85642,24.00797 96.85680,24.00645 96.85777,24.00604 96.85844,24.00538 96.85862,24.00521 96.85916,24.00393 96.85930,24.00214 96.85896,24.00162 96.85864,24.00118 96.85843,24.00068 96.85459,23.99444 96.85233,23.99150 96.85066,23.98857 96.84947,23.98499 96.84899,23.98271 96.84744,23.97977 96.84590,23.97836 96.84128,23.97597 96.83991,23.97008 96.83519,23.96211 96.83204,23.95620 96.83962,23.95591 96.84322,23.95162 96.84522,23.94410 96.84041,23.93608 96.84227,23.92550 96.84286,23.91665 96.83738,23.90975 96.84198,23.90602 96.84316,23.90218 96.83918,23.89499 96.84139,23.89421 96.84270,23.88933 96.84394,23.88906 96.84519,23.88931 96.84664,23.88987 96.84864,23.89024 96.85002,23.89035 96.85099,23.89022 96.85236,23.88982 96.85401,23.88942 96.85770,23.88926 96.86051,23.88783 96.86223,23.88724 96.86875,23.88468 96.87188,23.88113 96.87268,23.87876 96.87678,23.87501 96.87862,23.87005 96.87996,23.86659 96.88124,23.86369 96.88224,23.86086 96.88283,23.85791 96.88311,23.85645 96.88371,23.85336 96.88519,23.84989 96.88612,23.84719 96.88496,23.84226 96.88492,23.83848 96.88423,23.83554 96.88280,23.83069 96.88016,23.82283 96.87738,23.81754 96.87569,23.81474 96.87193,23.81195 96.87040,23.80998 96.86976,23.80819 96.86890,23.80557 96.86748,23.80238 96.86473,23.79984 96.86217,23.79852 96.85912,23.79752 96.85634,23.79556 96.85477,23.79064 96.85459,23.78699 96.85298,23.78527 96.84555,23.78303 96.84224,23.78345 96.83693,23.78304 96.82840,23.77934 96.82640,23.77865 96.82424,23.77732 96.82193,23.77690 96.81807,23.77757 96.81360,23.77806 96.81181,23.77865 96.80872,23.77957 96.80512,23.78171 96.80287,23.78327 96.79971,23.78458 96.79647,23.78506 96.79371,23.78457 96.79100,23.78299 96.78855,23.77942 96.78666,23.77701 96.78288,23.77224 96.77822,23.76901 96.77580,23.76544 96.77654,23.76384 96.77902,23.76285 96.78175,23.76040 96.78138,23.75803 96.77872,23.75517 96.77752,23.75230 96.77790,23.74967 96.78133,23.74536 96.78431,23.74298 96.79265,23.74387 96.80214,23.74324 96.80502,23.74219 96.80784,23.74146 96.80976,23.74077 96.81073,23.74042 96.81523,23.73871 96.82051,23.73636 96.82333,23.73608 96.82602,23.73618 96.83175,23.73703 96.83520,23.73694 96.83974,23.73549 96.84265,23.73411 96.84566,23.73197 96.84627,23.73113 96.84683,23.73126 96.84842,23.73221 96.85057,23.73321 96.85326,23.73326 96.85629,23.73227 96.85930,23.73058 96.86081,23.72947 96.86311,23.72555 96.86379,23.72509 96.86592,23.72392 96.86838,23.72262 96.86893,23.72212 96.86954,23.71616 96.87371,23.71508 96.87564,23.71461 96.87772,23.71536 96.87869,23.71574 96.88034,23.71541 96.88115,23.71425 96.88246,23.71379 96.88418,23.71364 96.88666,23.71356 96.88894,23.71431 96.89076,23.71621 96.89161,23.71813 96.89253,23.71968 96.89844,23.72003 96.90232,23.71735 96.90798,23.71705 96.91036,23.71258 96.91960,23.71258 96.92191,23.71460 96.92208,23.71459 96.92708,23.71449 96.94349,23.71415 96.94487,23.71472 96.94612,23.71528 96.94750,23.71585 96.94885,23.71616 96.94975,23.71622 96.95092,23.71608 96.95538,23.71367 96.95901,23.71203 96.96163,23.71182 96.96433,23.71237 96.96703,23.71350 96.97112,23.71520 96.97292,23.71601 96.97465,23.71619 96.97679,23.71406 96.97999,23.71057 96.98178,23.70985 96.98336,23.70965 96.98549,23.70931 96.98770,23.70877 96.98786,23.70870 96.99024,23.70766 96.99257,23.70649 96.99511,23.70551 96.99793,23.70516 97.00174,23.70279 97.00293,23.70204 97.00445,23.69915 97.00414,23.69601 97.00203,23.69283 97.00124,23.68957 97.00335,23.68699 97.00472,23.68601 97.00489,23.68313 97.00337,23.68013 97.00257,23.67597 97.00515,23.66314 97.00569,23.66218 97.00800,23.65876 97.01126,23.65412 97.01151,23.65226 97.01224,23.64976 97.01360,23.64789 97.01441,23.64622 97.01466,23.64403 97.01649,23.64446 97.01794,23.64483 97.02518,23.64452 97.03058,23.64024 97.03471,23.63957 97.03934,23.64017 97.04283,23.64161 97.04676,23.64157 97.05650,23.63991 97.06563,23.63958 97.07120,23.64028 97.07807,23.63836 97.07910,23.63758 97.08099,23.63455 97.08209,23.63371 97.08422,23.63325 97.08857,23.63410 97.09473,23.63987 97.10276,23.64186 97.10588,23.64849 97.10968,23.65077 97.11120,23.65660 97.11412,23.65691 97.11982,23.66395 97.12058,23.66496 97.12722,23.66746 97.12884,23.66745 97.13505,23.66746 97.13841,23.66628 97.14103,23.66581 97.14305,23.66810 97.14403,23.66975 97.14552,23.67307 97.14485,23.67429 97.14230,23.67521 97.13977,23.67677 97.13587,23.67962 97.13631,23.68231 97.13772,23.68467 97.14000,23.68522 97.14501,23.68268 97.15211,23.67602 97.15675,23.67508 97.16274,23.67478 97.16667,23.67378 97.17272,23.67290 97.17512,23.67153 97.17856,23.67035 97.17960,23.67117 97.18269,23.67935 97.18588,23.68124 97.18792,23.68487 97.18896,23.68749 97.19457,23.68994 97.19711,23.68915 97.20215,23.68321 97.20304,23.68276 97.20462,23.68268 97.20490,23.68300 97.20762,23.68618 97.21091,23.68986 97.21184,23.69274 97.21417,23.69797 97.21622,23.69911 97.21897,23.69908 97.22405,23.69712 97.22728,23.69555 97.22953,23.69303 97.22922,23.69035 97.22972,23.68547 97.23222,23.68077 97.23290,23.68051 97.23351,23.68078 97.23498,23.68146 97.23610,23.68273 97.23903,23.68577 97.24064,23.68775 97.24280,23.68965 97.24444,23.69105 97.24859,23.69934 97.25149,23.70175 97.25335,23.70211 97.25556,23.70267 97.26019,23.70372 97.26486,23.70106 97.26721,23.70155 97.26640,23.70373 97.26652,23.70796 97.26731,23.71058 97.26864,23.71249 97.26926,23.71255 97.27036,23.71234 97.27242,23.71194 97.27561,23.71006 97.27807,23.70856 97.28191,23.70642 97.28623,23.70446 97.28912,23.70379 97.29346,23.70299 97.29621,23.70264 97.29889,23.70197 97.30019,23.70062 97.30121,23.69971 97.30303,23.69848 97.30365,23.69847 97.30376,23.70225 97.30440,23.70449 97.30525,23.70589 97.30623,23.70735 97.30700,23.70850 97.30757,23.70971 97.30884,23.71265 97.31107,23.71519 97.31526,23.71932 97.31802,23.71981 97.32071,23.71953 97.32207,23.71824 97.32358,23.71688 97.32527,23.71411 97.32656,23.71230 97.32792,23.71076 97.32956,23.70908 97.33110,23.70528 97.33252,23.70239 97.33374,23.70084 97.33497,23.69942 97.33633,23.69800 97.33760,23.69687 97.34036,23.69486 97.34361,23.69452 97.34430,23.69451 97.34432,23.69703 97.34520,23.69859 97.34760,23.70047 97.34780,23.70062 97.34797,23.70077 97.34797,23.70109 97.34696,23.70220 97.34664,23.70425 97.34632,23.70693 97.34531,23.70851 97.34430,23.71025 97.34331,23.71340 97.34352,23.71655 97.34442,23.72048 97.34565,23.72346 97.34792,23.72658 97.34809,23.72658 97.35119,23.72828 97.35516,23.73046 97.35690,23.73264 97.36053,23.73497 97.36363,23.73636 97.36656,23.73744 97.36691,23.73791 97.36813,23.73979 97.36830,23.74010 97.37006,23.74339 97.37023,23.74339 97.37265,23.74541 97.37746,23.74584 97.38054,23.74550 97.38395,23.74421 97.38975,23.74149 97.39710,23.73922 97.39710,23.73907 97.40687,23.73866 97.40704,23.73866 97.40859,23.73897 97.40876,23.73928 97.41066,23.74021 97.42015,23.74595 97.43019,23.75172 97.43120,23.75230 97.43969,23.76026 97.44903,23.76741 97.45421,23.77051 97.46076,23.77377 97.46351,23.77406 97.46455,23.77515 97.46672,23.78087 97.45718,23.79359 97.45315,23.79857 97.45527,23.80308 97.45789,23.80747 97.45910,23.80856 97.46236,23.80900 97.46340,23.80962 97.46357,23.80962 97.46375,23.80993 97.46549,23.81275 97.46566,23.81275 97.46653,23.81337 97.46670,23.81353 97.46945,23.81429 97.46945,23.81445 97.47101,23.81585 97.47360,23.81709 97.47550,23.81865 97.47859,23.81862 97.48030,23.81845 97.48237,23.81969 97.48512,23.82014 97.48750,23.81917 97.48886,23.81790 97.49023,23.81742 97.49177,23.81740 97.49418,23.81864 97.49813,23.81877 97.49847,23.81892 97.50087,23.81890 97.50430,23.81856 97.50464,23.81855 97.50635,23.81838 97.50635,23.81822 97.50652,23.81822 97.50978,23.81835 97.51134,23.81803 97.51405,23.81548 97.51576,23.81452 97.51624,23.81384 97.51677,23.81310 97.51830,23.81183 97.51967,23.81135 97.52381,23.81367 97.52398,23.81398 97.52451,23.81555 97.52538,23.81633 97.52641,23.81648 97.52830,23.81631 97.52892,23.81927 97.53739,23.81654 97.53756,23.81654 97.53911,23.81731 97.53928,23.81731 97.54083,23.81746 97.54204,23.81823 97.54361,23.82121 97.54654,23.82276 97.54672,23.82276 97.54893,23.82179 97.54910,23.82179 97.55218,23.82082 97.55593,23.81874 97.55593,23.81859 97.56051,23.81986 97.56468,23.81927 97.56677,23.81897 97.57189,23.81549 97.57511,23.81957 97.58018,23.82076 97.58470,23.81840 97.58541,23.81849 97.58558,23.81849 97.58747,23.81832 97.58781,23.81831 97.58782,23.81847 97.58798,23.81847 97.58816,23.81862 97.58833,23.81862 97.58834,23.81925 97.58851,23.81925 97.58851,23.81957 97.58869,23.81972 97.58886,23.81972 97.58886,23.81988 97.58903,23.81988 97.58903,23.82003 97.59280,23.82000 97.59281,23.82016 97.59298,23.82016 97.59298,23.82031 97.59315,23.82047 97.59315,23.82063 97.59333,23.82078 97.59350,23.82110 97.59368,23.82125 97.59420,23.82219 97.59455,23.82250 97.59455,23.82266 97.59472,23.82282 97.59592,23.82281 97.59609,23.82265 97.59643,23.82265 97.59643,23.82249 97.59660,23.82249 97.59677,23.82233 97.59694,23.82232 97.59694,23.82217 97.59711,23.82217 97.59711,23.82201 97.59728,23.82201 97.59728,23.82185 97.59745,23.82169 97.59745,23.82153 97.59762,23.82137 97.59779,23.82137 97.59779,23.82122 97.59796,23.82121 97.59796,23.82090 97.59830,23.82074 97.59830,23.82058 97.59967,23.82057 97.59984,23.82073 97.60001,23.82073 97.60002,23.82088 97.60036,23.82088 97.60036,23.82104 97.60053,23.82119 97.60053,23.82135 97.60071,23.82150 97.60071,23.82166 97.60088,23.82182 97.60088,23.82198 97.60106,23.82213 97.60106,23.82229 97.60123,23.82245 97.60123,23.82260 97.60141,23.82276 97.60141,23.82292 97.60158,23.82292 97.60158,23.82307 97.60193,23.82307 97.60193,23.82323 97.60210,23.82338 97.60244,23.82338 97.60245,23.82354 97.60279,23.82353 97.60279,23.82369 97.60313,23.82369 97.60313,23.82385 97.60330,23.82384 97.60331,23.82400 97.60365,23.82400 97.60382,23.82416 97.60399,23.82415 97.60417,23.82431 97.60451,23.82430 97.60451,23.82446 97.60520,23.82446 97.60520,23.82461 97.60554,23.82461 97.60554,23.82445 97.60571,23.82445 97.60571,23.82430 97.60588,23.82429 97.60605,23.82414 97.60622,23.82413 97.61038,23.82756 97.61796,23.83600 97.62147,23.84127 97.62270,23.84603 97.62587,23.85123 97.63114,23.85651 97.63770,23.86224 97.63831,23.86324 97.64309,23.85954 97.64640,23.85364 97.64049,23.85034 97.64580,23.84612 97.64785,23.84396 97.65036,23.84506 97.65046,23.85100 97.64877,23.85422 97.65586,23.86005 97.65952,23.86981 97.66226,23.86909 97.66344,23.86542 97.66263,23.86155 97.66480,23.85719 97.66676,23.85511 97.66956,23.85826 97.67038,23.86259 97.67388,23.86254 97.67811,23.86202 97.68087,23.86312 97.68192,23.86607 97.68200,23.87086 97.68259,23.87588 97.68314,23.87906 97.68493,23.88132 97.68842,23.88150 97.69241,23.88098 97.69135,23.87735 97.68980,23.87440 97.69449,23.87137 97.69992,23.86787 97.70661,23.86527 97.71087,23.86657 97.71393,23.86995 97.71648,23.87311 97.71576,23.87517 97.71305,23.87704 97.70904,23.87618 97.70531,23.87692 97.70385,23.87899 97.70290,23.88175 97.70618,23.88398 97.70946,23.88599 97.71318,23.88433 97.71665,23.88292 97.71915,23.88356 97.71993,23.88538 97.72048,23.88834 97.72204,23.89173 97.72553,23.89191 97.72584,23.89510 97.72965,23.89915 97.73388,23.89818 97.73869,23.90244 97.74517,23.90189 97.74892,23.90229 97.74951,23.90753 97.75081,23.91048 97.75555,23.91018 97.75854,23.91014 97.76452,23.90937 97.76530,23.91141 97.76584,23.91368 97.76540,23.91711 97.76319,23.91920 97.76601,23.92326 97.76612,23.92965 97.76691,23.93192 97.77074,23.93643 97.77702,23.93839 97.78533,23.94238 97.79213,23.94570 97.79469,23.94909 97.79408,23.95686 97.80103,23.95447 97.80602,23.95394 97.80779,23.95551 97.80762,23.95985 97.80993,23.96325 97.81219,23.96367 97.81563,23.96065 97.81355,23.95634 97.80969,23.95023 97.81113,23.94702 97.81562,23.94672 97.81693,23.94990 97.81776,23.95423 97.82179,23.95576 97.82584,23.95890 97.82689,23.96140 97.82519,23.96416 97.82223,23.96581 97.81978,23.96858 97.82008,23.97109 97.82460,23.97262 97.82858,23.97142 97.82926,23.96753 97.83241,23.96269 97.83665,23.96217 97.84045,23.96463 97.84076,23.96782 97.83961,23.97309 97.84315,23.97532 97.84834,23.97182 97.85090,23.97521 97.85767,23.98022 97.86173,23.98335 97.86545,23.98193 97.86740,23.97916 97.87236,23.97726 97.87782,23.97580 97.87817,23.97578 97.88281,23.97550 97.88931,23.97562 97.89435,23.97805 97.89614,23.98031 97.89670,23.98372 97.89075,23.98587 97.88729,23.98820 97.88586,23.99188 97.88345,23.99648 97.88375,23.99921 97.88554,24.00169 97.89006,24.00299 97.89264,24.00729 97.89373,24.01229 97.89679,24.01544 97.90358,24.01807 97.91263,24.02112 97.92042,24.02328 97.92841,24.02293 97.93762,24.02119 97.93787,24.02118 97.94338,24.02201 97.95169,24.02553 97.95998,24.02814 97.96730,24.03145 97.97608,24.03313 97.98132,24.03583 97.98672,24.04373 97.99535,24.05066 98.00872,24.05683 98.02312,24.06504 98.04104,24.07387 98.05078,24.07371 98.05738,24.07907 98.06842,24.08117 98.07690,24.08012 98.08495,24.08295 98.08733,24.08908 98.09606,24.08802 98.10789,24.09193 98.11995,24.09470 98.13622,24.09557 98.14951,24.09625 98.16658,24.09914 98.16672,24.10622 98.18470,24.10499 98.19839,24.10178 98.20553,24.10850 98.20936,24.11254 98.22044,24.11623 98.23018,24.11537 98.24213,24.11288 98.25034,24.11113 98.26058,24.11072 98.27511,24.11161 98.28799,24.10613 98.29542,24.10280 98.31021,24.10413 98.32713,24.10388 98.34357,24.10129 98.35364,24.10429 98.35858,24.10146 98.36104,24.09959 98.36204,24.09980 98.36368,24.10593 98.36406,24.11209 98.37415,24.11578 98.38918,24.11851 98.40722,24.12114 98.42451,24.12377 98.44143,24.12753 98.46361,24.12753 98.47789,24.12565 98.49068,24.12490 98.50308,24.12678 98.52564,24.12828 98.54556,24.13054 98.54970,24.12828 98.54882,24.12406 98.55431,24.11323 98.56292,24.10712 98.57007,24.10310 98.57596,24.09842 98.58615,24.09639 98.59107,24.09310 98.59416,24.08619 98.59431,24.08480 98.59457,24.08253 98.60440,24.08621 98.61167,24.08698 98.62207,24.09316 98.62922,24.09940 98.63760,24.10448 98.64668,24.10749 98.65194,24.10784 98.65829,24.10839 98.67096,24.10448 98.67916,24.10248 98.68443,24.10329 98.69354,24.10743 98.69961,24.11027 98.70451,24.11611 98.70895,24.12377 98.71356,24.12824 98.71737,24.13067 98.72262,24.13056 98.73032,24.12834 98.73530,24.12778 98.74008,24.12905 98.74437,24.13033 98.74883,24.12886 98.75381,24.12807 98.75880,24.12751 98.76407,24.12854 98.77012,24.13047 98.77743,24.13259 98.78771,24.13375 98.80147,24.13414 98.81127,24.13575 98.81979,24.13648 98.82970,24.13285 98.83813,24.12970 98.84442,24.13093 98.85146,24.13238 98.86087,24.13832 98.86907,24.14591 98.87448,24.15195 98.87808,24.15575 98.88376,24.15312 98.88906,24.13588 98.89408,24.12733 98.89215,24.12030 98.89405,24.11683 98.89921,24.11329 98.89675,24.10536 98.89056,24.09820 98.88340,24.09219 98.87204,24.08765 98.86888,24.08156 98.86896,24.07517 98.86869,24.07449 98.86371,24.06570 98.84692,24.05420 98.83634,24.05101 98.82573,24.04644 98.81910,24.04530 98.81117,24.03840 98.80803,24.03276 98.80633,24.02503 98.79833,24.02498 98.78863,24.02655 98.77339,24.02665 98.77019,24.01896 98.76458,24.01428 98.76546,24.00970 98.76994,23.99934 98.76886,23.99594 98.76084,23.99497 98.75464,23.98689 98.75274,23.98077 98.74377,23.98164 98.74187,23.97552 98.73551,23.97109 98.72599,23.96969 98.71985,23.97393 98.71274,23.97933 98.70688,23.98441 98.70317,23.98609 98.70069,23.98682 98.70084,23.98271 98.69702,23.97982 98.69222,23.97764 98.68962,23.97359 98.68479,23.96981 98.68248,23.96757 98.67839,23.96355 98.67762,23.96288 98.67775,23.95786 98.67892,23.95464 98.68392,23.95499 98.69138,23.95370 98.69741,23.95517 98.70060,23.95328 98.70203,23.95051 98.70115,23.94528 98.70504,23.94087 98.70670,23.93741 98.70445,23.93723 98.69969,23.93664 98.69534,23.93240 98.69245,23.92675 98.68932,23.92111 98.68424,23.91780 98.68259,23.91167 98.68369,23.90549 98.68957,23.90103 98.68843,23.89535 98.69008,23.89166 98.69354,23.89022 98.69643,23.88567 98.69526,23.87884 98.69662,23.87333 98.70102,23.86982 98.69991,23.86527 98.69773,23.85778 98.69342,23.85513 98.69398,23.84782 98.70092,23.84585 98.70460,23.84326 98.70367,23.83621 98.69963,23.82420 98.69517,23.81516 98.69084,23.81160 98.68367,23.81426 98.67964,23.81275 98.67357,23.80899 98.67447,23.80510 98.67993,23.80407 98.68612,23.80234 98.69199,23.79766 98.69414,23.79396 98.69573,23.78754 98.69967,23.78586 98.70422,23.78828 98.70731,23.79209 98.71284,23.79403 98.71906,23.79344 98.72403,23.79243 98.72846,23.79028 98.73593,23.78967 98.74307,23.78609 98.75073,23.78319 98.76065,23.78070 98.77061,23.78003 98.77962,23.78098 98.78665,23.78288 98.79038,23.78212 98.79726,23.77786 98.80395,23.77161 98.80763,23.76924 98.80572,23.76266 98.80735,23.75806 98.81226,23.75521 98.81666,23.75169 98.81921,23.74410 98.82333,23.73967 98.82397,23.73555 98.82782,23.72999 98.82995,23.72583 98.82640,23.72317 98.82021,23.71532 98.81854,23.70851 98.82022,23.69638 98.82611,23.69283 98.83476,23.69013 98.83846,23.68868 98.84049,23.68042 98.84052,23.67198 98.84433,23.66528 98.84613,23.65794 98.84840,23.64945 98.84642,23.64036 98.85176,23.63500 98.85616,23.63171 98.85962,23.63072 98.86426,23.62719 98.86997,23.62615 98.87638,23.62373 98.87933,23.62229 98.88500,23.61988 98.88943,23.61767 98.89086,23.61513 98.89099,23.61056 98.89057,23.60440 98.88748,23.60059 98.88205,23.59317 98.87745,23.58871 98.87369,23.58765 98.86921,23.58775 98.86594,23.58668 98.86158,23.58152 98.85951,23.57883 98.85476,23.57802 98.84781,23.57886 98.84556,23.57845 98.84127,23.57626 98.83691,23.57111 98.83453,23.56568 98.82890,23.56010 98.82209,23.55660 98.81557,23.55468 98.81090,23.54703 98.80298,23.53921 98.80382,23.53303 98.80859,23.52517 98.80744,23.51927 98.81174,23.51233 98.81748,23.50330 98.81996,23.49321 98.81884,23.48844 98.82344,23.48355 98.82807,23.47957 98.83822,23.47775 98.84496,23.47874 98.84847,23.47981 98.85008,23.48411 98.85508,23.48514 98.86231,23.48567 98.86959,23.48802 98.87502,23.48630 98.88008,23.48002 98.88510,23.47192 98.89197,23.46435 98.89651,23.45716 98.89681,23.44962 98.90060,23.44223 98.90787,23.43499 98.91531,23.42501 98.91936,23.41808 98.91356,23.40566 98.91146,23.40160 98.91102,23.39408 98.91625,23.38529 98.92077,23.37766 98.91842,23.37338 98.91932,23.36971 98.92123,23.36670 98.92259,23.36187 98.92075,23.35804 98.91862,23.35284 98.91412,23.35157 98.90992,23.35257 98.90530,23.35656 98.90231,23.35639 98.89821,23.35146 98.89275,23.34246 98.88767,23.33846 98.87802,23.33046 98.89401,23.33376 98.90648,23.33531 98.91263,23.33289 98.91877,23.33024 98.92297,23.32946 98.92999,23.32223 98.93802,23.31588 98.94390,23.31278 98.94506,23.30956 98.93950,23.30607 98.93716,23.30201 98.93672,23.29494 98.93246,23.29367 98.92599,23.29336 98.92563,23.28903 98.92850,23.27550 98.93008,23.26976 98.92601,23.26597 98.91840,23.25998 98.91226,23.25327 98.91014,23.24807 98.91064,23.23870 98.90974,23.23302 98.90659,23.22670 98.90145,23.21997 98.89341,23.21649 98.89036,23.21360 98.89078,23.21062 98.89494,23.20825 98.89283,23.20373 98.88865,23.19584 98.88553,23.19043 98.88605,23.18197 98.89119,23.18121 98.89990,23.18170 98.90365,23.18253 98.90725,23.18725 98.91570,23.18728 98.92390,23.18755 98.92930,23.18515 98.93396,23.18276 98.94264,23.18234 98.95049,23.17896 98.95708,23.17448 98.96667,23.17106 98.97708,23.17083 98.98966,23.16780 99.00270,23.16340 99.01314,23.16430 99.02381,23.16405 99.03565,23.16150 99.04395,23.16519 99.05165,23.16524 99.05593,23.16742 99.06052,23.17188 99.06368,23.16952 99.05822,23.16052 99.05597,23.15099 99.04961,23.14543 99.05038,23.13720 99.04785,23.12630 99.04826,23.12333 99.06319,23.11568 99.07765,23.10895 99.08623,23.10463 99.09413,23.10308 99.10153,23.09479 99.10641,23.09171 99.11065,23.09229 99.11440,23.09357 99.11553,23.09834 99.11364,23.10181 99.11619,23.10426 99.12137,23.10322 99.12429,23.10110 99.12877,23.10145 99.13631,23.10515 99.14105,23.10595 99.14608,23.10856 99.15127,23.10753 99.15840,23.10530 99.16390,23.10700 99.16712,23.10669 99.16826,23.10324 99.17158,23.09791 99.17497,23.09487 99.18350,23.09808 99.18907,23.10229 99.19291,23.10630 99.19623,23.10964 99.20030,23.11320 99.20351,23.11266 99.20677,23.10506 99.21081,23.09902 99.21452,23.09529 99.21708,23.09271 99.22322,23.09028 99.22973,23.09240 99.23424,23.09412 99.23887,23.09104 99.23766,23.08594 99.24299,23.08147 99.25269,23.08215 99.25989,23.08243 99.26288,23.08304 99.26514,23.08389 99.26152,23.08741 99.26094,23.09313 99.26258,23.09811 99.26565,23.10145 99.27378,23.09943 99.27779,23.10070 99.27995,23.10681 99.28268,23.10697 99.28688,23.10618 99.29093,23.10904 99.29461,23.10758 99.29975,23.10517 99.30488,23.10231 99.30890,23.10403 99.31371,23.10757 99.31946,23.10879 99.32276,23.11145 99.32533,23.11458 99.32344,23.11760 99.32182,23.12152 99.32595,23.12712 99.32804,23.13072 99.32843,23.13551 99.33388,23.13492 99.33877,23.13251 99.34130,23.13405 99.34485,23.13670 99.34806,23.13616 99.35165,23.13173 99.35602,23.12820 99.36097,23.12785 99.36458,23.12411 99.36761,23.11741 99.37288,23.11111 99.38120,23.10702 99.38547,23.10053 99.38857,23.10022 99.39478,23.10006 99.40361,23.09641 99.41451,23.09591 99.42475,23.08971 99.43699,23.08414 99.44968,23.08541 99.46627,23.08430 99.47292,23.08276 99.48072,23.08644 99.48904,23.08257 99.50093,23.08226 99.50991,23.08362 99.51505,23.08144 99.51937,23.07676 99.52404,23.07550 99.52491,23.07137 99.52865,23.06419 99.53060,23.05479 99.53273,23.05176 99.53016,23.04864 99.52590,23.04738 99.52700,23.04279 99.52683,23.03731 99.52381,23.03602 99.52008,23.03566 99.51802,23.03298 99.52061,23.02858 99.52274,23.02532 99.52093,23.02286 99.51767,23.02181 99.51811,23.01940 99.52117,23.01407 99.52268,23.00696 99.52253,23.00217 99.52073,22.99993 99.52130,22.99421 99.52556,22.98771 99.53076,22.97958 99.53484,22.97514 99.53498,22.97171 99.53376,22.96444 99.53665,22.96163 99.54141,22.96333 99.54488,22.96324 99.55096,22.95966 99.55575,22.95428 99.56071,22.94662 99.56220,22.93859 99.56572,22.93234 99.56177,22.92491 99.55975,22.91561 99.56000,22.90761 99.55546,22.90499 99.55073,22.90443 99.54681,22.90591 99.54310,22.90600 99.54031,22.90380 99.53673,22.90047 99.53374,22.89986 99.52513,22.90168 99.51365,22.90723 99.50918,22.90667 99.49347,22.91164 99.48423,22.91736 99.47529,22.92466 99.46631,22.93106 99.46066,22.93280 99.45605,22.93611 99.44963,22.93696 99.44209,22.94172 99.44068,22.93605 99.43875,22.92971 99.43614,22.92544 99.43574,22.91243 99.44034,22.90067 99.44323,22.88987 99.44505,22.88426 99.44978,22.87683 99.45125,22.86788 99.45083,22.86219 99.45419,22.85845 99.45875,22.85354 99.46060,22.84915 99.46099,22.84572 99.45513,22.84861 99.44419,22.84752 99.43819,22.84562 99.43362,22.84209 99.42803,22.83744 99.42278,22.83598 99.41791,22.83062 99.41288,22.82824 99.41237,22.82802 99.40607,22.82727 99.40014,22.82765 99.39602,22.82251 99.39538,22.81773 99.39359,22.81595 99.39008,22.81421 99.39088,22.80803 99.38910,22.79804 99.38609,22.78830 99.38647,22.77642 99.38552,22.76914 99.38365,22.76462 99.37745,22.76432 99.36882,22.76523 99.36463,22.76579 99.36106,22.76246 99.35549,22.75803 99.34860,22.75957 99.34286,22.75789 99.34101,22.75383 99.33058,22.75272 99.32637,22.75285 99.32379,22.74904 99.32265,22.74404 99.32083,22.74089 99.31633,22.73941 99.31431,22.73809 99.31659,22.73141 99.32262,22.72601 99.32757,22.71767 99.33290,22.71388 99.33874,22.71054 99.34001,22.70321 99.34178,22.69609 99.34695,22.67861 99.34753,22.67312 99.35161,22.66891 99.35913,22.66393 99.35841,22.65642 99.36164,22.64014 99.36549,22.62817 99.36931,22.61442 99.37097,22.60365 99.37729,22.59162 99.38057,22.58583 99.38289,22.58052 99.38371,22.57479 99.38135,22.57052 99.37360,22.55908 99.36718,22.55080 99.35970,22.54049 99.35805,22.53460 99.35807,22.52707 99.35958,22.51972 99.36615,22.51357 99.37418,22.50926 99.37856,22.50686 99.38084,22.50064 99.37993,22.49496 99.37760,22.49137 99.36988,22.48906 99.36530,22.48484 99.36213,22.47761 99.35857,22.47451 99.35229,22.47079 99.34689,22.46537 99.34230,22.46046 99.33672,22.45535 99.33336,22.45019 99.32807,22.44667 99.32032,22.44344 99.31459,22.44176 99.31002,22.43731 99.30761,22.43098 99.30496,22.42466 99.29931,22.41727 99.29252,22.41310 99.28494,22.40690 99.27515,22.40166 99.26548,22.40008 99.25730,22.39914 99.25154,22.39561 99.24848,22.39249 99.24908,22.38745 99.25190,22.38259 99.26013,22.37690 99.26080,22.37646 99.26594,22.37311 99.27220,22.36748 99.27646,22.36144 99.27730,22.35617 99.27736,22.34996 99.27604,22.34680 99.26956,22.34468 99.26331,22.34163 99.25850,22.33742 99.25288,22.33093 99.25041,22.32232 99.24524,22.31401 99.23715,22.30713 99.23502,22.30171 99.23341,22.29718 99.23319,22.28943 99.23350,22.28303 99.23158,22.27623 99.22939,22.26876 99.22968,22.26168 99.23418,22.25518 99.23352,22.24949 99.22841,22.24322 99.22307,22.23742 99.21780,22.23435 99.21399,22.23569 99.20954,22.23534 99.20605,22.23405 99.20519,22.22974 99.20359,22.22544 99.20056,22.22300 99.19621,22.21740 99.19435,22.21265 99.19424,22.20854 99.19061,22.21114 99.18805,22.20755 99.18663,22.20120 99.18082,22.19609 99.17654,22.19277 99.17469,22.18843 99.17704,22.18449 99.17594,22.18041 99.17682,22.17673 99.18024,22.17574 99.18567,22.17583 99.18881,22.17347 99.19424,22.17403 99.19717,22.17281 99.19584,22.16942 99.19534,22.16921 99.18936,22.16707 99.18911,22.16685 99.18195,22.16634 99.17364,22.16859 99.16743,22.16714 99.15979,22.16687 99.15572,22.16269 99.14612,22.16050 99.13754,22.15631 99.12940,22.15484 99.12513,22.14981 99.12083,22.14793 99.12089,22.14006 99.12433,22.13689 99.12523,22.13034 99.12770,22.12850 99.13351,22.12789 99.13809,22.12525 99.14435,22.11798 99.13728,22.11745 99.13067,22.11694 99.12716,22.11457 99.12447,22.11356 99.12001,22.11393 99.11813,22.11093 99.11706,22.10631 99.11240,22.10331 99.10613,22.10442 99.09979,22.10166 99.09588,22.09741 99.09440,22.09242 99.09400,22.08880 99.09482,22.08093 99.09321,22.07557 99.09376,22.07257 99.09849,22.06484 99.09891,22.05779 99.09757,22.04987 99.09542,22.04238 99.09543,22.03589 99.09543,22.03563 99.09477,22.02790 99.09180,22.02552 99.08708,22.02626 99.08155,22.03074 99.07628,22.03248 99.07184,22.03135 99.06766,22.02760 99.06766,22.02735 99.06389,22.02323 99.06389,22.02260 99.06194,22.02023 99.06187,22.01998 99.05823,22.01748 99.05331,22.01435 99.05028,22.01222 99.04229,22.00971 99.04041,22.00659 99.03924,22.00082 99.03869,22.00063 99.03747,21.99933 99.03624,21.99845 99.03372,21.99822 99.03237,21.99756 99.03112,21.99665 99.03013,21.99568 99.02940,21.99464 99.02932,21.99299 99.02934,21.99030 99.02874,21.98902 99.02754,21.98738 99.02682,21.98534 99.02693,21.98483 99.02815,21.98425 99.03289,21.98271 99.03423,21.98173 99.03583,21.98140 99.03637,21.98129 99.04011,21.98003 99.04323,21.97899 99.04473,21.97795 99.04767,21.97555 99.04824,21.97165 99.04878,21.96791 99.04815,21.96346 99.04930,21.95881 99.04915,21.95826 99.04894,21.95667 99.04898,21.95325 99.05028,21.95196 99.05146,21.95122 99.05525,21.94980 99.05909,21.94808 99.06200,21.94677 99.06408,21.94301 99.06501,21.94040 99.06597,21.93710 99.06652,21.93368 99.06651,21.93197 99.06674,21.92848 99.06566,21.92281 99.06295,21.92195 99.05941,21.92083 99.05797,21.92029 99.05665,21.91974 99.05494,21.91865 99.05305,21.91353 99.05230,21.91103 99.04979,21.90762 99.04950,21.90433 99.04941,21.90384 99.04916,21.90244 99.04822,21.90067 99.04763,21.89982 99.04663,21.89824 99.04544,21.89662 99.04490,21.89562 99.04440,21.89458 99.04423,21.89348 99.04416,21.89263 99.04415,21.89153 99.04407,21.89083 99.04361,21.89007 99.04268,21.88904 99.04215,21.88824 99.04156,21.88739 99.04122,21.88684 99.04073,21.88617 99.04015,21.88361 99.03980,21.88196 99.03979,21.88062 99.04018,21.87946 99.04050,21.87872 99.04062,21.87781 99.04049,21.87707 99.04035,21.87610 99.04008,21.87521 99.03975,21.87451 99.03944,21.87332 99.03939,21.87079 99.03944,21.86914 99.03956,21.86734 99.03942,21.86590 99.03940,21.86303 99.03912,21.86178 99.03840,21.86093 99.03754,21.86057 99.03635,21.86018 99.03549,21.85982 99.03490,21.85927 99.03490,21.85909 99.03469,21.85808 99.03410,21.85732 99.03376,21.85665 99.03304,21.85616 99.03224,21.85562 99.03126,21.85507 99.03004,21.85478 99.02942,21.85484 99.02870,21.85539 99.02811,21.85582 99.02769,21.85619 99.02720,21.85662 99.02648,21.85693 99.02599,21.85718 99.02498,21.85767 99.02432,21.85831 99.02374,21.85945 99.02374,21.85963 99.02323,21.86036 99.02290,21.86101 99.02235,21.86144 99.02166,21.86171 99.02074,21.86184 99.01996,21.86184 99.01874,21.86203 99.01770,21.86244 99.01617,21.86291 99.01519,21.86390 99.01455,21.86530 99.01348,21.86641 99.01181,21.86672 99.01017,21.86679 99.00879,21.86735 99.00742,21.86766 99.00591,21.86733 99.00498,21.86627 99.00484,21.86517 99.00411,21.86398 99.00318,21.86304 99.00180,21.86243 99.00022,21.86171 98.99884,21.86092 98.99795,21.86052 98.99790,21.86035 98.99752,21.86002 98.99711,21.85967 98.99699,21.85938 98.99375,21.85736 98.99023,21.85626 98.98921,21.85408 98.98791,21.85287 98.98701,21.85203 98.98613,21.85094 98.98481,21.84807 98.98232,21.84575 98.98071,21.84371 98.97896,21.84138 98.97617,21.83947 98.97427,21.83811 98.97222,21.83606 98.97017,21.83428 98.96709,21.83264 98.96430,21.83100 98.96328,21.82936 98.96123,21.82622 98.95991,21.82390 98.95845,21.82281 98.95581,21.82172 98.95361,21.82076 98.95112,21.82007 98.94848,21.81980 98.94394,21.81870 98.94130,21.81775 98.93837,21.81665 98.93529,21.81583 98.93236,21.81556 98.92796,21.81501 98.92606,21.81419 98.92327,21.81214 98.92313,21.81200 98.92020,21.80968 98.91691,21.80681 98.91515,21.80435 98.91237,21.80094 98.91230,21.80062 98.91193,21.79903 98.91252,21.79712 98.91487,21.79357 98.91619,21.79166 98.91692,21.79003 98.91766,21.78716 98.91751,21.78348 98.91752,21.78198 98.92016,21.77966 98.92133,21.77816 98.92294,21.77516 98.92573,21.77325 98.92903,21.77216 98.93064,21.77094 98.93269,21.76944 98.93372,21.76794 98.93387,21.76794 98.93753,21.76563 98.94237,21.76154 98.94487,21.75827 98.94765,21.75609 98.94912,21.75445 98.94927,21.75022 98.94795,21.74531 98.94810,21.74217 98.94815,21.74191 98.94869,21.73876 98.94972,21.73726 98.95024,21.73466 98.95029,21.73329 98.95038,21.73112 98.95259,21.72621 98.95230,21.72307 98.95201,21.72020 98.95142,21.71747 98.95099,21.71461 98.95128,21.71079 98.95128,21.70860 98.95158,21.70697 98.95525,21.70151 98.95635,21.69742 98.95708,21.69333 98.95825,21.69019 98.96089,21.68829 98.96295,21.68474 98.96412,21.68092 98.96441,21.67860 98.96427,21.67710 98.95724,21.67423 98.95620,21.67348 98.95519,21.66986 98.95578,21.66522 98.95923,21.66195 98.96744,21.65473 98.97154,21.65255 98.97169,21.65241 98.97477,21.65037 98.97521,21.64982 98.97595,21.64764 98.97580,21.64061 98.97405,21.63686 98.97082,21.63522 98.96995,21.63490 98.96702,21.63385 98.96291,21.63167 98.95984,21.63180 98.95735,21.63207 98.95515,21.63043 98.95349,21.62754 98.95069,21.62265 98.94776,21.61828 98.94483,21.61582 98.93735,21.61172 98.93706,21.60613 98.93721,21.60326 98.93825,21.59726 98.93707,21.59412 98.93759,21.59249 98.93715,21.58935 98.93379,21.58702 98.92953,21.58716 98.92558,21.58824 98.92441,21.58770 98.92221,21.58401 98.92224,21.58380 98.92280,21.57978 98.92368,21.57705 98.92515,21.57460 98.92427,21.57310 98.92251,21.57255 98.91841,21.57214 98.91694,21.57104 98.91372,21.56886 98.91049,21.56804 98.90815,21.56735 98.90756,21.56571 98.90698,21.56339 98.90390,21.56175 98.90024,21.56107 98.89789,21.55984 98.89394,21.55751 98.89101,21.55765 98.88639,21.55724 98.88551,21.55655 98.88405,21.55355 98.88361,21.55178 98.88361,21.54987 98.88347,21.54987 98.88288,21.54775 98.88259,21.54414 98.88274,21.54134 98.88216,21.53827 98.88157,21.53724 98.88143,21.53349 98.88085,21.53131 98.88041,21.52831 98.88100,21.52640 98.88364,21.52463 98.88473,21.52340 98.88488,21.52176 98.88503,21.52176 98.88635,21.51999 98.88986,21.51822 98.89013,21.51750 98.89089,21.51549 98.89163,21.51167 98.89163,21.50949 98.89031,21.50649 98.88943,21.50498 98.88314,21.49639 98.87684,21.48847 98.87641,21.48818 98.87518,21.48475 98.86334,21.48300 98.85720,21.48453 98.85304,21.48300 98.83966,21.48497 98.82958,21.48607 98.81467,21.49308 98.80239,21.49505 98.79275,21.49944 98.78639,21.50010 98.77784,21.50317 98.77177,21.50233 98.76417,21.50174 98.75459,21.50582 98.75150,21.50799 98.74725,21.50963 98.74285,21.51113 98.73934,21.51153 98.73655,21.51221 98.73391,21.51275 98.73039,21.51330 98.72658,21.51356 98.72394,21.51465 98.71866,21.51478 98.70856,21.51410 98.70497,21.51436 98.70116,21.51545 98.70101,21.51559 98.69632,21.51845 98.69295,21.51994 98.68972,21.52144 98.68928,21.52158 98.68855,21.52158 98.68635,21.52185 98.68312,21.52334 98.68019,21.52389 98.67799,21.52532 98.67520,21.52661 98.66919,21.53220 98.66523,21.53247 98.65995,21.53314 98.65834,21.53355 98.65226,21.53533 98.64757,21.53819 98.64742,21.53819 98.64610,21.53846 98.64581,21.53846 98.64390,21.53832 98.64346,21.53832 98.63840,21.54090 98.63804,21.54104 98.63730,21.54131 98.63349,21.54213 98.63305,21.54254 98.62983,21.54458 98.62851,21.54567 98.62851,21.54595 98.62821,21.54704 98.62689,21.55126 98.62704,21.55140 98.62718,21.55167 98.62777,21.55317 98.62835,21.55468 98.63113,21.56198 98.63128,21.56246 98.63406,21.56758 98.63464,21.57187 98.63905,21.58484 98.64271,21.59453 98.64271,21.59481 98.64286,21.59508 98.64285,21.59562 98.64373,21.59815 98.64446,21.60572 98.64358,21.60695 98.64314,21.60736 98.63697,21.61472 98.63697,21.61636 98.63638,21.62031 98.63638,21.62100 98.63329,21.62468 98.63021,21.62890 98.62918,21.63184 98.62711,21.64459 98.62491,21.64841 98.62124,21.65577 98.61919,21.65870 98.61904,21.65918 98.61390,21.66832 98.61375,21.66845 98.61067,21.67016 98.60832,21.67459 98.60832,21.67486 98.60553,21.67970 98.60391,21.68714 98.60259,21.68823 98.58982,21.70213 98.58835,21.70391 98.58556,21.70650 98.58365,21.70922 98.58248,21.71147 98.58028,21.71481 98.57998,21.71495 98.57855,21.71714 98.57660,21.72013 98.57443,21.72600 98.57194,21.73213 98.57003,21.73663 98.56871,21.74059 98.56929,21.74386 98.57090,21.75110 98.57133,21.75574 98.57148,21.75587 98.57221,21.75969 98.57221,21.76256 98.57118,21.76706 98.57015,21.77061 98.56898,21.77252 98.56736,21.77947 98.56545,21.78452 98.56457,21.78697 98.56266,21.78916 98.55650,21.79065 98.55240,21.79146 98.55139,21.79500 98.55115,21.79583 98.54997,21.79890 98.54953,21.80183 98.54953,21.80210 98.54924,21.80538 98.54924,21.80647 98.54926,21.80682 98.54938,21.80879 98.54938,21.80920 98.54909,21.80974 98.54777,21.81275 98.54777,21.81343 98.54806,21.81616 98.54806,21.81902 98.54820,21.81902 98.54820,21.81957 98.54864,21.82393 98.54893,21.82939 98.54856,21.83321 98.54782,21.83648 98.54650,21.84030 98.54650,21.84058 98.54474,21.84426 98.54459,21.84453 98.54312,21.84774 98.54209,21.85121 98.54195,21.85149 98.54195,21.85190 98.54136,21.85449 98.54194,21.85790 98.53193,21.86017 98.52569,21.86050 98.52471,21.85892 98.52434,21.85880 98.52125,21.85491 98.51664,21.85458 98.51007,21.85672 98.50554,21.85911 98.50332,21.86001 98.50184,21.85886 98.50065,21.85738 98.49872,21.85047 98.49625,21.84899 98.49385,21.85063 98.49243,21.85022 98.49164,21.84992 98.48606,21.85129 98.48261,21.84833 98.47981,21.84455 98.47471,21.83978 98.46649,21.83896 98.46436,21.84471 98.46304,21.84998 98.46057,21.85195 98.45811,21.85359 98.45745,21.85540 98.45810,21.85703 98.45862,21.85912 98.46288,21.86313 98.46518,21.86741 98.46576,21.87286 98.46737,21.87403 98.46835,21.87555 98.47192,21.88303 98.47225,21.88763 98.47174,21.88907 98.47240,21.89003 98.47652,21.88993 98.48014,21.89240 98.48507,21.89585 98.49017,21.90013 98.49247,21.90177 98.49264,21.90358 98.48573,21.90473 98.47948,21.91180 98.47800,21.91624 98.47652,21.92002 98.47965,21.92397 98.48178,21.92758 98.47998,21.93228 98.48060,21.93228 98.48092,21.93638 98.48157,21.94002 98.48231,21.94533 98.48328,21.94624 98.48345,21.94654 98.48361,21.94670 98.48491,21.95216 98.48621,21.95489 98.48621,21.95550 98.48664,21.95793 98.48506,21.96195 98.48375,21.96612 98.48358,21.96929 98.48345,21.96964 98.48309,21.97533 98.47542,21.98344 98.47016,21.98234 98.46884,21.97971 98.46554,21.97971 98.46547,21.98005 98.46547,21.98020 98.46335,21.98292 98.45924,21.98695 98.45218,21.98695 98.44933,21.98892 98.44897,21.99186 98.44814,21.99216 98.44439,21.99292 98.44097,21.99216 98.43869,21.99109 98.43706,21.99261 98.43706,21.99458 98.43755,21.99640 98.43742,21.99656 98.42916,21.99703 98.42499,22.00054 98.42572,22.00390 98.42559,22.00428 98.42602,22.00468 98.42697,22.00548 98.42827,22.00633 98.43025,22.00694 98.43180,22.00734 98.43223,22.00862 98.43180,22.01005 98.43122,22.01261 98.42762,22.01567 98.42938,22.02158 98.42960,22.02553 98.42368,22.02926 98.42017,22.03386 98.41513,22.03693 98.41513,22.04022 98.41688,22.04285 98.42386,22.04534 98.43157,22.04724 98.43157,22.05096 98.42785,22.05315 98.42730,22.05556 98.42497,22.05977 98.42342,22.06319 98.42293,22.06402 98.42477,22.07069 98.42346,22.07398 98.41951,22.07289 98.41394,22.07335 98.41290,22.07318 98.41269,22.07314 98.41125,22.07289 98.40592,22.06894 98.39649,22.06631 98.38619,22.06521 98.38202,22.06719 98.37018,22.07157 98.36739,22.07359 98.36674,22.07337 98.36523,22.07253 98.36339,22.06565 98.35637,22.06280 98.35174,22.06536 98.35190,22.06565 98.35242,22.06655 98.35059,22.07023 98.34975,22.07360 98.34808,22.07759 98.34609,22.08019 98.34434,22.08341 98.34201,22.08447 98.33885,22.08507 98.33569,22.08752 98.33402,22.08982 98.32920,22.09579 98.32520,22.10268 98.32179,22.10896 98.31912,22.11295 98.31346,22.11938 98.30768,22.12202 98.30689,22.12202 98.30462,22.11993 98.30236,22.11821 98.30144,22.11650 98.30082,22.11516 98.29938,22.11354 98.29753,22.11239 98.29548,22.11181 98.29250,22.11151 98.29003,22.11131 98.28725,22.11101 98.28520,22.11034 98.28314,22.10928 98.28057,22.10775 98.27780,22.10726 98.27461,22.10725 98.27255,22.10686 98.27040,22.10628 98.26742,22.10569 98.26511,22.10625 98.26162,22.10624 98.25771,22.10603 98.25473,22.10573 98.25021,22.10485 98.24476,22.10454 98.23962,22.10395 98.23633,22.10308 98.23068,22.10182 98.22627,22.10170 98.22288,22.10102 98.22144,22.09997 98.22062,22.09892 98.21847,22.09701 98.21621,22.09652 98.21283,22.09613 98.21078,22.09650 98.20800,22.09753 98.20410,22.09808 98.20185,22.09807 98.19856,22.09654 98.19662,22.09434 98.19477,22.09120 98.19282,22.08796 98.19050,22.08524 98.18964,22.08424 98.18602,22.08137 98.18201,22.07869 98.17996,22.07669 98.17832,22.07468 98.17483,22.07277 98.17185,22.07190 98.16742,22.07131 98.16414,22.07006 98.16136,22.06824 98.15869,22.06642 98.15458,22.06517 98.15139,22.06487 98.14790,22.06457 98.14646,22.06409 98.14628,22.06449 98.14580,22.06551 98.14502,22.06907 98.14472,22.07315 98.14508,22.07529 98.14539,22.07734 98.14605,22.08038 98.14650,22.08304 98.14618,22.08613 98.14561,22.08803 98.14541,22.08869 98.14406,22.09068 98.14255,22.09296 98.14182,22.09471 98.14167,22.09614 98.14182,22.09756 98.14212,22.10037 98.14234,22.10331 98.14188,22.10716 98.14121,22.10920 98.14044,22.11043 98.13800,22.11297 98.13455,22.11590 98.13233,22.11913 98.13066,22.12192 98.12922,22.12448 98.12644,22.12760 98.12385,22.12946 98.12020,22.13153 98.11865,22.13195 98.11737,22.13194 98.11588,22.13203 98.11364,22.13221 98.11187,22.13282 98.10966,22.13395 98.10679,22.13506 98.10520,22.13534 98.10392,22.13539 98.10224,22.13528 98.10016,22.13499 98.09860,22.13479 98.09722,22.13512 98.09617,22.13550 98.09451,22.13544 98.09254,22.13519 98.09096,22.13566 98.08912,22.13622 98.08719,22.13631 98.08576,22.13616 98.08418,22.13534 98.08280,22.13496 98.07977,22.13546 98.07651,22.13721 98.07322,22.13881 98.07044,22.14003 98.06833,22.14045 98.06574,22.14054 98.06321,22.13981 98.06151,22.13895 98.06136,22.13886 98.05935,22.13761 98.05770,22.13679 98.05559,22.13612 98.05234,22.13615 98.04992,22.13657 98.04783,22.13656 98.04588,22.13569 98.04270,22.13387 98.03985,22.13110 98.03847,22.12920 98.03739,22.12715 98.03493,22.12263 98.03282,22.12057 98.03000,22.11913 98.02774,22.11860 98.02538,22.11821 98.02245,22.11737 98.02245,22.11633 98.02209,22.11456 98.02054,22.11320 98.01986,22.11151 98.02036,22.10983 98.02207,22.10961 98.02128,22.10806 98.02087,22.10721 98.02083,22.10723 98.02006,22.10581 98.02006,22.10202 98.01738,22.09867 98.01604,22.09465 98.01380,22.09264 98.00063,22.08147 97.99359,22.08138 97.99128,22.07874 97.99102,22.07850 97.98808,22.07615 97.98769,22.07604 97.98571,22.07581 97.98413,22.07794 97.98413,22.07829 97.98279,22.07853 97.98246,22.07635 97.98214,22.07570 97.98017,22.07772 97.98009,22.07589 97.97674,22.07723 97.97386,22.07868 97.97047,22.07604 97.96612,22.07505 97.96267,22.07336 97.96278,22.06988 97.96278,22.06964 97.96110,22.06670 97.96098,22.06652 97.96057,22.06640 97.95279,22.06214 97.94922,22.06214 97.94676,22.06013 97.93714,22.06281 97.93091,22.05991 97.92711,22.05633 97.92315,22.05622 97.92188,22.05610 97.92013,22.05443 97.91896,22.05526 97.91963,22.05778 97.91794,22.05836 97.91755,22.05789 97.91518,22.05625 97.91310,22.05577 97.90894,22.05780 97.91103,22.05555 97.90923,22.05397 97.90655,22.05368 97.90630,22.05356 97.90391,22.05262 97.90288,22.04991 97.89685,22.05253 97.89391,22.05160 97.89378,22.05148 97.89366,22.05125 97.89288,22.04925 97.89275,22.04901 97.89249,22.04866 97.89121,22.04713 97.88762,22.04490 97.88750,22.04478 97.88506,22.04184 97.88493,22.04173 97.88480,22.04149 97.88275,22.03855 97.88275,22.03831 97.88222,22.03525 97.87973,22.03596 97.87788,22.03550 97.87775,22.03526 97.87775,22.03420 97.87642,22.03422 97.87642,22.03020 97.87508,22.02685 97.87139,22.02266 97.86670,22.01848 97.86438,22.01538 97.86185,22.01211 97.86112,22.01108 97.85951,22.01115 97.85926,22.01115 97.85838,22.01084 97.85599,22.01228 97.84895,22.00960 97.84818,22.00713 97.84545,22.00608 97.83754,22.00498 97.82787,22.00454 97.82128,22.00345 97.81622,22.01136 97.81221,22.01863 97.80850,22.01699 97.80722,22.01641 97.80697,22.01641 97.80499,22.01677 97.80327,22.01666 97.80314,22.01630 97.80186,22.01513 97.80071,22.01466 97.80071,22.01442 97.80149,22.01355 97.79872,22.01346 97.79537,22.01100 97.79179,22.00520 97.79132,22.00152 97.79112,22.00142 97.78927,22.00033 97.78820,21.99896 97.78808,21.99867 97.78784,21.99845 97.78650,21.99761 97.78632,21.99756 97.78415,21.99722 97.78287,21.99574 97.78263,21.99508 97.78018,21.99470 97.78085,21.98934 97.78130,21.98488 97.78710,21.98242 97.78710,21.97863 97.78934,21.97505 97.78851,21.97172 97.78789,21.97163 97.78710,21.97170 97.78644,21.97103 97.77750,21.97193 97.76366,21.98399 97.76044,21.98532 97.75997,21.98511 97.75918,21.98415 97.75906,21.98387 97.75894,21.98371 97.75925,21.98072 97.76315,21.97557 97.76795,21.97057 97.76782,21.96931 97.76691,21.96771 97.76524,21.96648 97.76402,21.96544 97.76372,21.96519 97.76257,21.96435 97.76127,21.96424 97.75931,21.96436 97.75725,21.96420 97.75707,21.96420 97.75703,21.96413 97.75473,21.96389 97.75428,21.96233 97.75160,21.95831 97.74892,21.95630 97.74582,21.95172 97.74401,21.94915 97.73619,21.94960 97.73374,21.95272 97.73083,21.95429 97.72748,21.95205 97.72391,21.95205 97.72212,21.95473 97.71967,21.95563 97.71431,21.95719 97.71284,21.95906 97.71276,21.95906 97.71258,21.95906 97.71101,21.95952 97.71065,21.95975 97.71053,21.95983 97.70970,21.96032 97.70582,21.95630 97.69734,21.95764 97.69265,21.96166 97.69006,21.96499 97.69005,21.96499 97.68984,21.96493 97.68748,21.96505 97.68586,21.96613 97.68094,21.96631 97.68064,21.96631 97.67864,21.96621 97.67840,21.96621 97.67670,21.96526 97.67655,21.96520 97.67597,21.96340 97.67596,21.96295 97.67680,21.96138 97.67649,21.96037 97.67619,21.95975 97.67582,21.95907 97.67564,21.95891 97.67558,21.95874 97.67497,21.95790 97.67455,21.95718 97.67400,21.95818 97.67209,21.96201 97.67203,21.96218 97.67185,21.96246 97.67024,21.96545 97.67024,21.96595 97.66947,21.96888 97.66652,21.97416 97.65603,21.97550 97.65386,21.97498 97.65151,21.97614 97.64753,21.97699 97.64672,21.97750 97.64673,21.97981 97.64728,21.98040 97.64734,21.98054 97.64752,21.98118 97.64765,21.98144 97.64813,21.98200 97.64874,21.98278 97.64923,21.98340 97.64833,21.98464 97.64737,21.98622 97.64475,21.98681 97.64363,21.98769 97.64261,21.98848 97.64185,21.99214 97.64120,21.99430 97.64026,21.99535 97.63828,21.99603 97.63514,21.99671 97.63496,21.99677 97.63183,21.99855 97.63117,21.99965 97.63117,21.99988 97.63070,22.00120 97.63086,22.00179 97.63103,22.00215 97.62933,22.00443 97.62933,22.00482 97.62794,22.00860 97.62780,22.00892 97.62654,22.01082 97.62260,22.01018 97.61726,22.01046 97.60967,22.01179 97.60405,22.01376 97.60391,22.01363 97.59743,22.01196 97.59715,22.01196 97.59647,22.01204 97.58970,22.01290 97.58914,22.01277 97.58479,22.01526 97.58429,22.01552 97.57981,22.01813 97.57480,22.01633 97.57452,22.01607 97.57171,22.01699 97.56754,22.02579 97.56447,22.03132 97.55850,22.03316 97.55845,22.03785 97.55859,22.03798 97.55679,22.04305 97.55679,22.04331 97.55342,22.04515 97.55307,22.04528 97.54942,22.04659 97.54291,22.05195 97.53895,22.05424 97.53477,22.05665 97.52917,22.06097 97.52882,22.06136 97.52411,22.06241 97.51834,22.06244 97.51454,22.06128 97.50821,22.06182 97.50793,22.06195 97.50076,22.06432 97.49432,22.06616 97.49416,22.06616 97.49352,22.06634 97.48798,22.06788 97.48770,22.06788 97.48276,22.06542 97.48248,22.06503 97.47755,22.06375 97.47517,22.06532 97.47165,22.06520 97.46940,22.06482 97.46826,22.06118 97.46811,22.06079 97.46428,22.05522 97.46428,22.05496 97.46414,22.05470 97.46329,22.05249 97.46454,22.05053 97.46116,22.04879 97.45763,22.04581 97.45493,22.04029 97.45479,22.04003 97.45478,22.03964 97.45392,22.03497 97.45391,22.03457 97.45360,22.02905 97.45654,22.02546 97.45513,22.02404 97.45204,22.02574 97.45176,22.02587 97.44613,22.02641 97.44079,22.02643 97.43897,22.02806 97.43814,22.03080 97.43617,22.03126 97.43520,22.03308 97.43281,22.03309 97.43240,22.03680 97.43086,22.03700 97.43057,22.03700 97.42818,22.03584 97.42789,22.03532 97.42472,22.03364 97.42451,22.03338 97.42154,22.03079 97.42126,22.03040 97.41836,22.02755 97.41435,22.02873 97.40761,22.02915 97.40732,22.02915 97.39889,22.02996 97.39818,22.02996 97.39473,22.02982 97.39242,22.02972 97.39213,22.02973 97.38729,22.03104 97.38428,22.03469 97.37830,22.03446 97.37464,22.03343 97.37331,22.03577 97.37347,22.03902 97.37377,22.04305 97.37316,22.04683 97.37240,22.05099 97.37219,22.05128 97.36989,22.05438 97.36807,22.05712 97.36669,22.06167 97.36249,22.06611 97.35928,22.07054 97.35634,22.07315 97.35022,22.07305 97.34445,22.07294 97.34071,22.07054 97.33635,22.07036 97.33578,22.07024 97.32960,22.07130 97.32932,22.07130 97.32356,22.07340 97.32163,22.07291 97.32102,22.07276 97.32088,22.07263 97.32060,22.07224 97.31609,22.07005 97.30989,22.06799 97.30975,22.06786 97.30482,22.06625 97.30098,22.06542 97.30024,22.06529 97.29573,22.06388 97.29270,22.06200 97.28777,22.06196 97.28749,22.06170 97.28369,22.06106 97.28327,22.06067 97.27889,22.05782 97.27860,22.05744 97.27340,22.05628 97.27017,22.05903 97.26513,22.06281 97.26035,22.06387 97.26007,22.06387 97.25615,22.06779 97.25615,22.06805 97.24998,22.07171 97.24984,22.07184 97.24635,22.07641 97.24738,22.08629 97.24768,22.08954 97.24799,22.09538 97.24690,22.10254 97.24623,22.10892 97.24766,22.11320 97.24697,22.11672 97.24798,22.12230 97.25084,22.13205 97.25115,22.13673 97.25173,22.13997 97.25161,22.14440 97.25219,22.14823 97.24855,22.15117 97.24688,22.15508 97.24606,22.15989 97.24355,22.16484 97.24301,22.16966 97.23824,22.17188 97.23305,22.17541 97.22843,22.17855 97.22148,22.18248 97.21227,22.18277 97.21213,22.18264 97.20284,22.18124 97.20284,22.18098 97.19341,22.18102 97.18892,22.18402 97.18740,22.18923 97.18714,22.19183 97.18574,22.19327 97.18731,22.19820 97.18873,22.20093 97.19071,22.20430 97.19185,22.20840 97.19033,22.21145 97.19019,22.21158 97.18668,22.21420 97.18219,22.21617 97.18157,22.21993 97.18109,22.22006 97.18110,22.22039 97.17806,22.22774 97.17788,22.22774 97.17393,22.23143 97.17393,22.23159 97.16781,22.23445 97.16781,22.23495 97.16581,22.23790 97.16441,22.23997 97.15991,22.24433 97.15163,22.24786 97.14155,22.25307 97.14137,22.25307 97.13613,22.25125 97.12882,22.24846 97.12835,22.24827 97.11786,22.24514 97.11768,22.24514 97.11189,22.24316 97.10666,22.24318 97.10089,22.24387 97.10089,22.24404 97.09150,22.24340 97.08429,22.24526 97.08429,22.24543 97.07693,22.25279 97.07675,22.25279 97.07675,22.25296 97.06648,22.25617 97.05889,22.25570 97.05239,22.25588 97.04534,22.25307 97.04516,22.25308 97.04027,22.24925 97.03646,22.24610 97.03067,22.24328 97.02723,22.24196 97.01696,22.24533 97.00422,22.25104 97.00145,22.25112 96.99737,22.25181 96.99530,22.25202 96.99161,22.25395 96.98649,22.25703 96.98290,22.25965 96.98115,22.26093 96.97781,22.26381 96.97358,22.26669 96.96958,22.26812 96.96446,22.26853 96.95912,22.26832 96.95890,22.26832 96.95267,22.26811 96.94981,22.26824 96.94800,22.26832 96.94555,22.26523 96.94400,22.25886 96.94378,22.25125 96.94401,22.24322 96.94512,22.23644 96.94516,22.23545 96.94535,22.23047 96.94602,22.22595 96.94691,22.22081 96.94937,22.21464 96.95404,22.20868 96.95805,22.20025 96.95945,22.19560 96.96028,22.19285 96.96496,22.18442 96.96786,22.17804 96.96808,22.17331 96.96831,22.16879 96.97053,22.16262 96.97388,22.15419 96.97365,22.15419 96.97522,22.14576 96.97544,22.13979 96.97523,22.13054 96.97523,22.13033 96.97635,22.11861 96.97836,22.10504 96.98054,22.09754 96.98077,22.09673 96.98170,22.09352 96.98216,22.08427 96.98171,22.07995 96.98171,22.07645 96.98506,22.07316 96.98750,22.06905 96.98884,22.06227 96.98884,22.06206 96.98762,22.05630 96.98673,22.05054 96.98273,22.04745 96.97940,22.04478 96.97584,22.04149 96.97228,22.03675 96.96850,22.03182 96.96695,22.02852 96.96606,22.02338 96.96517,22.01948 96.96073,22.01454 96.95862,22.01205 96.95828,22.01166 96.95673,22.00919 96.95695,22.00631 96.95717,22.00610 96.95829,22.00302 96.95860,22.00243 96.95856,22.00179 96.95901,21.99980 96.95932,21.99913 96.96024,21.99826 96.96256,21.99617 96.96346,21.99465 96.96391,21.99289 96.96369,21.98925 96.96338,21.98438 96.96328,21.98086 96.96294,21.97634 96.96228,21.97217 96.96127,21.96870 96.95984,21.96558 96.95910,21.96369 96.95806,21.96052 96.95720,21.95764 96.95637,21.95481 96.95589,21.95170 96.95553,21.94929 96.95442,21.94617 96.95318,21.94382 96.95217,21.94117 96.95083,21.93869 96.95067,21.93840 96.94816,21.93703 96.94615,21.93660 96.94180,21.93657 96.93607,21.93699 96.93001,21.93759 96.92481,21.93791 96.91876,21.93839 96.91428,21.93900 96.91078,21.93974 96.90767,21.94153 96.90295,21.94496 96.90004,21.94705 96.89576,21.94977 96.89259,21.95256 96.88957,21.95606 96.88646,21.95844 96.88481,21.95955 96.88074,21.96022 96.87885,21.96038 96.87507,21.96035 96.87343,21.96069 96.87031,21.96131 96.86829,21.96124 96.86678,21.96070 96.86509,21.95986 96.86355,21.95849 96.86284,21.95785 96.86108,21.95649 96.85882,21.95571 96.85612,21.95463 96.85351,21.95373 96.85050,21.95265 96.84861,21.95246 96.84627,21.95274 96.84211,21.95300 96.83896,21.95286 96.83556,21.95289 96.83111,21.95409 96.82845,21.95530 96.82579,21.95751 96.82339,21.96119 96.82052,21.96557 96.81664,21.96982 96.81359,21.97308 96.81006,21.97446 96.80585,21.97584 96.80216,21.97734 96.80020,21.97767 96.79720,21.97877 96.79220,21.98131 96.79049,21.98171 96.78949,21.98147 96.78842,21.98116 96.78606,21.98062 96.78442,21.98049 96.78291,21.98106 96.78141,21.98207 96.77872,21.98432 96.77634,21.98641 96.77389,21.98997 96.77108,21.99376 96.76893,21.99510 96.76761,21.99538 96.76578,21.99548 96.76454,21.99582 96.76259,21.99634 96.76060,21.99720 96.75891,21.99827 96.75829,22.00008 96.75844,22.00155 96.75734,22.00297 96.75710,22.00319 96.75625,22.00498 96.75613,22.00521 96.75467,22.00699 96.75406,22.00879 96.75430,22.01282 96.75478,22.01455 96.75520,22.01685 96.75648,22.01808 96.75768,22.01875 96.75781,22.01954 96.75853,22.01999 96.75877,22.02178 96.75871,22.02335 96.75744,22.02469 96.75599,22.02670 96.75550,22.02861 96.75525,22.02973 96.75562,22.03130 96.75525,22.03242 96.75410,22.03354 96.75326,22.03365 96.75211,22.03460 96.75174,22.03589 96.75174,22.03611 96.75186,22.03801 96.75186,22.03846 96.75048,22.04324 96.75658,22.04653 96.75286,22.05100 96.75316,22.05457 96.75048,22.06084 96.75286,22.06382 96.75376,22.06740 96.75387,22.07091 96.75305,22.07105 96.75123,22.07093 96.74881,22.07015 96.74645,22.07071 96.74505,22.07166 96.74378,22.07295 96.74233,22.07451 96.74087,22.07630 96.74020,22.07787 96.73971,22.08000 96.73826,22.08168 96.73438,22.08324 96.73184,22.08425 96.73050,22.08559 96.72844,22.08626 96.72820,22.08626 96.72614,22.08615 96.72505,22.08604 96.72360,22.08604 96.72227,22.08682 96.72033,22.08783 96.71815,22.08917 96.71610,22.09012 96.71379,22.09029 96.71210,22.08984 96.71185,22.08973 96.70992,22.08939 96.70792,22.08894 96.70592,22.08861 96.70374,22.08972 96.70228,22.08983 96.70059,22.08972 96.69829,22.08938 96.69696,22.08860 96.69563,22.08838 96.69455,22.08827 96.69164,22.08961 96.68910,22.09017 96.68801,22.08983 96.68582,22.08960 96.68352,22.08949 96.68206,22.09016 96.68073,22.09049 96.67964,22.08988 96.67837,22.08904 96.67728,22.08893 96.67564,22.08948 96.67346,22.09004 96.67224,22.09072 96.67103,22.09161 96.67030,22.09250 96.66875,22.09250 96.66463,22.09273 96.66208,22.09261 96.66021,22.09205 96.65893,22.09082 96.65760,22.08970 96.65603,22.08947 96.65578,22.08947 96.65463,22.09048 96.65372,22.09205 96.65166,22.09328 96.64911,22.09406 96.64705,22.09585 96.64547,22.09764 96.64316,22.09999 96.64144,22.10481 96.63999,22.10872 96.63854,22.11130 96.63490,22.11197 96.63139,22.11267 96.62851,22.10945 96.62702,22.10825 96.61539,22.10945 96.61070,22.11352 96.59093,22.11273 96.57900,22.11303 96.56439,22.11362 96.55843,22.11034 96.55872,22.11452 96.55763,22.12402 96.55763,22.12548 96.55799,22.12682 96.55813,22.12800 96.55789,22.12985 96.55643,22.13153 96.55510,22.13175 96.55389,22.13198 96.55304,22.13242 96.55134,22.13343 96.54988,22.13522 96.54799,22.13957 96.54113,22.13927 96.53131,22.13790 96.53097,22.13840 96.53094,22.13862 96.53085,22.13935 96.53000,22.14047 96.52927,22.14170 96.52878,22.14304 96.52830,22.14349 96.52677,22.14403 96.52672,22.14506 96.52611,22.14595 96.52575,22.14685 96.52490,22.14729 96.52393,22.14763 96.52320,22.14752 96.52223,22.14741 96.52078,22.14808 96.51896,22.14897 96.51799,22.14869 96.51715,22.14807 96.51654,22.14729 96.51569,22.14673 96.51570,22.14527 96.51497,22.14416 96.51485,22.14404 96.51388,22.14359 96.51194,22.14303 96.50988,22.14348 96.50758,22.14449 96.50522,22.14628 96.50406,22.14650 96.50286,22.14628 96.50152,22.14583 96.50019,22.14482 96.49922,22.14392 96.49470,22.14285 96.48933,22.15001 96.48426,22.15269 96.48009,22.16015 96.47919,22.16522 96.48158,22.17327 96.48098,22.18221 96.48158,22.18907 96.47919,22.19683 96.47949,22.20249 96.47949,22.20876 96.48172,22.21569 96.48149,22.22879 96.48139,22.22911 96.47347,22.23892 96.47517,22.24576 96.47457,22.24861 96.47359,22.25309 96.47262,22.25633 96.46680,22.26286 96.46230,22.27212 96.45355,22.29912 96.44758,22.31104 96.44042,22.31910 96.43773,22.32047 96.43751,22.32120 96.43178,22.32357 96.42193,22.33222 96.41418,22.35041 96.40931,22.36403 96.40738,22.36481 96.40520,22.36559 96.40386,22.36600 96.38810,22.37136 96.37020,22.37175 96.35541,22.36836 96.35668,22.36825 96.33760,22.36659 96.32932,22.36809 96.32448,22.37533 96.32328,22.39124 96.32219,22.40796 96.32200,22.40911 96.32211,22.40932 96.32090,22.42782 96.32010,22.45367 96.32567,22.46003 96.32855,22.46263 96.32857,22.46275 96.32857,22.46309 96.32942,22.46465 96.32942,22.46488 96.32990,22.46578 96.33002,22.46622 96.33051,22.46712 96.33075,22.46745 96.33159,22.46790 96.33208,22.46790 96.33365,22.46723 96.33590,22.48052 96.33523,22.49036 96.33254,22.49863 96.33145,22.50396 96.32717,22.50557 96.32382,22.50915 96.31867,22.51384 96.32181,22.51630 96.32454,22.51784 96.32236,22.52042 96.32078,22.52030 96.31487,22.52100 96.31375,22.51787 96.31419,22.51470 96.31352,22.51470 96.31140,22.51571 96.30988,22.51671 96.30873,22.51716 96.30660,22.51876 96.30347,22.51742 96.30101,22.51680 96.30092,22.51772 96.30091,22.51873 96.30067,22.52041 96.30018,22.52220 96.29764,22.52387 96.29449,22.52533 96.28960,22.52883 96.28937,22.53353 96.29116,22.53889 96.29228,22.54404 96.29515,22.54470 96.29556,22.54493 96.29666,22.54504 96.29702,22.54504 96.29811,22.54426 96.29920,22.54370 96.30041,22.54303 96.30211,22.54308 96.30247,22.54381 96.30162,22.54560 96.29787,22.54963 96.29854,22.55433 96.29854,22.55768 96.29653,22.56104 96.29631,22.56730 96.29787,22.56998 96.29765,22.57311 96.29534,22.57652 96.29367,22.57707 96.29070,22.57796 96.28714,22.57938 96.28557,22.58273 96.28477,22.58514 96.28464,22.58501 96.28367,22.58501 96.28288,22.58523 96.27931,22.58542 96.27841,22.58832 96.27797,22.59302 96.27193,22.59571 96.27081,22.59861 96.27238,22.60264 96.27206,22.60622 96.27130,22.60639 96.26851,22.60639 96.26746,22.60376 96.26499,22.60532 96.26298,22.61069 96.25694,22.61293 96.25694,22.61583 96.25851,22.61919 96.25878,22.62152 96.25723,22.62251 96.25542,22.62396 96.25432,22.62531 96.25429,22.62542 96.25202,22.62836 96.25001,22.63239 96.24834,22.63378 96.23990,22.63930 96.23614,22.64849 96.23480,22.65184 96.23759,22.65542 96.23638,22.65968 96.23569,22.66750 96.23323,22.67533 96.23480,22.67667 96.23721,22.67804 96.23748,22.68182 96.23547,22.68562 96.23435,22.69076 96.23435,22.69322 96.23779,22.69358 96.23781,22.69361 96.23865,22.69428 96.24173,22.69680 96.24173,22.70038 96.24017,22.70038 96.23102,22.69876 96.23078,22.69876 96.22975,22.69719 96.22872,22.69584 96.22496,22.69345 96.21825,22.69278 96.21713,22.69456 96.22227,22.70396 96.22384,22.71134 96.22183,22.71492 96.21758,22.71760 96.21557,22.72029 96.21624,22.72431 96.21670,22.72607 96.20841,22.73102 96.20416,22.73751 96.20505,22.74109 96.20438,22.74578 96.20652,22.74846 96.20682,22.74803 96.20797,22.74738 96.20827,22.74722 96.20942,22.74936 96.21051,22.75070 96.21172,22.75149 96.21269,22.75261 96.21414,22.75350 96.21572,22.75496 96.21620,22.75709 96.21622,22.75741 96.22030,22.75760 96.22388,22.75909 96.22231,22.76358 96.22237,22.76359 96.22675,22.76457 96.23110,22.76314 96.23158,22.76348 96.23206,22.76426 96.23255,22.76471 96.23327,22.76505 96.23400,22.76516 96.23491,22.76528 96.23606,22.76483 96.23709,22.76439 96.23739,22.76427 96.23836,22.76382 96.23921,22.76360 96.24030,22.76360 96.24079,22.76393 96.24079,22.76478 96.23816,22.76726 96.24019,22.76835 96.24018,22.76841 96.24090,22.76953 96.24199,22.77009 96.24345,22.77009 96.24442,22.77352 96.25023,22.77553 96.25265,22.77441 96.25381,22.77822 96.26231,22.77978 96.26298,22.78291 96.26253,22.78515 96.26839,22.78623 96.27036,22.79164 96.27282,22.79320 96.27820,22.79195 96.27905,22.79128 96.28050,22.78949 96.28062,22.78926 96.28189,22.78882 96.28293,22.78831 96.28316,22.78804 96.28401,22.78481 96.28637,22.78431 96.28670,22.78010 96.28805,22.78111 96.29006,22.78371 96.29264,22.78473 96.29719,22.78416 96.30197,22.78552 96.30539,22.78177 96.30664,22.78029 96.31108,22.78131 96.31791,22.78063 96.32235,22.78222 96.32581,22.77977 96.32690,22.77944 96.32852,22.77835 96.33179,22.78086 96.33680,22.77926 96.34044,22.78177 96.34330,22.77982 96.34338,22.77989 96.34459,22.78012 96.34616,22.78012 96.34738,22.77978 96.34883,22.77889 96.35065,22.77867 96.35174,22.77867 96.35307,22.77844 96.35452,22.77799 96.35574,22.77811 96.35719,22.77856 96.35828,22.77878 96.36005,22.78647 96.36394,22.78916 96.36893,22.79256 96.37082,22.79633 96.38061,22.80079 96.38104,22.80119 96.38177,22.80153 96.38253,22.80167 96.38462,22.79816 96.38730,22.79398 96.39237,22.79190 96.39165,22.79485 96.39225,22.79459 96.39115,22.79842 96.39354,22.80052 96.39204,22.80530 96.39503,22.80650 96.39732,22.80313 96.39887,22.80196 96.40661,22.80314 96.41064,22.80264 96.41367,22.79961 96.41754,22.80079 96.41939,22.79978 96.42141,22.79608 96.42690,22.79035 96.42981,22.78817 96.43149,22.78921 96.43180,22.78913 96.43265,22.78907 96.43423,22.78935 96.43541,22.78935 96.43688,22.78683 96.44091,22.78599 96.44695,22.78622 96.44810,22.78555 96.44998,22.78566 96.45252,22.78701 96.45756,22.78481 96.45801,22.78714 96.45918,22.78724 96.46052,22.78777 96.46088,22.78791 96.46124,22.78880 96.46124,22.79015 96.46129,22.79041 96.46261,22.78986 96.46278,22.78817 96.46782,22.78902 96.47347,22.79150 96.47444,22.79161 96.47735,22.79161 96.47880,22.79173 96.48038,22.79212 96.48147,22.79246 96.48262,22.79341 96.48598,22.79473 96.48522,22.79587 96.48667,22.79632 96.48982,22.80348 96.49416,22.80605 96.50303,22.80822 96.51154,22.80667 96.51407,22.80600 96.51683,22.80905 96.51725,22.81011 96.51780,22.81095 96.51888,22.81202 96.52416,22.81407 96.52688,22.81874 96.53072,22.81895 96.53293,22.82339 96.53402,22.82513 96.53450,22.82658 96.53547,22.82793 96.53680,22.82922 96.53789,22.82983 96.53971,22.83028 96.54128,22.83040 96.54292,22.83084 96.54625,22.83018 96.54807,22.82995 96.54938,22.82965 96.55493,22.82534 96.55661,22.82534 96.56183,22.82299 96.56334,22.82299 96.56630,22.82674 96.56685,22.82716 96.56758,22.82716 96.56842,22.82683 96.56877,22.82659 96.56939,22.82198 96.57326,22.82164 96.57797,22.82383 96.58156,22.82419 96.58344,22.82303 96.58526,22.82213 96.58763,22.82113 96.59084,22.82001 96.59568,22.82001 96.59810,22.82035 96.60138,22.82035 96.60235,22.82046 96.60332,22.82046 96.60428,22.81935 96.60538,22.81856 96.60647,22.81711 96.60719,22.81598 96.60877,22.81559 96.61034,22.81599 96.61180,22.81632 96.61313,22.81677 96.61410,22.81812 96.61470,22.81991 96.61555,22.82114 96.61694,22.82125 96.61821,22.82159 96.61858,22.82204 96.61906,22.82249 96.61954,22.82316 96.61967,22.82372 96.62015,22.82428 96.62197,22.82428 96.62257,22.82451 96.62318,22.82495 96.62354,22.82551 96.62366,22.82641 96.62403,22.82742 96.62511,22.82876 96.62596,22.82887 96.62645,22.82899 96.62839,22.82899 96.63008,22.82887 96.63141,22.82888 96.63250,22.82899 96.63275,22.82899 96.63311,22.82843 96.63311,22.82821 96.63275,22.82787 96.63202,22.82742 96.63178,22.82731 96.63093,22.82686 96.63081,22.82675 96.63045,22.82596 96.63057,22.82518 96.63166,22.82372 96.63190,22.82255 96.63214,22.82194 96.63372,22.82194 96.63542,22.82239 96.63650,22.82295 96.63844,22.82351 96.64026,22.82407 96.64195,22.82496 96.64244,22.82625 96.64256,22.82799 96.64340,22.82989 96.64437,22.83224 96.64492,22.83381 96.64522,22.83532 96.64607,22.83605 96.64849,22.83661 96.65029,22.83678 96.65091,22.83684 96.65200,22.83729 96.65261,22.83796 96.65327,22.84020 96.65400,22.84132 96.65509,22.84199 96.65600,22.84210 96.65842,22.84300 96.65999,22.84379 96.66217,22.84502 96.66229,22.84513 96.66363,22.84670 96.66508,22.84961 96.66459,22.85174 96.66386,22.85381 96.66374,22.85588 96.66386,22.85795 96.66374,22.85958 96.66471,22.86115 96.66519,22.86249 96.66555,22.86361 96.66567,22.86462 96.66446,22.86663 96.66385,22.86775 96.66367,22.86786 96.66361,22.86865 96.66421,22.86943 96.66712,22.87078 96.66942,22.87291 96.67027,22.87576 96.67014,22.87884 96.67039,22.88310 96.67123,22.88500 96.67208,22.88657 96.67220,22.88881 96.67220,22.89071 96.67232,22.89206 96.67389,22.89318 96.67643,22.89531 96.67873,22.89844 96.68019,22.90035 96.68152,22.90192 96.68297,22.90293 96.68369,22.90472 96.68466,22.90651 96.68539,22.90875 96.68635,22.91088 96.68829,22.91178 96.69144,22.91503 96.69398,22.91805 96.69773,22.92455 96.70064,22.92824 96.70173,22.92981 96.70379,22.93250 96.70596,22.93351 96.70815,22.93373 96.70887,22.93452 96.70923,22.93586 96.71020,22.93665 96.71142,22.93631 96.71420,22.93620 96.71565,22.93665 96.71577,22.93788 96.71614,22.94023 96.71589,22.94214 96.71625,22.94397 96.71638,22.94427 96.71589,22.94673 96.71456,22.94830 96.71431,22.94987 96.71370,22.95255 96.71358,22.95434 96.71395,22.95748 96.71346,22.96039 96.71213,22.96173 96.71091,22.96308 96.70946,22.96419 96.70825,22.96509 96.70679,22.96643 96.70534,22.96845 96.70388,22.96957 96.70388,22.96979 96.70218,22.97046 96.69904,22.97001 96.69807,22.96979 96.69468,22.96934 96.69250,22.96934 96.69080,22.97068 96.68983,22.97381 96.68886,22.97650 96.68619,22.97851 96.68619,22.97874 96.68474,22.97986 96.68379,22.98175 96.68328,22.98277 96.67988,22.98546 96.67722,22.98612 96.67552,22.98635 96.67165,22.98567 96.66802,22.98411 96.66390,22.98388 96.65954,22.98410 96.65687,22.98186 96.64839,22.98073 96.64161,22.98006 96.63604,22.97737 96.63289,22.97669 96.62998,22.97759 96.62756,22.97826 96.62392,22.97960 96.62174,22.98117 96.62004,22.98632 96.61640,22.99057 96.61350,22.99303 96.60526,22.99370 96.60065,22.99549 96.59363,22.99638 96.58806,22.99683 96.58491,22.99817 96.58204,23.00147 96.57815,23.00311 96.57636,23.00411 96.57613,23.00398 96.57538,23.00533 96.57318,23.00735 96.57156,23.01029 96.57004,23.01367 96.56889,23.01525 96.56774,23.01570 96.56645,23.01587 96.56306,23.01692 96.56051,23.01784 96.55791,23.01877 96.55448,23.02018 96.55080,23.02088 96.54875,23.02080 96.54607,23.01983 96.54598,23.01966 96.54407,23.02027 96.54303,23.02326 96.54181,23.02647 96.53781,23.03060 96.53372,23.03494 96.52962,23.03767 96.52729,23.03899 96.52575,23.04127 96.52280,23.04680 96.51927,23.05023 96.51641,23.05251 96.51517,23.05322 96.51278,23.05322 96.50985,23.05190 96.50875,23.05147 96.50488,23.04997 96.50023,23.04708 96.49865,23.04594 96.49100,23.04472 96.48973,23.04415 96.48784,23.04331 96.48602,23.04130 96.48534,23.03822 96.48509,23.03458 96.48332,23.03340 96.48298,23.03331 96.48212,23.03287 96.48174,23.03278 96.48125,23.03116 96.48039,23.02962 96.47991,23.02945 96.47756,23.02923 96.47732,23.02918 96.47573,23.02784 96.47435,23.02638 96.47256,23.02392 96.47041,23.02264 96.46826,23.02234 96.46673,23.02260 96.46520,23.02471 96.46501,23.02480 96.46349,23.02674 96.46187,23.02858 96.45925,23.03152 96.45672,23.03337 96.45471,23.03350 96.45318,23.03245 96.45176,23.03060 96.44582,23.02582 96.44094,23.02420 96.44027,23.02420 96.43721,23.02306 96.43692,23.02297 96.43673,23.02289 96.43319,23.02219 96.42942,23.02254 96.42536,23.02334 96.42239,23.02316 96.41971,23.02273 96.41494,23.02413 96.41226,23.02440 96.41045,23.02405 96.40552,23.02168 96.39858,23.01826 96.39428,23.01581 96.39036,23.01370 96.38663,23.01414 96.38539,23.01467 96.38031,23.01468 96.37456,23.01345 96.36742,23.01029 96.36129,23.00889 96.35717,23.00881 96.35359,23.01065 96.35330,23.01065 96.35168,23.01047 96.35100,23.01039 96.35081,23.01039 96.34947,23.00969 96.34803,23.00846 96.34489,23.00617 96.34082,23.00512 96.33532,23.00425 96.33055,23.00496 96.32558,23.00636 96.31899,23.00918 96.31474,23.01191 96.31163,23.01227 96.31149,23.01218 96.30842,23.01121 96.30517,23.01007 96.30220,23.00849 96.30201,23.00841 96.30186,23.00832 96.29813,23.00573 96.29492,23.00393 96.28985,23.00350 96.28507,23.00455 96.27850,23.00667 96.27430,23.00816 96.27086,23.00834 96.26613,23.00869 96.25854,23.01054 96.25252,23.01054 96.24712,23.01098 96.24567,23.01136 96.23724,23.01362 96.23695,23.01362 96.22807,23.01749 96.22371,23.01945 96.21829,23.02189 96.21247,23.02488 96.21052,23.02752 96.21042,23.02769 96.20957,23.03011 96.20690,23.03182 96.20204,23.03437 96.19659,23.03859 96.19372,23.04263 96.19305,23.04394 96.19368,23.04658 96.19570,23.04965 96.19920,23.05553 96.20219,23.06084 96.20402,23.06361 96.20451,23.06787 96.20441,23.06800 96.20403,23.07010 96.20193,23.07265 96.19964,23.07458 96.19940,23.07467 96.19705,23.07933 96.19582,23.08714 96.19410,23.09074 96.19028,23.09522 96.18482,23.09966 96.17827,23.10117 96.17064,23.10551 96.16764,23.10920 96.16277,23.11363 96.15751,23.11737 96.15321,23.12132 96.15254,23.12413 96.15217,23.12777 96.15245,23.13155 96.15256,23.13295 96.15304,23.13519 96.15429,23.13651 96.15554,23.13844 96.15622,23.14055 96.15603,23.14231 96.15518,23.14415 96.15489,23.14441 96.15491,23.14722 96.15436,23.14926 96.15107,23.15053 96.15208,23.15985 96.15535,23.16312 96.15913,23.16539 96.16185,23.16337 96.16223,23.16337 96.16376,23.16319 96.16414,23.16425 96.16553,23.16916 96.16554,23.17231 96.17096,23.17572 96.17172,23.18453 96.17021,23.18881 96.17651,23.18982 96.17726,23.19309 96.17964,23.20056 96.18056,23.20225 96.18096,23.20468 96.18133,23.20691 96.18086,23.21196 96.18030,23.21499 96.18040,23.21657 96.18179,23.21876 96.18332,23.22043 96.18625,23.22275 96.18774,23.22583 96.18832,23.22920 96.18767,23.23254 96.18581,23.23632 96.18467,23.23983 96.18449,23.24242 96.18545,23.24563 96.18675,23.24782 96.18871,23.24966 96.18410,23.25559 96.18381,23.25933 96.18431,23.26411 96.18280,23.27293 96.18633,23.27519 96.19086,23.28250 96.19413,23.29031 96.19842,23.29836 96.19842,23.30038 96.19222,23.30697 96.19179,23.30724 96.19007,23.30925 96.18230,23.31524 96.17828,23.32202 96.17826,23.32204 96.17096,23.31977 96.16744,23.31750 96.16618,23.32355 96.16542,23.32909 96.16769,23.33564 96.16895,23.34143 96.17021,23.34571 96.17827,23.34521 96.18305,23.34773 96.18696,23.35195 96.18765,23.35337 96.18798,23.35460 96.18830,23.35579 96.18917,23.35652 96.19033,23.35662 96.19061,23.35634 96.19061,23.35558 96.19032,23.35398 96.19166,23.35155 96.19234,23.35019 96.19254,23.34984 96.19372,23.34888 96.19478,23.34806 96.19570,23.34732 96.19616,23.34696 96.19791,23.34632 96.19923,23.34583 96.20059,23.34532 96.20167,23.34508 96.20304,23.34477 96.20413,23.34437 96.20468,23.34423 96.20491,23.34218 96.20496,23.34166 96.20495,23.33922 96.20532,23.33846 96.20674,23.33562 96.20874,23.33479 96.21025,23.33415 96.21141,23.33366 96.21255,23.33305 96.21478,23.33180 96.21591,23.33170 96.21752,23.33167 96.21761,23.33175 96.21856,23.33665 96.22108,23.33967 96.22461,23.33715 96.23369,23.33965 96.23390,23.34087 96.23400,23.34141 96.23420,23.34292 96.23405,23.34554 96.23401,23.34649 96.23082,23.34951 96.22911,23.35108 96.22849,23.35325 96.22766,23.35644 96.22694,23.35937 96.22698,23.36046 96.22717,23.36452 96.22762,23.36814 96.22780,23.36859 96.22901,23.37071 96.23013,23.37202 96.23068,23.37268 96.23342,23.37565 96.23387,23.37628 96.23413,23.37667 96.23614,23.37971 96.23661,23.38072 96.23847,23.38473 96.23907,23.38608 96.23968,23.38822 96.24009,23.38993 96.24098,23.39098 96.24183,23.39204 96.24408,23.39479 96.24486,23.39577 96.24526,23.39626 96.24583,23.40003 96.24594,23.40101 96.24673,23.40241 96.24804,23.40208 96.24944,23.40027 96.25676,23.40265 96.25852,23.40498 96.25974,23.40673 96.26084,23.40828 96.26351,23.41047 96.26598,23.41141 96.27193,23.41638 96.27374,23.41838 96.27738,23.41992 96.27768,23.42020 96.27954,23.42020 96.27970,23.42012 96.28821,23.41979 96.29358,23.42314 96.29828,23.42583 96.30361,23.42823 96.30362,23.42916 96.30359,23.42943 96.29526,23.43456 96.29358,23.43826 96.29672,23.43942 96.29669,23.44115 96.29670,23.44253 96.29756,23.44476 96.29799,23.44626 96.29716,23.44812 96.29532,23.45028 96.29410,23.45272 96.29375,23.45345 96.29344,23.45366 96.29268,23.45664 96.29255,23.45699 96.29238,23.45725 96.29309,23.45955 96.29379,23.46074 96.29434,23.46167 96.29469,23.46313 96.29489,23.46409 96.29492,23.46734 96.29580,23.46850 96.29588,23.46865 96.29717,23.46953 96.30007,23.47042 96.30249,23.47130 96.30493,23.47217 96.30745,23.47308 96.31000,23.47404 96.31260,23.47483 96.31521,23.47558 96.31707,23.47656 96.31721,23.47664 96.31730,23.47797 96.31708,23.47959 96.31693,23.48054 96.31615,23.48342 96.31543,23.48577 96.31471,23.48740 96.31309,23.49135 96.31282,23.49200 96.31263,23.49209 96.31026,23.49505 96.31011,23.49528 96.30966,23.49684 96.30997,23.49818 96.31136,23.49907 96.31151,23.49911 96.31383,23.50001 96.31661,23.50175 96.31803,23.50264 96.31935,23.50332 96.32202,23.50472 96.32477,23.50615 96.32753,23.50765 96.33030,23.50915 96.33227,23.51024 96.33464,23.51113 96.33663,23.51191 96.33889,23.51315 96.34032,23.51491 96.34113,23.51712 96.34203,23.52064 96.34227,23.52160 96.34253,23.52461 96.34279,23.52788 96.34428,23.53213 96.34463,23.53313 96.34629,23.53625 96.34713,23.53771 96.35052,23.53947 96.35333,23.54068 96.35398,23.54096 96.35569,23.54157 96.35657,23.54379 96.35665,23.54476 96.35687,23.54746 96.35755,23.54889 96.35926,23.54991 96.36082,23.55037 96.36445,23.55070 96.36915,23.55222 96.36950,23.55233 96.37098,23.55348 96.37322,23.55505 96.37588,23.55673 96.37647,23.55709 96.37668,23.55718 96.37770,23.55795 96.37963,23.55940 96.38315,23.56037 96.38478,23.56094 96.38720,23.56176 96.39093,23.56508 96.39236,23.56702 96.39253,23.56913 96.39256,23.56959 96.39265,23.57104 96.39340,23.57320 96.39464,23.57552 96.39564,23.57668 96.39604,23.57773 96.39447,23.57910 96.39344,23.58057 96.39346,23.58178 96.39527,23.58409 96.39711,23.58581 96.39748,23.58715 96.39678,23.58813 96.39627,23.58878 96.39530,23.59153 96.39616,23.59425 96.39813,23.59569 96.39967,23.59681 96.40089,23.59747 96.40348,23.59714 96.40485,23.59792 96.40604,23.59889 96.41053,23.60261 96.41345,23.60523 96.41712,23.60852 96.41790,23.60944 96.41879,23.61050 96.41907,23.61230 96.41886,23.61352 96.41861,23.61498 96.41772,23.61721 96.41718,23.61858 96.41709,23.62057 96.41795,23.62432 96.41926,23.62575 96.42124,23.62725 96.42368,23.62908 96.43254,23.63300 96.43732,23.63451 96.43732,23.64408 96.43405,23.65315 96.43254,23.66234 96.43236,23.66618 96.43228,23.66660 96.43186,23.66998 96.43215,23.67165 96.43398,23.67235 96.43587,23.67268 96.43741,23.67322 96.43830,23.67745 96.43934,23.67989 96.43920,23.68146 96.43891,23.68410 96.43865,23.68543 96.43803,23.68874 96.43747,23.69122 96.43691,23.69174 96.43716,23.69282 96.43767,23.69509 96.44016,23.69721 96.44246,23.69825 96.44489,23.69844 96.44647,23.69859 96.45395,23.70301 96.45722,23.71032 96.46200,23.71586 96.47152,23.72598 96.47523,23.72508 96.47753,23.72485 96.47882,23.72473 96.47992,23.72508 96.48163,23.72613 96.48356,23.72666 96.48628,23.72595 96.48837,23.72581 96.49068,23.72877 96.49347,23.73086 96.49627,23.73258 96.49861,23.73403 96.49862,23.73419 96.50263,23.73754 96.50349,23.73836 96.50427,23.73914 96.50591,23.74077 96.50726,23.74212 96.50987,23.74526 96.51203,23.74788 96.51284,23.74924 96.51476,23.75248 96.51624,23.75698 96.51739,23.76085 96.51830,23.76438 96.51923,23.76811 96.51965,23.76983 96.52072,23.77213 96.52202,23.77498 96.52280,23.77707 96.52342,23.77881 96.52447,23.78174 96.52576,23.78540 96.52604,23.78623 96.52673,23.78924 96.52759,23.79315 96.52849,23.79720 96.52870,23.79788 96.52929,23.79965 96.52984,23.80127 96.53098,23.80468 96.53155,23.80636 96.53283,23.80867 96.53461,23.81197 96.53506,23.81274 96.53641,23.81480 96.53824,23.81756 96.53958,23.81884 96.54051,23.81984 96.54337,23.82099 96.54623,23.82205 96.54652,23.82217 96.54880,23.82216 96.55022,23.82210 96.55149,23.82202 96.55250,23.82195 96.55388,23.82179 96.55684,23.82144 96.55932,23.82250 96.56046,23.82512 96.56064,23.82911 96.56064,23.83269 96.56058,23.83472 96.56039,23.83667 96.56004,23.84036 96.55966,23.84415 96.55929,23.84797 96.55822,23.85195 96.55722,23.85584 96.55604,23.85775 96.55486,23.85969 96.55360,23.86183 96.55178,23.86375 96.55039,23.86522 96.54885,23.86760 96.54861,23.86792 96.54776,23.86920 96.54510,23.87342 96.54051,23.87641 96.53822,23.87694 96.53535,23.87676 96.53286,23.87659 96.52961,23.87817 96.52695,23.88221 96.52581,23.88678 96.52611,23.89187 96.52784,23.89713 96.52784,23.89731 96.52881,23.90240 96.52882,23.90609 96.52807,23.90908 96.52540,23.91470 96.51921,23.92594 96.51388,23.93683 96.51123,23.94296 96.51047,23.94473 96.50895,23.95088 96.50987,23.95562 96.51142,23.95931 96.51333,23.96229 96.51564,23.96545 96.51737,23.96966 96.51719,23.97230 96.51719,23.97247 96.51682,23.97616 96.51377,23.98178 96.51130,23.98600 96.50863,23.99145 96.50769,23.99601 96.50828,24.00128 96.50842,24.00134 96.50856,24.00189 96.50878,24.00275 96.50867,24.00333 96.50729,24.00572 96.50490,24.00720 96.50150,24.00850 96.49610,24.01019 96.48970,24.01244 96.48251,24.01505 96.47530,24.01639 96.46868,24.01681 96.46506,24.01592 96.46042,24.01395 96.45457,24.01107 96.44549,24.00621 96.43861,24.00060 96.43841,24.00060 96.43496,23.99661 96.43274,23.99571 96.42974,23.99628 96.42535,23.99869 96.41998,24.00331 96.41720,24.00607 96.41540,24.00663 96.41379,24.00664 96.41118,24.00593 96.40917,24.00595 96.39769,24.01896 96.39007,24.02434 96.39007,24.02792 96.40530,24.04180 96.41201,24.05299 96.41291,24.05702 96.41873,24.05836 96.42813,24.06687 96.43350,24.07359 96.43916,24.08584 96.44036,24.08547 96.44156,24.08546 96.44281,24.08983 96.44322,24.08983 96.44322,24.09020 96.45673,24.10084 96.46714,24.10353 96.47453,24.10655 96.47970,24.10563 96.48474,24.10741 96.48514,24.10777 96.49077,24.10846 96.49300,24.11125 96.50206,24.11092 96.50878,24.10386 96.51919,24.10118 96.53262,24.11897 96.53766,24.13073 96.55411,24.15054 96.55823,24.15489 96.55939,24.15524 96.56643,24.15683 96.57085,24.15790 96.57387,24.15878 96.57748,24.15894 96.58670,24.15740 96.59811,24.15475 96.59833,24.15471 96.60492,24.15342 96.61252,24.15190 96.61772,24.15003 96.62331,24.14725 96.62741,24.14575 96.62983,24.14646 96.63386,24.14862 96.63750,24.15079 96.64133,24.15204 96.64173,24.15222 96.64495,24.15347 96.64739,24.15601 96.65002,24.15800 96.65364,24.15907 96.65786,24.15903 96.66306,24.15771 96.66566,24.15641 96.66693,24.15455 96.66792,24.15310 96.66869,24.14981</coordinates></LinearRing></outerBoundaryIs></Polygon></Placemark><Placemark><name>Shan (South)</name><visibility>1</visibility><Style><PolyStyle><fill>0</fill></PolyStyle><LineStyle><color>ff000000</color><width>2.5</width></LineStyle></Style><description><![CDATA[<table><tr><td><b>state</b></td><td>Shan (South)</td></tr><tr><td><b>state_pcode</b></td><td>MMR014</td></tr></table>]]></description><Polygon><outerBoundaryIs><LinearRing><coordinates>98.51153,19.95383 98.51173,19.94908 98.51272,19.94611 98.51064,19.94103 98.51450,19.93680 98.51272,19.93402 98.51509,19.92966 98.51450,19.92451 98.51311,19.92134 98.51174,19.91733 98.51176,19.91663 98.51158,19.91644 98.51058,19.91536 98.51000,19.91466 98.50946,19.91390 98.50906,19.91341 98.50874,19.91311 98.50844,19.91279 98.50832,19.91260 98.50818,19.91163 98.50827,19.91119 98.50844,19.91051 98.50875,19.90964 98.50907,19.90880 98.50958,19.90867 98.50993,19.90865 98.51047,19.90867 98.51123,19.90871 98.51166,19.90899 98.51189,19.90914 98.51212,19.90924 98.51264,19.90952 98.51351,19.90973 98.51379,19.90979 98.51465,19.90969 98.51517,19.90962 98.51565,19.90930 98.51671,19.90859 98.51737,19.90817 98.51782,19.90757 98.51866,19.90645 98.51914,19.90577 98.51952,19.90531 98.51964,19.90508 98.52005,19.90423 98.52047,19.90326 98.52074,19.90273 98.52361,19.90074 98.52401,19.89697 98.52356,19.88916 98.52376,19.88878 98.52388,19.88814 98.52384,19.88730 98.52376,19.88681 98.52388,19.88643 98.52424,19.88624 98.52476,19.88594 98.52552,19.88593 98.52619,19.88593 98.52637,19.88575 98.52687,19.88523 98.52715,19.88394 98.52731,19.88309 98.52739,19.88294 98.52783,19.88262 98.52826,19.88235 98.52914,19.88214 98.53031,19.88184 98.53077,19.88182 98.53187,19.88188 98.53263,19.88189 98.53289,19.88205 98.53385,19.88250 98.53427,19.88273 98.53480,19.88278 98.53560,19.88292 98.53603,19.88275 98.53759,19.88206 98.53827,19.88172 98.53914,19.88132 98.53984,19.88100 98.54054,19.88066 98.54091,19.88047 98.54137,19.88001 98.54177,19.87954 98.54203,19.87929 98.54247,19.87833 98.54291,19.87744 98.54707,19.87480 98.54637,19.86846 98.54285,19.86529 98.54286,19.85764 98.55162,19.85212 98.55260,19.85155 98.55298,19.85127 98.55372,19.85095 98.55483,19.85081 98.55555,19.85077 98.55692,19.85150 98.55756,19.85183 98.55849,19.85293 98.55865,19.85293 98.55969,19.85149 98.56045,19.85051 98.56077,19.85005 98.56096,19.84956 98.56212,19.85041 98.56553,19.84922 98.56702,19.84700 98.56806,19.84254 98.56851,19.84194 98.57029,19.83986 98.57666,19.83676 98.57807,19.82725 98.57913,19.82091 98.57913,19.81211 98.57596,19.80682 98.57138,19.80154 98.57035,19.79321 98.57321,19.79162 98.57450,19.79086 98.57546,19.79006 98.57739,19.78831 98.57899,19.78702 98.58617,19.78675 98.59216,19.78146 98.59955,19.77689 98.60308,19.77160 98.60378,19.76808 98.60942,19.76280 98.61998,19.74800 98.61963,19.74343 98.61540,19.73744 98.61716,19.73286 98.62245,19.72405 98.62697,19.71287 98.62195,19.71312 98.62189,19.71315 98.61651,19.71574 98.61220,19.70838 98.60230,19.71072 98.59114,19.71307 98.58236,19.70636 98.57205,19.70292 98.57278,19.69581 98.57278,19.69502 98.56779,19.67965 98.56767,19.67296 98.56767,19.67151 98.56349,19.67216 98.56014,19.67399 98.55510,19.68081 98.54338,19.68695 98.53934,19.68865 98.53947,19.69220 98.52549,19.70647 98.51781,19.71354 98.50860,19.71576 98.50499,19.70827 98.49970,19.70629 98.49315,19.70338 98.47847,19.69854 98.47541,19.69551 98.47137,19.69314 98.46998,19.69261 98.46329,19.69325 98.45855,19.69284 98.44546,19.68861 98.43975,19.68623 98.42998,19.69041 98.42565,19.69263 98.41715,19.69011 98.40766,19.69310 98.40024,19.70227 98.39438,19.70462 98.39201,19.70501 98.38261,19.69855 98.37440,19.69406 98.37023,19.68932 98.36645,19.69259 98.35795,19.69243 98.34916,19.69293 98.34707,19.69319 98.34288,19.69488 98.34162,19.69790 98.33980,19.69907 98.33701,19.69933 98.33578,19.69473 98.33509,19.69276 98.33328,19.69196 98.32517,19.69758 98.31960,19.69586 98.31390,19.69216 98.30601,19.68702 98.29974,19.68555 98.29515,19.68147 98.29432,19.68107 98.29068,19.68474 98.28441,19.68380 98.27717,19.68154 98.27215,19.68231 98.26532,19.68058 98.26102,19.67676 98.25907,19.67649 98.25196,19.67541 98.24820,19.67645 98.24469,19.68208 98.24049,19.68548 98.23588,19.68953 98.23292,19.69608 98.23346,19.70002 98.23721,19.70463 98.23837,19.70775 98.23850,19.71051 98.23373,19.71666 98.23218,19.71980 98.23146,19.72623 98.22810,19.72793 98.22421,19.72660 98.22031,19.72396 98.21570,19.72604 98.21122,19.73140 98.20647,19.73230 98.20327,19.73216 98.20159,19.73268 98.20018,19.73661 98.19822,19.73870 98.19241,19.73893 98.18484,19.74756 98.18413,19.74913 98.18258,19.75411 98.18355,19.75569 98.18310,19.76094 98.18157,19.76014 98.17767,19.76052 98.17654,19.76262 98.16828,19.77046 98.16311,19.77136 98.15795,19.77094 98.14872,19.77642 98.14284,19.78204 98.13962,19.78334 98.13877,19.78688 98.13401,19.78714 98.12956,19.78411 98.12733,19.78265 98.12344,19.77935 98.11564,19.77774 98.11356,19.77367 98.10715,19.77324 98.10576,19.77258 98.10144,19.77230 98.09736,19.77924 98.09242,19.78945 98.09032,19.79102 98.08670,19.79113 98.08376,19.79322 98.08443,19.79860 98.08592,19.80596 98.08353,19.80936 98.08046,19.81040 98.07697,19.81012 98.07307,19.80958 98.06763,19.81008 98.06486,19.80468 98.06306,19.80297 98.06180,19.80323 98.05635,19.80451 98.05327,19.80791 98.05087,19.81289 98.04834,19.81511 98.04838,19.81227 98.04337,19.80723 98.03747,19.80626 98.03431,19.80461 98.03721,19.80070 98.04024,19.79895 98.03954,19.79651 98.03524,19.79188 98.03626,19.78931 98.03397,19.78686 98.03486,19.78212 98.03448,19.77301 98.03739,19.76733 98.03642,19.75960 98.03401,19.75374 98.03575,19.75036 98.03178,19.73922 98.02950,19.73555 98.03154,19.73041 98.03114,19.72567 98.02524,19.72374 98.02650,19.71461 98.03145,19.70472 98.03261,19.70364 98.03465,19.69958 98.03080,19.69265 98.02982,19.68817 98.03505,19.67925 98.03277,19.67446 98.03437,19.67189 98.03956,19.67029 98.04289,19.66678 98.04379,19.66055 98.04423,19.65919 98.04757,19.65325 98.04599,19.65161 98.03995,19.65077 98.03898,19.64480 98.03365,19.64491 98.02691,19.64108 98.02477,19.63823 98.01843,19.63914 98.01555,19.63845 98.01225,19.63667 98.00980,19.63734 98.00405,19.63650 98.00191,19.63432 98.00047,19.63417 97.99787,19.63592 97.99454,19.63889 97.98749,19.63939 97.98302,19.63978 97.98017,19.63556 97.97470,19.63499 97.97224,19.63454 97.97499,19.63117 97.97471,19.62968 97.97331,19.62357 97.97482,19.61056 97.97497,19.60921 97.97330,19.60093 97.96209,19.59803 97.96097,19.59301 97.95004,19.59268 97.94426,19.59644 97.94168,19.59557 97.93782,19.59230 97.92921,19.58859 97.92303,19.58652 97.92247,19.58517 97.91126,19.58280 97.90681,19.58101 97.90051,19.57705 97.89562,19.57594 97.89450,19.57241 97.88612,19.57792 97.87834,19.57841 97.86326,19.57480 97.85975,19.58259 97.85904,19.58493 97.85996,19.58869 97.86016,19.59075 97.85886,19.59237 97.85832,19.59588 97.85658,19.59816 97.85447,19.60044 97.85230,19.60376 97.84961,19.60694 97.84860,19.60904 97.84876,19.61114 97.84987,19.61251 97.85163,19.61313 97.85349,19.61595 97.85453,19.61773 97.85425,19.61925 97.85280,19.62208 97.85219,19.62518 97.85330,19.62689 97.85499,19.62861 97.85734,19.63038 97.85889,19.63217 97.85919,19.63313 97.85857,19.63540 97.85663,19.63879 97.85373,19.64273 97.85243,19.64480 97.85090,19.64529 97.84849,19.64557 97.84173,19.64595 97.83888,19.64686 97.83655,19.64900 97.83503,19.65142 97.83336,19.65391 97.83074,19.65550 97.82825,19.65614 97.82650,19.65621 97.82518,19.65587 97.81605,19.65268 97.81006,19.65195 97.80962,19.65168 97.80560,19.65115 97.80546,19.65115 97.80283,19.65102 97.80268,19.65096 97.80246,19.65096 97.80118,19.65027 97.80099,19.65000 97.79981,19.64818 97.79783,19.64695 97.79634,19.64706 97.79500,19.64858 97.79263,19.65045 97.78702,19.65261 97.78353,19.65455 97.77926,19.65850 97.77548,19.66293 97.77014,19.66528 97.76459,19.66792 97.76169,19.66845 97.75667,19.66818 97.75357,19.67240 97.74674,19.67574 97.74513,19.67492 97.74461,19.67327 97.74518,19.67113 97.74582,19.66954 97.74698,19.66761 97.74697,19.66424 97.74674,19.66245 97.74350,19.65860 97.74215,19.65799 97.74029,19.65834 97.73854,19.65835 97.73736,19.65753 97.73590,19.65630 97.72948,19.65619 97.72620,19.65696 97.72452,19.65738 97.72054,19.65713 97.71902,19.65837 97.71757,19.65893 97.71623,19.65895 97.71535,19.65854 97.71425,19.65820 97.71213,19.65848 97.71081,19.65870 97.70796,19.65823 97.70606,19.65878 97.70343,19.66093 97.70067,19.66453 97.69790,19.66701 97.69775,19.66709 97.69541,19.66861 97.69323,19.67039 97.68953,19.66978 97.68748,19.66772 97.68563,19.66607 97.68378,19.66443 97.68070,19.66238 97.67843,19.66176 97.67597,19.66155 97.67249,19.66369 97.66959,19.66728 97.66850,19.66825 97.66689,19.66874 97.66493,19.67020 97.66238,19.67207 97.66055,19.67368 97.65664,19.67392 97.65582,19.67471 97.65397,19.67676 97.65089,19.67800 97.64802,19.67718 97.64432,19.67491 97.64062,19.67491 97.63548,19.67491 97.63239,19.67512 97.62931,19.67512 97.62628,19.67520 97.62613,19.67513 97.62644,19.67635 97.62417,19.67738 97.62109,19.67656 97.61719,19.68005 97.61374,19.67974 97.61164,19.68170 97.61086,19.68368 97.60929,19.68465 97.60814,19.68581 97.60588,19.68704 97.60526,19.69053 97.60362,19.69300 97.60485,19.69711 97.60505,19.70030 97.60338,19.70182 97.60124,19.70520 97.60019,19.70562 97.59992,19.70677 97.59724,19.70681 97.59629,19.70702 97.59527,19.70750 97.59484,19.70812 97.59448,19.70937 97.59404,19.70951 97.59353,19.70896 97.59287,19.70882 97.59236,19.70903 97.59178,19.70993 97.59179,19.71069 97.59121,19.71200 97.59085,19.71303 97.59130,19.71406 97.59210,19.71489 97.59291,19.71495 97.59342,19.71502 97.59342,19.71564 97.59292,19.71619 97.59176,19.71723 97.59110,19.71785 97.59015,19.71792 97.58862,19.71786 97.58430,19.71951 97.57866,19.71846 97.57640,19.71978 97.57517,19.72165 97.57482,19.72337 97.57432,19.72495 97.57403,19.72530 97.57286,19.72531 97.57191,19.72545 97.57068,19.72614 97.56900,19.72670 97.56791,19.72671 97.56688,19.72643 97.56593,19.72630 97.56455,19.72693 97.56266,19.72886 97.56177,19.73224 97.56159,19.73693 97.56147,19.74099 97.56222,19.74457 97.56188,19.74795 97.56047,19.75057 97.56075,19.75466 97.56122,19.75910 97.56209,19.76357 97.56349,19.76584 97.56593,19.76920 97.56777,19.77264 97.56776,19.77519 97.56828,19.77732 97.56925,19.77931 97.57110,19.78302 97.57176,19.78474 97.57300,19.78962 97.57463,19.79340 97.57685,19.79745 97.57782,19.80075 97.57801,19.80302 97.57826,19.80702 97.57862,19.81097 97.57917,19.81369 97.58086,19.81582 97.58298,19.81767 97.58475,19.81938 97.58564,19.82179 97.58630,19.82233 97.58769,19.82364 97.58917,19.82676 97.59086,19.82899 97.59248,19.83098 97.59169,19.83285 97.59023,19.83375 97.58950,19.83375 97.58746,19.83390 97.58578,19.83384 97.58469,19.83460 97.58320,19.83509 97.58170,19.83482 97.58078,19.83413 97.57833,19.83277 97.57606,19.83251 97.57394,19.83245 97.56942,19.83254 97.56274,19.83291 97.56041,19.83368 97.55924,19.83403 97.55837,19.83396 97.55629,19.83411 97.55486,19.83446 97.55355,19.83433 97.55252,19.83379 97.55092,19.83386 97.54938,19.83366 97.54924,19.83367 97.54821,19.83325 97.54687,19.83367 97.54636,19.83485 97.54623,19.83671 97.54544,19.83857 97.54450,19.83995 97.54421,19.84092 97.54408,19.84264 97.54386,19.84361 97.54322,19.84512 97.54167,19.84802 97.53942,19.85017 97.53724,19.85214 97.53491,19.85329 97.53342,19.85486 97.53194,19.85744 97.52955,19.86048 97.52847,19.86275 97.52784,19.86539 97.52894,19.86743 97.53094,19.87093 97.53303,19.87327 97.53568,19.87546 97.53773,19.87710 97.53855,19.87868 97.54053,19.88060 97.54002,19.88095 97.53863,19.88130 97.53724,19.88061 97.53556,19.88083 97.53396,19.88138 97.53266,19.88263 97.53107,19.88526 97.52918,19.88719 97.52716,19.88954 97.52557,19.89162 97.52295,19.89245 97.52077,19.89357 97.51866,19.89551 97.51692,19.89744 97.51444,19.89787 97.51108,19.89802 97.50889,19.89789 97.50656,19.89873 97.50424,19.90081 97.50162,19.90233 97.49914,19.90193 97.49737,19.90043 97.49648,19.89878 97.49603,19.89561 97.49455,19.89300 97.49094,19.88868 97.48802,19.88828 97.48378,19.88810 97.48159,19.88769 97.47954,19.88626 97.47738,19.88634 97.47556,19.88634 97.47460,19.88576 97.47328,19.88484 97.47167,19.88409 97.46802,19.88301 97.46359,19.88158 97.45869,19.88119 97.45672,19.88058 97.45431,19.88025 97.45219,19.88088 97.45103,19.88116 97.44803,19.88138 97.44639,19.88118 97.44515,19.88065 97.44286,19.87966 97.44300,19.88088 97.44366,19.88511 97.44324,19.88820 97.44192,19.89037 97.44007,19.89227 97.43772,19.89487 97.43592,19.89810 97.43527,19.90006 97.43387,19.90125 97.43225,19.90308 97.42973,19.90400 97.42832,19.90436 97.42692,19.90584 97.42575,19.90766 97.42405,19.90851 97.42038,19.90922 97.41849,19.90930 97.41611,19.90911 97.41245,19.90996 97.40890,19.91145 97.40554,19.91405 97.40288,19.91672 97.40118,19.91722 97.39985,19.91772 97.39911,19.91884 97.39898,19.92080 97.39896,19.92297 97.39845,19.92409 97.39720,19.92571 97.39668,19.92683 97.39596,19.92928 97.39441,19.93083 97.39308,19.93181 97.38756,19.93783 97.38878,19.94331 97.38512,19.95640 97.38025,19.95579 97.37629,19.95366 97.36899,19.95001 97.36107,19.94970 97.35108,19.94671 97.35099,19.94475 97.35031,19.94223 97.34826,19.94021 97.34773,19.93937 97.34742,19.93756 97.34727,19.93728 97.34575,19.93666 97.34336,19.93551 97.34154,19.93443 97.34139,19.93444 97.33845,19.93340 97.33671,19.93271 97.33525,19.93118 97.33375,19.92642 97.33674,19.92270 97.33771,19.91559 97.33586,19.91189 97.33296,19.90555 97.32942,19.89755 97.32765,19.89882 97.32572,19.89924 97.32475,19.89883 97.32320,19.89912 97.32148,19.89863 97.32038,19.89919 97.31817,19.89991 97.31537,19.90118 97.31477,19.90141 97.31314,19.89974 97.30971,19.89736 97.30733,19.89657 97.29994,19.89656 97.29905,19.89674 97.29780,19.89758 97.29654,19.89763 97.29505,19.89665 97.29374,19.89516 97.29244,19.89387 97.29092,19.89360 97.28970,19.89423 97.28859,19.89473 97.28777,19.89466 97.28681,19.89390 97.28584,19.89362 97.28451,19.89412 97.28010,19.89456 97.27402,19.89459 97.27257,19.89383 97.27044,19.89230 97.26851,19.89133 97.26606,19.89085 97.26532,19.89121 97.26362,19.89297 97.26235,19.89311 97.26146,19.89284 97.26049,19.89228 97.25893,19.89180 97.25707,19.89229 97.25477,19.89308 97.25225,19.89435 97.25059,19.89596 97.24860,19.89758 97.24690,19.89850 97.24526,19.89851 97.24393,19.89837 97.24308,19.89894 97.24175,19.89943 97.24049,19.89944 97.23886,19.89938 97.23812,19.90001 97.23495,19.90106 97.23395,19.90509 97.23046,19.90555 97.22692,19.90181 97.22566,19.90314 97.22464,19.90497 97.22383,19.90581 97.22257,19.90638 97.22184,19.90757 97.22201,19.91009 97.22221,19.91352 97.22299,19.91911 97.22286,19.92128 97.22206,19.92290 97.22159,19.92605 97.22139,19.92941 97.22036,19.93043 97.21948,19.93159 97.21704,19.93539 97.22100,19.94118 97.21978,19.94635 97.21948,19.94970 97.22010,19.95593 97.21593,19.95706 97.21461,19.96050 97.21541,19.96552 97.21488,19.97001 97.21276,19.97318 97.21039,19.97872 97.21012,19.98401 97.20959,19.98612 97.20926,19.98936 97.20629,19.98853 97.20008,19.98903 97.19094,19.98944 97.19006,19.99183 97.18976,19.99283 97.18635,19.99299 97.18199,19.99312 97.17782,19.99230 97.17590,19.99273 97.17457,19.99442 97.17191,19.99583 97.16891,19.99669 97.16125,19.99299 97.15201,19.99088 97.14711,19.99245 97.14435,19.98691 97.14778,19.98110 97.15229,19.97740 97.15205,19.97636 97.14981,19.97585 97.14738,19.97609 97.14975,19.97254 97.15458,19.96667 97.15705,19.95579 97.15492,19.94848 97.14548,19.93813 97.14579,19.92839 97.14993,19.92624 97.15023,19.92537 97.15080,19.92372 97.14092,19.90311 97.14213,19.89763 97.14670,19.88667 97.14940,19.87951 97.14774,19.87616 97.14742,19.87224 97.14769,19.86860 97.14777,19.86520 97.15142,19.85911 97.15386,19.85120 97.15964,19.84511 97.15995,19.83841 97.16171,19.83551 97.15949,19.83566 97.15756,19.83609 97.15534,19.83610 97.15236,19.83457 97.15233,19.83454 97.14685,19.83293 97.14655,19.82592 97.14350,19.81709 97.13711,19.80522 97.13406,19.79913 97.14290,19.78360 97.14942,19.78421 97.15207,19.78070 97.15240,19.77943 97.14959,19.77264 97.15304,19.77062 97.15452,19.77019 97.15853,19.76961 97.15956,19.76891 97.15926,19.76793 97.15791,19.76626 97.15389,19.76348 97.14868,19.76140 97.14388,19.76436 97.14063,19.76788 97.13930,19.76774 97.13888,19.76729 97.13840,19.76677 97.13675,19.76468 97.13508,19.76259 97.12310,19.75558 97.11610,19.75071 97.11854,19.74066 97.12280,19.73275 97.12804,19.71504 97.11488,19.71052 97.09398,19.71450 97.09205,19.71353 97.08474,19.71052 97.07316,19.70077 97.06129,19.69560 97.04972,19.69225 97.03053,19.69103 97.01531,19.69072 97.01440,19.68707 97.01257,19.68220 97.01287,19.67854 97.00892,19.67337 97.01196,19.66484 97.01653,19.65418 97.01573,19.64966 97.01105,19.65114 97.01044,19.64627 97.00587,19.64018 96.99674,19.63896 96.98547,19.64079 96.98000,19.63806 96.97962,19.63798 96.97662,19.63650 96.97449,19.63532 96.97094,19.63341 96.96874,19.63213 96.96627,19.63031 96.96400,19.62831 96.96039,19.62388 96.95831,19.62094 96.95567,19.61674 96.95398,19.61366 96.95287,19.60961 96.95202,19.60698 96.95109,19.60474 96.94993,19.60051 96.94924,19.59751 96.94787,19.59538 96.94722,19.59241 96.94663,19.59003 96.94632,19.58827 96.94480,19.58639 96.94271,19.58456 96.94047,19.58249 96.93694,19.57929 96.93302,19.57662 96.92898,19.57366 96.92603,19.57203 96.92581,19.57200 96.92501,19.57218 96.92485,19.57223 96.92385,19.57319 96.92242,19.57483 96.92170,19.57627 96.92053,19.57827 96.91878,19.57870 96.91665,19.57846 96.91444,19.57787 96.91350,19.57772 96.91271,19.57758 96.91199,19.57698 96.91184,19.57671 96.91224,19.57549 96.91235,19.57522 96.91250,19.57423 96.91142,19.57334 96.91133,19.57320 96.91102,19.57130 96.91097,19.56808 96.90959,19.56489 96.90773,19.56232 96.90563,19.56050 96.90320,19.55882 96.90236,19.55867 96.90217,19.55866 96.90103,19.55862 96.90080,19.55860 96.89964,19.55815 96.89871,19.55708 96.89869,19.55691 96.89838,19.55596 96.89838,19.55578 96.89882,19.55371 96.89973,19.55226 96.90128,19.55008 96.90278,19.54812 96.90395,19.54571 96.90475,19.54381 96.90531,19.54190 96.90535,19.54174 96.90549,19.54002 96.90550,19.53600 96.90550,19.53586 96.90586,19.53435 96.90657,19.53306 96.90788,19.53211 96.90854,19.53190 96.90872,19.53150 96.90833,19.53102 96.90825,19.53089 96.90739,19.53054 96.90592,19.53016 96.90297,19.52946 96.90166,19.52913 96.89711,19.53220 96.89447,19.53220 96.88734,19.52929 96.87862,19.52454 96.87841,19.52223 96.87747,19.52236 96.87608,19.52239 96.87510,19.51990 96.87424,19.51755 96.87365,19.51553 96.87313,19.51297 96.87312,19.51045 96.87319,19.50799 96.87360,19.50727 96.87470,19.50658 96.87656,19.50540 96.87930,19.50399 96.88864,19.49584 96.89655,19.49280 96.90630,19.48488 96.90995,19.48062 96.90843,19.47331 96.90264,19.47148 96.90295,19.46753 96.90617,19.46336 96.90619,19.46304 96.90707,19.46219 96.90869,19.46065 96.91183,19.45902 96.91482,19.45733 96.91795,19.45509 96.91814,19.45502 96.92095,19.45407 96.92217,19.45347 96.92243,19.45324 96.92350,19.45222 96.92364,19.45213 96.92468,19.45155 96.92569,19.45181 96.92710,19.45283 96.92861,19.45397 96.93064,19.45629 96.93294,19.45843 96.93503,19.46061 96.93560,19.46105 96.93648,19.46077 96.93780,19.45960 96.93887,19.45902 96.94301,19.45783 96.94390,19.45744 96.94552,19.45599 96.94596,19.45453 96.94614,19.45154 96.94616,19.44996 96.94661,19.44884 96.95650,19.44103 96.96176,19.43509 96.96450,19.43053 96.96587,19.42710 96.96358,19.42253 96.96344,19.42232 96.95970,19.41682 96.95354,19.41431 96.94920,19.41089 96.94143,19.40632 96.93022,19.40133 96.92705,19.40186 96.92484,19.40217 96.92322,19.40205 96.92207,19.40168 96.92194,19.40160 96.92044,19.40053 96.91933,19.39893 96.91836,19.39696 96.91730,19.39580 96.91491,19.39343 96.91367,19.39153 96.91192,19.38980 96.90877,19.38786 96.90577,19.38600 96.90392,19.38432 96.90251,19.38229 96.90219,19.38039 96.90224,19.38002 96.90225,19.37988 96.90180,19.37997 96.90076,19.38022 96.89887,19.38052 96.89853,19.38052 96.89755,19.38008 96.89575,19.37851 96.89560,19.37837 96.89260,19.37591 96.89192,19.37488 96.89181,19.37402 96.88868,19.37457 96.88868,19.36955 96.88746,19.36533 96.88498,19.36559 96.88315,19.36575 96.88262,19.36553 96.88255,19.36458 96.88168,19.36322 96.88074,19.36231 96.88074,19.36205 96.88081,19.36165 96.88090,19.36146 96.88022,19.35951 96.87890,19.35793 96.87623,19.35661 96.87509,19.35588 96.87477,19.35523 96.87482,19.35411 96.87492,19.35397 96.87597,19.35297 96.87821,19.35213 96.88067,19.34759 96.88344,19.34561 96.88585,19.33767 96.88456,19.33591 96.88260,19.33381 96.87958,19.33122 96.87711,19.32903 96.87485,19.32627 96.87367,19.32450 96.87240,19.32146 96.87105,19.31928 96.86675,19.31794 96.86333,19.31405 96.86378,19.30789 96.86241,19.30515 96.86657,19.30058 96.86646,19.29980 96.86620,19.29943 96.86604,19.29943 96.86514,19.29938 96.86495,19.29938 96.86417,19.29932 96.86298,19.29932 96.86279,19.29932 96.86115,19.29977 96.85926,19.30050 96.85817,19.30176 96.85718,19.30351 96.85627,19.30610 96.85569,19.30724 96.85416,19.30964 96.85260,19.31175 96.85075,19.31246 96.84918,19.31317 96.84439,19.31722 96.84172,19.31950 96.83933,19.32197 96.83765,19.32412 96.83683,19.32518 96.83667,19.32543 96.83604,19.32665 96.83600,19.32680 96.83628,19.32741 96.83721,19.32896 96.83417,19.33269 96.83507,19.33405 96.83718,19.33880 96.83613,19.34170 96.83270,19.34908 96.83085,19.35356 96.82521,19.36131 96.82296,19.36394 96.82124,19.36551 96.81870,19.36680 96.81746,19.36777 96.81741,19.36894 96.81763,19.37042 96.81398,19.37334 96.81477,19.37861 96.81161,19.38204 96.80802,19.38927 96.80549,19.39234 96.80432,19.39417 96.80321,19.39722 96.80250,19.40013 96.80199,19.40279 96.80197,19.40304 96.80131,19.40415 96.80118,19.40433 96.80029,19.40475 96.79785,19.40476 96.79051,19.40788 96.78281,19.40696 96.78238,19.40757 96.78141,19.40951 96.78007,19.41118 96.77564,19.41481 96.77229,19.41734 96.76955,19.42020 96.76763,19.42230 96.76682,19.42456 96.76678,19.42605 96.76642,19.42846 96.76613,19.43087 96.76467,19.43218 96.76261,19.43339 96.76034,19.43444 96.75820,19.43499 96.74938,19.43794 96.74285,19.43862 96.73584,19.44284 96.73493,19.44382 96.73480,19.44392 96.73311,19.44448 96.72776,19.44849 96.70957,19.45112 96.69823,19.45139 96.69037,19.44994 96.68531,19.44901 96.69005,19.45982 96.69028,19.46949 96.68896,19.46919 96.68678,19.46910 96.68538,19.46956 96.68345,19.47134 96.68166,19.47355 96.68033,19.47614 96.67874,19.47854 96.67752,19.48050 96.67668,19.48297 96.67625,19.48491 96.67505,19.48768 96.67430,19.49085 96.67381,19.49365 96.67379,19.49382 96.67303,19.49613 96.67138,19.49758 96.66842,19.50144 96.66728,19.50302 96.66685,19.50456 96.66685,19.50489 96.66711,19.50653 96.66715,19.50669 96.66797,19.50906 96.66822,19.51005 96.66816,19.51240 96.66821,19.51430 96.66821,19.51445 96.66885,19.51550 96.67040,19.51652 96.67324,19.51738 96.67449,19.51771 96.67467,19.51776 96.67536,19.51844 96.67547,19.51860 96.67522,19.51932 96.67514,19.51948 96.67424,19.52036 96.67380,19.52062 96.67194,19.52272 96.67119,19.52454 96.67070,19.52646 96.67027,19.52833 96.66941,19.53041 96.66813,19.53247 96.66721,19.53392 96.66555,19.53553 96.66344,19.53764 96.66276,19.53867 96.66224,19.53982 96.66179,19.54299 96.66133,19.54632 96.66036,19.54882 96.65853,19.55037 96.65841,19.55046 96.65816,19.55061 96.65709,19.55111 96.65693,19.55111 96.65596,19.55203 96.65576,19.55277 96.65562,19.55495 96.65551,19.55978 96.65575,19.56202 96.65524,19.56518 96.65397,19.56751 96.65187,19.57095 96.65176,19.57111 96.65050,19.57331 96.64879,19.57626 96.64792,19.57703 96.64777,19.57713 96.64623,19.57759 96.64177,19.57815 96.63942,19.57859 96.63731,19.57889 96.63485,19.57882 96.63191,19.57808 96.62928,19.57638 96.62767,19.57543 96.62513,19.57310 96.62494,19.57292 96.62403,19.57269 96.62376,19.57269 96.62261,19.57275 96.62081,19.57320 96.61965,19.57387 96.61795,19.57501 96.61691,19.57540 96.61530,19.57549 96.61376,19.57594 96.61214,19.57712 96.61083,19.57837 96.61036,19.57852 96.60913,19.57828 96.60890,19.57827 96.60785,19.57816 96.60668,19.57867 96.60500,19.57932 96.60234,19.57935 96.60124,19.57907 96.60027,19.57823 96.59735,19.57607 96.59681,19.57578 96.59662,19.57578 96.59566,19.57609 96.59370,19.57694 96.59117,19.57760 96.58881,19.57837 96.58664,19.57946 96.58529,19.58122 96.58460,19.58268 96.58392,19.58397 96.58220,19.58520 96.58024,19.58534 96.57865,19.58509 96.57643,19.58394 96.57547,19.58389 96.57386,19.58417 96.57147,19.58587 96.57005,19.58696 96.56792,19.58746 96.56773,19.58748 96.56496,19.58769 96.56278,19.58740 96.55946,19.58658 96.55855,19.58654 96.55800,19.58682 96.55657,19.58782 96.55341,19.59016 96.55332,19.59029 96.55183,19.59206 96.55167,19.59225 96.55158,19.59242 96.55124,19.59342 96.55128,19.59358 96.55174,19.59530 96.55335,19.59827 96.55343,19.59842 96.55354,19.59914 96.55354,19.59932 96.55308,19.59960 96.55275,19.59967 96.55101,19.60016 96.54910,19.60100 96.54786,19.60178 96.54777,19.60194 96.54765,19.60208 96.54749,19.60286 96.54749,19.60300 96.54760,19.60354 96.54877,19.60460 96.55089,19.60608 96.55138,19.60680 96.55113,19.60765 96.55050,19.60825 96.54834,19.60942 96.54646,19.61053 96.54550,19.61199 96.54542,19.61213 96.54507,19.61374 96.54517,19.61609 96.54539,19.61717 96.54551,19.61746 96.54771,19.61737 96.54931,19.61725 96.55157,19.61842 96.55306,19.61944 96.55649,19.62262 96.55778,19.62360 96.56023,19.62539 96.56246,19.62656 96.56405,19.62769 96.56549,19.62914 96.56647,19.62977 96.56821,19.63015 96.57035,19.63032 96.57182,19.63076 96.57340,19.63683 96.57645,19.63918 96.57973,19.64293 96.58582,19.64902 96.59397,19.65621 96.60386,19.65716 96.61278,19.66131 96.61724,19.66163 96.61501,19.66545 96.61786,19.66776 96.61859,19.66837 96.61980,19.66909 96.62312,19.67028 96.62583,19.67121 96.62888,19.67241 96.63154,19.67334 96.63352,19.67389 96.63634,19.67378 96.63804,19.67350 96.63946,19.67319 96.64071,19.67327 96.64387,19.67481 96.64546,19.67631 96.64725,19.67856 96.64894,19.68127 96.65018,19.68370 96.65085,19.68525 96.65202,19.68681 96.65483,19.68878 96.65701,19.68972 96.65697,19.69036 96.65666,19.69269 96.65607,19.69503 96.65491,19.69689 96.65294,19.69925 96.65195,19.70032 96.65133,19.70208 96.65099,19.70362 96.65038,19.70517 96.64915,19.70631 96.64821,19.70712 96.64556,19.70912 96.64376,19.71112 96.64152,19.71347 96.63901,19.71550 96.63723,19.71754 96.63711,19.71768 96.63676,19.71850 96.63632,19.72099 96.63576,19.72231 96.63447,19.72457 96.63295,19.72603 96.63122,19.72727 96.62810,19.72825 96.62562,19.72845 96.62020,19.72803 96.61589,19.72763 96.61407,19.72805 96.61204,19.72893 96.60987,19.73017 96.60735,19.73230 96.60644,19.73374 96.60595,19.73506 96.60562,19.73722 96.60504,19.73920 96.60426,19.74070 96.60404,19.74182 96.60378,19.74466 96.60296,19.74732 96.60181,19.74954 96.59934,19.75247 96.59704,19.75580 96.59513,19.75752 96.59282,19.75932 96.59004,19.76135 96.58758,19.76309 96.58485,19.76429 96.58352,19.76550 96.58306,19.76682 96.58265,19.76913 96.58213,19.77175 96.58066,19.77397 96.57949,19.77482 96.57753,19.77632 96.57474,19.77780 96.57070,19.77992 96.56867,19.78081 96.56585,19.78377 96.56260,19.78827 96.56059,19.79103 96.55976,19.79286 96.55918,19.79696 96.55895,19.79886 96.55824,19.80232 96.55737,19.80486 96.55623,19.80658 96.55504,19.80776 96.55275,19.80918 96.55169,19.81072 96.55118,19.81197 96.55115,19.81330 96.55128,19.81554 96.55213,19.81886 96.55297,19.82099 96.55393,19.82396 96.55364,19.82619 96.55312,19.82759 96.55218,19.82966 96.55182,19.83125 96.55089,19.83282 96.54944,19.83447 96.54741,19.83618 96.54481,19.83827 96.54315,19.83999 96.53990,19.84316 96.53495,19.84747 96.53295,19.84860 96.53006,19.85023 96.52756,19.85194 96.52550,19.85379 96.52303,19.85690 96.52139,19.85814 96.51940,19.85921 96.51767,19.85991 96.51267,19.85975 96.50823,19.85935 96.50376,19.85949 96.50189,19.85915 96.49822,19.85760 96.49534,19.85591 96.49427,19.85554 96.49217,19.85556 96.48679,19.85558 96.48396,19.85552 96.48177,19.85506 96.47800,19.85373 96.47367,19.85197 96.47256,19.85180 96.46995,19.85182 96.46685,19.85168 96.46113,19.85166 96.45686,19.85104 96.45446,19.85005 96.45392,19.85004 96.45354,19.85043 96.45276,19.85248 96.45146,19.85463 96.45045,19.85634 96.44810,19.85931 96.44642,19.86106 96.44464,19.86328 96.44378,19.86507 96.44363,19.86727 96.44402,19.87011 96.44419,19.87296 96.44403,19.87523 96.44386,19.87695 96.44441,19.87995 96.44581,19.88328 96.44713,19.88540 96.44736,19.88742 96.44742,19.88879 96.44755,19.88895 96.44871,19.88972 96.45027,19.89070 96.45319,19.89261 96.45501,19.89365 96.45509,19.89379 96.45513,19.89396 96.45520,19.89439 96.45519,19.89464 96.45473,19.89511 96.45379,19.89542 96.45213,19.89580 96.45115,19.89630 96.45000,19.89729 96.44967,19.89916 96.44974,19.90060 96.44906,19.90148 96.44896,19.90161 96.44759,19.90209 96.44681,19.90295 96.44611,19.90446 96.44534,19.90528 96.44369,19.90602 96.44331,19.90631 96.44185,19.90687 96.44146,19.90787 96.44122,19.90917 96.44159,19.91083 96.44233,19.91343 96.44201,19.91519 96.44139,19.91586 96.44008,19.91657 96.43928,19.91714 96.43812,19.91857 96.43688,19.92022 96.43542,19.92121 96.43273,19.92342 96.43034,19.92570 96.42876,19.92720 96.42668,19.92927 96.42414,19.93155 96.42222,19.93290 96.42144,19.93433 96.42081,19.93649 96.42034,19.93785 96.41972,19.93871 96.41914,19.93971 96.41699,19.94077 96.41491,19.94262 96.41321,19.94563 96.41158,19.94843 96.41068,19.94993 96.40761,19.95257 96.40492,19.95505 96.40368,19.95620 96.40125,19.95805 96.39672,19.96089 96.39372,19.96338 96.39299,19.96453 96.39269,19.96622 96.39266,19.96639 96.39203,19.96855 96.39126,19.96977 96.39041,19.97135 96.38825,19.97341 96.38739,19.97513 96.38642,19.97678 96.38511,19.97850 96.38361,19.97935 96.38158,19.98048 96.37981,19.98190 96.37834,19.98362 96.37787,19.98498 96.37752,19.98628 96.37765,19.98844 96.37755,19.99103 96.37723,19.99225 96.37607,19.99375 96.37422,19.99561 96.37317,19.99726 96.37267,20.00016 96.37255,20.00027 96.37234,20.00044 96.37215,20.00060 96.36685,20.00816 96.36349,20.01300 96.36391,20.01635 96.36678,20.01811 96.36927,20.02089 96.37106,20.02433 96.37789,20.02385 96.38988,20.02068 96.39033,20.02049 96.39523,20.01937 96.39712,20.02169 96.39722,20.02188 96.39722,20.02215 96.39911,20.02513 96.39911,20.02550 96.40131,20.02898 96.40260,20.03051 96.40517,20.02986 96.41329,20.02455 96.42032,20.02035 96.42518,20.01877 96.42845,20.01951 96.43138,20.02159 96.43332,20.02461 96.43591,20.02628 96.43591,20.02656 96.43869,20.02786 96.43869,20.02814 96.44117,20.02962 96.44117,20.02990 96.44371,20.03272 96.44457,20.03733 96.44547,20.03928 96.44557,20.03946 96.44557,20.03965 96.44647,20.04211 96.44390,20.04783 96.44302,20.05188 96.44550,20.05201 96.45135,20.05182 96.45651,20.05274 96.46206,20.05394 96.46216,20.05408 96.46781,20.05597 96.46881,20.05746 96.46932,20.06234 96.47061,20.06443 96.47071,20.06461 96.47339,20.06717 96.47584,20.07000 96.47312,20.07232 96.47292,20.07260 96.47267,20.07274 96.46881,20.07591 96.46570,20.08093 96.46412,20.08526 96.46402,20.08554 96.46373,20.08572 96.46115,20.08777 96.46056,20.08814 96.45669,20.08889 96.45620,20.08889 96.45283,20.08927 96.45532,20.09438 96.45602,20.09735 96.45603,20.09772 96.45336,20.10655 96.45219,20.11223 96.44929,20.11869 96.44746,20.12078 96.44716,20.12088 96.44687,20.12106 96.44360,20.12307 96.44331,20.12586 96.44164,20.13130 96.44105,20.13632 96.44090,20.13641 96.44225,20.13854 96.44533,20.14035 96.44812,20.14532 96.44936,20.14783 96.45214,20.14950 96.45551,20.15135 96.45561,20.15168 96.45779,20.15339 96.46042,20.15413 96.46600,20.15190 96.47125,20.15300 96.47562,20.15643 96.48058,20.15959 96.48197,20.16093 96.48584,20.16274 96.48863,20.16594 96.48962,20.16854 96.48969,20.17324 96.48845,20.17696 96.48845,20.17733 96.48876,20.17956 96.48876,20.17993 96.49095,20.18141 96.49492,20.18308 96.49730,20.18429 96.49879,20.18605 96.50098,20.18763 96.50208,20.19037 96.50466,20.19283 96.50476,20.19307 96.50685,20.19505 96.50685,20.19552 96.50844,20.19691 96.51133,20.19774 96.51441,20.19978 96.51879,20.20415 96.52038,20.20619 96.52048,20.20642 96.52247,20.20837 96.52407,20.21024 96.52426,20.21046 96.52851,20.20868 96.52861,20.20850 96.53177,20.20738 96.53346,20.20779 96.53565,20.21007 96.53565,20.21053 96.53868,20.21397 96.54142,20.21620 96.54321,20.21773 96.54520,20.22000 96.54525,20.22019 96.54654,20.22157 96.54679,20.22186 96.54323,20.22530 96.54136,20.22837 96.54146,20.23088 96.53969,20.23572 96.53682,20.24102 96.53485,20.24492 96.53475,20.24506 96.53372,20.24990 96.53278,20.25338 96.53328,20.25496 96.53328,20.25543 96.53205,20.25831 96.52835,20.26296 96.52567,20.26669 96.52181,20.26837 96.52162,20.26860 96.52122,20.27027 96.52212,20.27208 96.52232,20.27227 96.52560,20.27505 96.52699,20.27775 96.52700,20.27793 96.52516,20.27942 96.52278,20.28091 96.51826,20.28343 96.51602,20.28538 96.51592,20.28571 96.51653,20.28975 96.51552,20.29296 96.51315,20.29524 96.51275,20.29524 96.51127,20.29691 96.50871,20.30277 96.50597,20.30649 96.50350,20.30836 96.50320,20.30864 96.50043,20.31175 96.49646,20.31543 96.49469,20.31952 96.49430,20.32315 96.49431,20.32798 96.49581,20.33132 96.49690,20.33374 96.49690,20.33402 96.49934,20.33611 96.50028,20.33801 96.50009,20.33819 96.49870,20.33829 96.49840,20.33829 96.49602,20.33709 96.49582,20.33709 96.49434,20.33769 96.49553,20.33932 96.49772,20.34136 96.49782,20.34303 96.49654,20.34545 96.49446,20.34815 96.49431,20.34824 96.49427,20.35094 96.49355,20.35431 96.49211,20.35605 96.49191,20.35615 96.49172,20.35633 96.48835,20.35773 96.48805,20.35792 96.48785,20.35801 96.48548,20.36006 96.48518,20.36025 96.48458,20.36043 96.48271,20.36285 96.48261,20.36299 96.48112,20.36490 96.47755,20.36704 96.47716,20.36704 96.47478,20.36928 96.47478,20.36946 96.47458,20.36965 96.47361,20.37448 96.47341,20.37485 96.47341,20.37504 96.47402,20.38117 96.47402,20.38136 96.47205,20.38582 96.46969,20.39084 96.46871,20.39494 96.46873,20.40237 96.46676,20.40944 96.46697,20.41520 96.46519,20.41762 96.46480,20.41836 96.46243,20.42190 96.46223,20.42209 96.46125,20.42673 96.46126,20.42692 96.46325,20.43045 96.46543,20.43100 96.47038,20.43044 96.47118,20.43229 96.46901,20.43583 96.46764,20.44122 96.46686,20.44550 96.46686,20.44606 96.46449,20.45052 96.46449,20.45090 96.46628,20.45424 96.46628,20.45442 96.46867,20.45758 96.46867,20.45777 96.46948,20.46204 96.46967,20.46204 96.47087,20.46575 96.47088,20.46613 96.47347,20.47058 96.47625,20.47486 96.48003,20.47727 96.48003,20.47745 96.48955,20.47762 96.49511,20.47948 96.49518,20.47988 96.49630,20.48609 96.49651,20.48728 96.49494,20.49044 96.49474,20.49063 96.49474,20.49082 96.49039,20.49491 96.49019,20.49528 96.48862,20.49975 96.48862,20.49993 96.49042,20.50532 96.49241,20.50829 96.50004,20.51032 96.50074,20.51051 96.50414,20.51144 96.50969,20.51236 96.51405,20.50975 96.51682,20.50900 96.52218,20.51104 96.52812,20.50862 96.53327,20.50656 96.53683,20.50711 96.54160,20.50989 96.54359,20.51249 96.54359,20.51380 96.54639,20.52216 96.54641,20.52880 96.54642,20.53145 96.54643,20.53796 96.54564,20.54335 96.54526,20.54893 96.54526,20.54911 96.54448,20.55320 96.54490,20.56008 96.54490,20.56027 96.54352,20.56584 96.54665,20.57470 96.55107,20.58024 96.55174,20.58931 96.55284,20.59751 96.54709,20.59662 96.54067,20.59728 96.53381,20.58909 96.52783,20.58378 96.52710,20.57832 96.52452,20.57758 96.52412,20.57758 96.52392,20.57740 96.52372,20.57740 96.52015,20.57777 96.52009,20.57764 96.51698,20.57926 96.51698,20.57945 96.51679,20.57945 96.51382,20.58354 96.51382,20.58373 96.51166,20.58987 96.51444,20.59358 96.51485,20.59786 96.51328,20.60195 96.50911,20.60512 96.50039,20.60587 96.49960,20.60587 96.49187,20.60626 96.49087,20.60626 96.48493,20.60850 96.48434,20.60868 96.48374,20.60906 96.47979,20.61371 96.47939,20.61371 96.47901,20.61743 96.47545,20.62227 96.47229,20.62394 96.47091,20.62915 96.46934,20.63547 96.46934,20.63566 96.46638,20.64198 96.46638,20.64217 96.46352,20.64607 96.46045,20.64905 96.45590,20.65203 96.45253,20.65381 96.45233,20.65529 96.45234,20.65836 96.44930,20.66887 96.44547,20.67698 96.44281,20.68274 96.44473,20.68548 96.44340,20.68812 96.44264,20.69077 96.43927,20.69248 96.43994,20.69669 96.44312,20.69667 96.45482,20.69684 96.45681,20.69855 96.45849,20.70030 96.45920,20.70106 96.46069,20.70342 96.46069,20.70370 96.46139,20.70691 96.45892,20.70873 96.45903,20.71100 96.45993,20.71402 96.46003,20.71416 96.46187,20.71611 96.46361,20.71848 96.46361,20.71866 96.46431,20.72089 96.46431,20.72108 96.46332,20.72154 96.46029,20.72201 96.45698,20.72416 96.45678,20.72448 96.45559,20.72648 96.45559,20.72676 96.45501,20.73067 96.45611,20.73345 96.45840,20.73624 96.45840,20.73643 96.46049,20.73953 96.46367,20.74376 96.46715,20.74589 96.46963,20.74626 96.47241,20.74728 96.47509,20.74848 96.47856,20.75015 96.48313,20.75368 96.48414,20.75702 96.48315,20.76018 96.48099,20.76520 96.48079,20.76520 96.48039,20.76539 96.47862,20.76930 96.48418,20.77300 96.48933,20.77542 96.49270,20.77643 96.49727,20.77931 96.49976,20.78032 96.50383,20.78199 96.50770,20.78375 96.51175,20.78440 96.51493,20.78337 96.51493,20.78319 96.51884,20.78025 96.52027,20.77742 96.52439,20.77518 96.52979,20.77536 96.53345,20.77657 96.53509,20.77711 96.53905,20.77822 96.53945,20.77822 96.54202,20.77812 96.54222,20.77812 96.54623,20.77849 96.55114,20.77969 96.55134,20.77969 96.55564,20.77959 96.56080,20.78079 96.56392,20.78256 96.56400,20.78299 96.56453,20.78683 96.56464,20.78999 96.56357,20.79929 96.56398,20.80235 96.56398,20.80328 96.56448,20.80607 96.56449,20.80635 96.56458,20.80658 96.56315,20.80905 96.56252,20.81174 96.56297,20.81472 96.56383,20.81788 96.56392,20.81801 96.56482,20.82048 96.56196,20.82374 96.55939,20.82569 96.55999,20.82764 96.56267,20.82977 96.56574,20.83098 96.56822,20.83144 96.56872,20.83413 96.57052,20.83571 96.57359,20.83692 96.57415,20.83794 96.57499,20.83947 96.57510,20.84230 96.57514,20.84330 96.57520,20.84505 96.57432,20.84797 96.57432,20.84834 96.57404,20.85160 96.57502,20.85373 96.57524,20.85885 96.57554,20.86233 96.57476,20.86545 96.57355,20.87139 96.56358,20.87801 96.55942,20.88142 96.55745,20.88304 96.55745,20.88322 96.55369,20.88713 96.55369,20.88732 96.55152,20.89067 96.55152,20.89104 96.54974,20.89309 96.54974,20.89327 96.54880,20.89274 96.54676,20.89160 96.54338,20.88789 96.53763,20.88604 96.53743,20.88604 96.53723,20.88585 96.53168,20.88642 96.53148,20.88642 96.52831,20.88810 96.52811,20.88791 96.52791,20.88791 96.52315,20.88699 96.52295,20.88680 96.51940,20.89350 96.51882,20.90057 96.51666,20.90596 96.51133,20.91638 96.50748,20.92138 96.50401,20.92091 96.49578,20.92119 96.49508,20.92049 96.49488,20.92031 96.49458,20.92012 96.49259,20.91919 96.49205,20.91840 96.49190,20.91817 96.49170,20.91657 96.49149,20.91492 96.49129,20.91445 96.48926,20.91279 96.48911,20.91269 96.48633,20.91060 96.48414,20.90944 96.48394,20.90935 96.48364,20.90907 96.48196,20.90870 96.48156,20.90861 96.48017,20.90917 96.47819,20.90918 96.47680,20.90806 96.47660,20.90797 96.47372,20.90714 96.47333,20.90686 96.47154,20.90565 96.47134,20.90500 96.46885,20.90268 96.46885,20.90250 96.46806,20.90268 96.46786,20.90269 96.46568,20.90464 96.46549,20.90464 96.46336,20.90706 96.45930,20.90939 96.45440,20.91107 96.44736,20.91164 96.44191,20.91332 96.43716,20.91620 96.43384,20.91807 96.43380,20.92095 96.43440,20.92378 96.43411,20.92699 96.43224,20.93080 96.43145,20.93364 96.43047,20.93750 96.43037,20.93768 96.42772,20.94300 96.42300,20.94374 96.42275,20.94364 96.42166,20.94244 96.42126,20.94207 96.42027,20.94123 96.42007,20.94114 96.41937,20.94086 96.41798,20.93965 96.41570,20.93910 96.41302,20.93902 96.41052,20.94013 96.40786,20.93829 96.40581,20.93726 96.40417,20.93480 96.40048,20.93317 96.39451,20.93123 96.39416,20.93104 96.39213,20.92900 96.38989,20.92947 96.38910,20.92947 96.38772,20.93078 96.38782,20.93319 96.38595,20.93543 96.38545,20.93571 96.38287,20.93617 96.38267,20.93627 96.38149,20.93785 96.38129,20.93808 96.38120,20.94008 96.38062,20.94259 96.37734,20.94238 96.37242,20.94525 96.36853,20.94504 96.36628,20.94504 96.36403,20.94197 96.35768,20.94136 96.34333,20.94320 96.34288,20.94329 96.33877,20.94534 96.33655,20.94869 96.33358,20.95093 96.32779,20.95336 96.32739,20.95336 96.32224,20.95606 96.31154,20.96053 96.31095,20.96072 96.30501,20.96333 96.30441,20.96370 96.30422,20.96370 96.30422,20.96389 96.29867,20.96724 96.29788,20.96762 96.29392,20.96855 96.28836,20.96856 96.28320,20.96727 96.28300,20.96727 96.27844,20.96690 96.27825,20.96690 96.27368,20.96728 96.27190,20.96728 96.26754,20.96877 96.26734,20.96896 96.26734,20.96915 96.26180,20.97325 96.26180,20.97418 96.25785,20.97846 96.25725,20.97864 96.25646,20.97939 96.25369,20.98069 96.25310,20.98069 96.24714,20.98033 96.24576,20.98033 96.24616,20.98275 96.24616,20.98312 96.24835,20.98758 96.24855,20.98758 96.24817,20.99148 96.24758,20.99576 96.24758,20.99594 96.24402,21.00178 96.24196,21.00262 96.24010,21.00358 96.23847,21.00389 96.23639,21.00333 96.23477,21.00267 96.23292,21.00169 96.23106,21.00189 96.22792,21.00251 96.22329,21.00150 96.22061,21.00278 96.21833,21.00525 96.21691,21.00858 96.21677,21.01161 96.21675,21.01484 96.21684,21.01690 96.21788,21.01820 96.21763,21.02036 96.21535,21.02348 96.21394,21.02563 96.21357,21.02832 96.21425,21.03060 96.21423,21.03287 96.21212,21.03555 96.20920,21.03768 96.20908,21.03779 96.20791,21.03929 96.20672,21.04385 96.21164,21.04830 96.21517,21.05229 96.21515,21.05675 96.21478,21.05760 96.21324,21.06104 96.21147,21.06459 96.20687,21.06823 96.20455,21.06951 96.20431,21.06961 96.20361,21.07101 96.20452,21.07264 96.20590,21.07362 96.20914,21.07494 96.21110,21.07528 96.21694,21.07684 96.21895,21.07837 96.22024,21.08179 96.22516,21.08440 96.23020,21.08853 96.23052,21.09001 96.23131,21.09304 96.23198,21.09509 96.23150,21.09703 96.23036,21.10069 96.23058,21.10264 96.22858,21.10695 96.22535,21.11319 96.22473,21.11815 96.22414,21.12009 96.22179,21.12320 96.21886,21.12620 96.21768,21.12889 96.21850,21.13419 96.21879,21.13443 96.22420,21.14067 96.22803,21.14422 96.23239,21.15104 96.24577,21.15503 96.24843,21.15505 96.25124,21.16006 96.26107,21.16151 96.26107,21.16606 96.26612,21.16792 96.26809,21.16772 96.27100,21.16731 96.27703,21.16704 96.28241,21.16702 96.28619,21.16961 96.29356,21.17344 96.29711,21.17207 96.30257,21.16798 96.30612,21.16879 96.30940,21.16852 96.31486,21.16907 96.31951,21.16634 96.32224,21.16415 96.32849,21.16419 96.33125,21.16798 96.33931,21.16643 96.34245,21.16527 96.34559,21.16465 96.34942,21.16457 96.35057,21.16512 96.35231,21.16513 96.35383,21.16428 96.35570,21.16219 96.35711,21.16052 96.35978,21.15979 96.36280,21.15960 96.36516,21.16001 96.36535,21.16005 96.36584,21.16297 96.36593,21.16588 96.36754,21.16730 96.37112,21.17153 96.37744,21.17574 96.37687,21.17634 96.37463,21.18364 96.36915,21.18808 96.36917,21.18810 96.37043,21.18989 96.37086,21.19411 96.37095,21.19832 96.36890,21.20133 96.36739,21.20196 96.36565,21.20184 96.36286,21.20215 96.36164,21.20311 96.36017,21.20547 96.35864,21.20838 96.35885,21.21032 96.36012,21.21152 96.36232,21.21240 96.36447,21.21337 96.36555,21.21415 96.36542,21.21545 96.36390,21.21619 96.36157,21.21769 96.35878,21.21972 96.35593,21.22283 96.35032,21.22645 96.34554,21.22890 96.34350,21.23072 96.34232,21.23342 96.33637,21.24068 96.33491,21.24614 96.33257,21.25294 96.33259,21.25299 96.33409,21.25484 96.33431,21.25506 96.33557,21.25723 96.33589,21.26090 96.33505,21.26446 96.33286,21.26919 96.33111,21.27058 96.32981,21.27106 96.32872,21.27636 96.32488,21.27833 96.32513,21.27886 96.32442,21.28155 96.32303,21.28350 96.32266,21.28402 96.32147,21.28833 96.32064,21.29048 96.32027,21.29302 96.32059,21.29599 96.32010,21.29912 96.31996,21.30203 96.32018,21.30382 96.32226,21.30497 96.32248,21.30508 96.32347,21.30595 96.32374,21.30736 96.32385,21.30898 96.32296,21.31243 96.32178,21.31533 96.32106,21.31781 96.32034,21.32072 96.31781,21.32416 96.31592,21.32857 96.31438,21.33212 96.31296,21.33578 96.31247,21.33977 96.31279,21.34269 96.31348,21.34399 96.31287,21.34788 96.31319,21.35101 96.31101,21.35488 96.31072,21.35499 96.30921,21.35616 96.29522,21.35137 96.29227,21.35323 96.29063,21.35706 96.29063,21.36170 96.29855,21.36579 96.30264,21.36716 96.30547,21.36806 96.30561,21.36877 96.30565,21.36958 96.30571,21.37104 96.30396,21.37308 96.30127,21.37619 96.29629,21.38166 96.29581,21.38419 96.29637,21.38652 96.29820,21.38967 96.29957,21.39162 96.29957,21.39237 96.29752,21.39527 96.29564,21.40023 96.29362,21.40556 96.29288,21.41090 96.29365,21.41614 96.29423,21.42246 96.29396,21.42764 96.29220,21.43055 96.29183,21.43324 96.29286,21.43433 96.29528,21.43592 96.29609,21.43662 96.29548,21.44029 96.29297,21.44448 96.29072,21.44965 96.29057,21.45300 96.29046,21.45434 96.29022,21.45721 96.29018,21.45769 96.28708,21.46327 96.28938,21.46459 96.29599,21.46803 96.30229,21.46880 96.31120,21.46511 96.31504,21.46189 96.31780,21.46250 96.31780,21.46542 96.31649,21.46742 96.31613,21.46831 96.31612,21.47004 96.31715,21.47134 96.31854,21.47157 96.31993,21.47126 96.32458,21.47054 96.32644,21.47076 96.32840,21.47100 96.32979,21.47198 96.32837,21.47435 96.32472,21.47771 96.32026,21.48017 96.32349,21.48309 96.32963,21.48739 96.33552,21.48798 96.33603,21.48823 96.33823,21.48825 96.33864,21.48803 96.34009,21.48750 96.34125,21.48762 96.34147,21.48881 96.34071,21.49010 96.33925,21.49149 96.33644,21.49482 96.33163,21.50275 96.32902,21.51089 96.32717,21.51934 96.32533,21.52379 96.32502,21.52732 96.32557,21.52816 96.32439,21.53015 96.32258,21.53219 96.32187,21.53359 96.32057,21.53546 96.32510,21.53555 96.32730,21.53633 96.33071,21.53838 96.33316,21.54192 96.33286,21.54668 96.34084,21.55083 96.34300,21.54843 96.35144,21.54852 96.35820,21.54883 96.36050,21.54883 96.36228,21.54631 96.36667,21.54829 96.36926,21.54914 96.37132,21.54757 96.37319,21.54629 96.37599,21.54469 96.37761,21.54460 96.38066,21.54602 96.38401,21.54696 96.38761,21.54748 96.39016,21.54771 96.39374,21.55001 96.39627,21.55208 96.39905,21.55275 96.40137,21.55266 96.40323,21.55192 96.40812,21.55055 96.41067,21.55089 96.41298,21.55253 96.41528,21.55460 96.41782,21.55635 96.42352,21.55769 96.42987,21.55968 96.43542,21.56135 96.43994,21.56073 96.44341,21.55989 96.44713,21.55765 96.45178,21.55564 96.45826,21.55569 96.46566,21.55628 96.46705,21.55662 96.46778,21.55846 96.46902,21.56376 96.47108,21.56658 96.47397,21.56790 96.47801,21.57020 96.48310,21.57208 96.49121,21.57354 96.50081,21.57524 96.50785,21.57690 96.51949,21.58311 96.52577,21.58529 96.52967,21.58549 96.52968,21.58550 96.53185,21.58930 96.53496,21.59267 96.53670,21.59622 96.54462,21.59895 96.55281,21.59594 96.55527,21.59212 96.55621,21.59091 96.55705,21.59014 96.56019,21.58865 96.56205,21.58899 96.56343,21.58986 96.57083,21.59348 96.57356,21.59430 96.58088,21.59527 96.58373,21.59941 96.58818,21.60841 96.59184,21.61449 96.59345,21.61623 96.59703,21.61712 96.60032,21.61909 96.60251,21.62137 96.60389,21.62214 96.60524,21.62352 96.61201,21.62246 96.61443,21.62449 96.61643,21.62926 96.62217,21.63554 96.62845,21.64100 96.63285,21.64072 96.63314,21.64094 96.63417,21.64305 96.63439,21.64483 96.63237,21.65022 96.63091,21.65875 96.63500,21.66257 96.64210,21.66749 96.65357,21.67295 96.65794,21.68032 96.66176,21.68496 96.66805,21.69043 96.67578,21.69645 96.67624,21.70217 96.67958,21.70738 96.68306,21.71145 96.69767,21.71368 96.70014,21.71640 96.70210,21.71900 96.70265,21.72279 96.70333,21.72495 96.70402,21.72571 96.70599,21.72540 96.70865,21.72500 96.71145,21.72415 96.71435,21.72320 96.71632,21.72387 96.71794,21.72507 96.71956,21.72540 96.72235,21.72424 96.72582,21.72124 96.73141,21.71674 96.73305,21.71470 96.73400,21.71147 96.73660,21.70620 96.73788,21.70459 96.73985,21.70428 96.74066,21.70450 96.74129,21.70602 96.74144,21.70915 96.74270,21.71068 96.74385,21.71252 96.74615,21.71470 96.74961,21.71721 96.75169,21.71776 96.75366,21.71778 96.75412,21.71757 96.75534,21.71617 96.75872,21.71528 96.76104,21.71470 96.76429,21.71494 96.76637,21.71583 96.76856,21.71811 96.76958,21.72017 96.77107,21.72202 96.77418,21.72539 96.77532,21.72745 96.77646,21.73016 96.77997,21.73310 96.78193,21.73441 96.78483,21.73454 96.78686,21.73791 96.78869,21.74051 96.78927,21.74106 96.79019,21.74139 96.79147,21.74096 96.79326,21.74109 96.79413,21.74142 96.79545,21.74218 96.79645,21.74133 96.79645,21.74111 96.79749,21.74047 96.79830,21.74080 96.79875,21.74243 96.79973,21.74373 96.80059,21.74417 96.80182,21.74299 96.80367,21.74225 96.80546,21.74345 96.80672,21.74475 96.80682,21.74713 96.80577,21.74842 96.80530,21.75046 96.80609,21.75198 96.80621,21.75209 96.80700,21.75437 96.80713,21.75901 96.80731,21.76592 96.80634,21.77078 96.80643,21.77348 96.80701,21.77435 96.80817,21.77392 96.80957,21.77275 96.81098,21.77081 96.81217,21.76823 96.81252,21.76726 96.81512,21.76710 96.81883,21.76661 96.82063,21.76620 96.82354,21.76492 96.82826,21.76177 96.83296,21.75776 96.83587,21.75508 96.83810,21.75239 96.83927,21.75041 96.83946,21.74906 96.83982,21.74809 96.84063,21.74734 96.84139,21.74745 96.84363,21.74605 96.84646,21.74289 96.84921,21.74135 96.85090,21.74093 96.85451,21.74069 96.86001,21.74019 96.86363,21.73973 96.86505,21.73904 96.86705,21.73755 96.86987,21.73578 96.87240,21.73543 96.87565,21.73562 96.87786,21.73526 96.88135,21.73464 96.88529,21.73461 96.88895,21.73437 96.89150,21.73428 96.89284,21.73451 96.89324,21.73510 96.89329,21.73613 96.89334,21.73705 96.89416,21.73873 96.89513,21.74106 96.89598,21.74285 96.89579,21.74506 96.89538,21.74667 96.89414,21.74932 96.89252,21.75362 96.89137,21.75771 96.89034,21.76256 96.88944,21.76720 96.88954,21.77023 96.89021,21.77255 96.89113,21.77402 96.89175,21.77613 96.89167,21.77850 96.89108,21.78007 96.88921,21.78178 96.88746,21.78236 96.88453,21.78255 96.88296,21.78329 96.88141,21.78566 96.88140,21.78695 96.88167,21.78971 96.88166,21.79074 96.88067,21.79165 96.87865,21.79325 96.87818,21.79498 96.87816,21.79714 96.87890,21.79909 96.88053,21.80217 96.88115,21.80428 96.88114,21.80573 96.88096,21.80725 96.87974,21.80967 96.87774,21.81355 96.87631,21.81672 96.87525,21.81909 96.87529,21.82049 96.87568,21.82195 96.87568,21.82303 96.87473,21.82416 96.87299,21.82463 96.87037,21.82531 96.86850,21.82567 96.86514,21.82614 96.86351,21.82753 96.86189,21.82838 96.85888,21.82944 96.85621,21.83152 96.85260,21.83516 96.84893,21.83832 96.84611,21.84230 96.84411,21.84504 96.84369,21.84633 96.84398,21.84742 96.84530,21.84872 96.84722,21.85062 96.84750,21.85203 96.84749,21.85354 96.84760,21.85478 96.84829,21.85608 96.84950,21.85636 96.85043,21.85621 96.85200,21.85568 96.85321,21.85634 96.85459,21.85759 96.85670,21.85820 96.85924,21.85974 96.85958,21.86125 96.85921,21.86341 96.85757,21.86577 96.85696,21.86922 96.85497,21.87212 96.85112,21.87447 96.84814,21.87704 96.84701,21.88048 96.84583,21.88436 96.84289,21.88833 96.83951,21.89133 96.83578,21.89249 96.83218,21.89387 96.82944,21.89633 96.82497,21.90299 96.82133,21.90885 96.82037,21.91219 96.81912,21.91574 96.81706,21.91697 96.81578,21.91729 96.81421,21.91717 96.81253,21.91737 96.81189,21.91807 96.81188,21.91920 96.81239,21.92023 96.81314,21.92132 96.81486,21.92333 96.81584,21.92447 96.81666,21.92669 96.81687,21.93015 96.81650,21.93187 96.81521,21.93353 96.81411,21.93412 96.81335,21.93455 96.81131,21.93615 96.80967,21.93830 96.80757,21.94023 96.80512,21.94188 96.80315,21.94462 96.80115,21.94892 96.79961,21.95264 96.79804,21.95592 96.79616,21.95909 96.79373,21.96242 96.79092,21.96553 96.78703,21.96987 96.78322,21.97433 96.78152,21.97723 96.78110,21.97890 96.78115,21.98020 96.78141,21.98207 96.78291,21.98106 96.78442,21.98049 96.78606,21.98062 96.78842,21.98116 96.78949,21.98147 96.79049,21.98171 96.79220,21.98131 96.79720,21.97877 96.80020,21.97767 96.80216,21.97734 96.80585,21.97584 96.81006,21.97446 96.81359,21.97308 96.81664,21.96982 96.82052,21.96557 96.82339,21.96119 96.82579,21.95751 96.82845,21.95530 96.83111,21.95409 96.83556,21.95289 96.83896,21.95286 96.84211,21.95300 96.84627,21.95274 96.84861,21.95246 96.85050,21.95265 96.85351,21.95373 96.85612,21.95463 96.85882,21.95571 96.86108,21.95649 96.86284,21.95785 96.86355,21.95849 96.86509,21.95986 96.86678,21.96070 96.86829,21.96124 96.87031,21.96131 96.87343,21.96069 96.87507,21.96035 96.87885,21.96038 96.88074,21.96022 96.88481,21.95955 96.88646,21.95844 96.88957,21.95606 96.89259,21.95256 96.89576,21.94977 96.90004,21.94705 96.90295,21.94496 96.90767,21.94153 96.91078,21.93974 96.91428,21.93900 96.91876,21.93839 96.92481,21.93791 96.93001,21.93759 96.93607,21.93699 96.94180,21.93657 96.94615,21.93660 96.94816,21.93703 96.95067,21.93840 96.95083,21.93869 96.95217,21.94117 96.95318,21.94382 96.95442,21.94617 96.95553,21.94929 96.95589,21.95170 96.95637,21.95481 96.95720,21.95764 96.95806,21.96052 96.95910,21.96369 96.95984,21.96558 96.96127,21.96870 96.96228,21.97217 96.96294,21.97634 96.96328,21.98086 96.96338,21.98438 96.96369,21.98925 96.96391,21.99289 96.96346,21.99465 96.96256,21.99617 96.96024,21.99826 96.95932,21.99913 96.95901,21.99980 96.95856,22.00179 96.95860,22.00243 96.95829,22.00302 96.95717,22.00610 96.95695,22.00631 96.95673,22.00919 96.95828,22.01166 96.95862,22.01205 96.96073,22.01454 96.96517,22.01948 96.96606,22.02338 96.96695,22.02852 96.96850,22.03182 96.97228,22.03675 96.97584,22.04149 96.97940,22.04478 96.98273,22.04745 96.98673,22.05054 96.98762,22.05630 96.98884,22.06206 96.98884,22.06227 96.98750,22.06905 96.98506,22.07316 96.98171,22.07645 96.98171,22.07995 96.98216,22.08427 96.98170,22.09352 96.98077,22.09673 96.98054,22.09754 96.97836,22.10504 96.97635,22.11861 96.97523,22.13033 96.97523,22.13054 96.97544,22.13979 96.97522,22.14576 96.97365,22.15419 96.97388,22.15419 96.97053,22.16262 96.96831,22.16879 96.96808,22.17331 96.96786,22.17804 96.96496,22.18442 96.96028,22.19285 96.95945,22.19560 96.95805,22.20025 96.95404,22.20868 96.94937,22.21464 96.94691,22.22081 96.94602,22.22595 96.94535,22.23047 96.94516,22.23545 96.94512,22.23644 96.94401,22.24322 96.94378,22.25125 96.94400,22.25886 96.94555,22.26523 96.94800,22.26832 96.94981,22.26824 96.95267,22.26811 96.95890,22.26832 96.95912,22.26832 96.96446,22.26853 96.96958,22.26812 96.97358,22.26669 96.97781,22.26381 96.98115,22.26093 96.98290,22.25965 96.98649,22.25703 96.99161,22.25395 96.99530,22.25202 96.99737,22.25181 97.00145,22.25112 97.00422,22.25104 97.01696,22.24533 97.02723,22.24196 97.03067,22.24328 97.03646,22.24610 97.04027,22.24925 97.04516,22.25308 97.04534,22.25307 97.05239,22.25588 97.05889,22.25570 97.06648,22.25617 97.07675,22.25296 97.07675,22.25279 97.07693,22.25279 97.08429,22.24543 97.08429,22.24526 97.09150,22.24340 97.10089,22.24404 97.10089,22.24387 97.10666,22.24318 97.11189,22.24316 97.11768,22.24514 97.11786,22.24514 97.12835,22.24827 97.12882,22.24846 97.13613,22.25125 97.14137,22.25307 97.14155,22.25307 97.15163,22.24786 97.15991,22.24433 97.16441,22.23997 97.16581,22.23790 97.16781,22.23495 97.16781,22.23445 97.17393,22.23159 97.17393,22.23143 97.17788,22.22774 97.17806,22.22774 97.18110,22.22039 97.18109,22.22006 97.18157,22.21993 97.18219,22.21617 97.18668,22.21420 97.19019,22.21158 97.19033,22.21145 97.19185,22.20840 97.19071,22.20430 97.18873,22.20093 97.18731,22.19820 97.18574,22.19327 97.18714,22.19183 97.18740,22.18923 97.18892,22.18402 97.19341,22.18102 97.20284,22.18098 97.20284,22.18124 97.21213,22.18264 97.21227,22.18277 97.22148,22.18248 97.22843,22.17855 97.23305,22.17541 97.23824,22.17188 97.24301,22.16966 97.24355,22.16484 97.24606,22.15989 97.24688,22.15508 97.24855,22.15117 97.25219,22.14823 97.25161,22.14440 97.25173,22.13997 97.25115,22.13673 97.25084,22.13205 97.24798,22.12230 97.24697,22.11672 97.24766,22.11320 97.24623,22.10892 97.24690,22.10254 97.24799,22.09538 97.24768,22.08954 97.24738,22.08629 97.24635,22.07641 97.24984,22.07184 97.24998,22.07171 97.25615,22.06805 97.25615,22.06779 97.26007,22.06387 97.26035,22.06387 97.26513,22.06281 97.27017,22.05903 97.27340,22.05628 97.27860,22.05744 97.27889,22.05782 97.28327,22.06067 97.28369,22.06106 97.28749,22.06170 97.28777,22.06196 97.29270,22.06200 97.29573,22.06388 97.30024,22.06529 97.30098,22.06542 97.30482,22.06625 97.30975,22.06786 97.30989,22.06799 97.31609,22.07005 97.32060,22.07224 97.32088,22.07263 97.32102,22.07276 97.32163,22.07291 97.32356,22.07340 97.32932,22.07130 97.32960,22.07130 97.33578,22.07024 97.33635,22.07036 97.34071,22.07054 97.34445,22.07294 97.35022,22.07305 97.35634,22.07315 97.35928,22.07054 97.36249,22.06611 97.36669,22.06167 97.36807,22.05712 97.36989,22.05438 97.37219,22.05128 97.37240,22.05099 97.37316,22.04683 97.37377,22.04305 97.37347,22.03902 97.37331,22.03577 97.37464,22.03343 97.37830,22.03446 97.38428,22.03469 97.38729,22.03104 97.39213,22.02973 97.39242,22.02972 97.39473,22.02982 97.39818,22.02996 97.39889,22.02996 97.40732,22.02915 97.40761,22.02915 97.41435,22.02873 97.41836,22.02755 97.42126,22.03040 97.42154,22.03079 97.42451,22.03338 97.42472,22.03364 97.42789,22.03532 97.42818,22.03584 97.43057,22.03700 97.43086,22.03700 97.43240,22.03680 97.43281,22.03309 97.43520,22.03308 97.43617,22.03126 97.43814,22.03080 97.43897,22.02806 97.44079,22.02643 97.44613,22.02641 97.45176,22.02587 97.45204,22.02574 97.45513,22.02404 97.45654,22.02546 97.45360,22.02905 97.45391,22.03457 97.45392,22.03497 97.45478,22.03964 97.45479,22.04003 97.45493,22.04029 97.45763,22.04581 97.46116,22.04879 97.46454,22.05053 97.46329,22.05249 97.46414,22.05470 97.46428,22.05496 97.46428,22.05522 97.46811,22.06079 97.46826,22.06118 97.46940,22.06482 97.47165,22.06520 97.47517,22.06532 97.47755,22.06375 97.48248,22.06503 97.48276,22.06542 97.48770,22.06788 97.48798,22.06788 97.49352,22.06634 97.49416,22.06616 97.49432,22.06616 97.50076,22.06432 97.50793,22.06195 97.50821,22.06182 97.51454,22.06128 97.51834,22.06244 97.52411,22.06241 97.52882,22.06136 97.52917,22.06097 97.53477,22.05665 97.53895,22.05424 97.54291,22.05195 97.54942,22.04659 97.55307,22.04528 97.55342,22.04515 97.55679,22.04331 97.55679,22.04305 97.55859,22.03798 97.55845,22.03785 97.55850,22.03316 97.56447,22.03132 97.56754,22.02579 97.57171,22.01699 97.57452,22.01607 97.57480,22.01633 97.57981,22.01813 97.58429,22.01552 97.58479,22.01526 97.58914,22.01277 97.58970,22.01290 97.59647,22.01204 97.59715,22.01196 97.59743,22.01196 97.60391,22.01363 97.60405,22.01376 97.60967,22.01179 97.61726,22.01046 97.62260,22.01018 97.62654,22.01082 97.62780,22.00892 97.62794,22.00860 97.62933,22.00482 97.62933,22.00443 97.63103,22.00215 97.63086,22.00179 97.63070,22.00120 97.63117,21.99988 97.63117,21.99965 97.63183,21.99855 97.63496,21.99677 97.63514,21.99671 97.63828,21.99603 97.64026,21.99535 97.64120,21.99430 97.64185,21.99214 97.64261,21.98848 97.64363,21.98769 97.64475,21.98681 97.64737,21.98622 97.64833,21.98464 97.64923,21.98340 97.64874,21.98278 97.64813,21.98200 97.64765,21.98144 97.64752,21.98118 97.64734,21.98054 97.64728,21.98040 97.64673,21.97981 97.64672,21.97750 97.64753,21.97699 97.65151,21.97614 97.65386,21.97498 97.65603,21.97550 97.66652,21.97416 97.66947,21.96888 97.67024,21.96595 97.67024,21.96545 97.67185,21.96246 97.67203,21.96218 97.67209,21.96201 97.67400,21.95818 97.67455,21.95718 97.67497,21.95790 97.67558,21.95874 97.67564,21.95891 97.67582,21.95907 97.67619,21.95975 97.67649,21.96037 97.67680,21.96138 97.67596,21.96295 97.67597,21.96340 97.67655,21.96520 97.67670,21.96526 97.67840,21.96621 97.67864,21.96621 97.68064,21.96631 97.68094,21.96631 97.68586,21.96613 97.68748,21.96505 97.68984,21.96493 97.69005,21.96499 97.69006,21.96499 97.69265,21.96166 97.69734,21.95764 97.70582,21.95630 97.70970,21.96032 97.71053,21.95983 97.71065,21.95975 97.71101,21.95952 97.71258,21.95906 97.71276,21.95906 97.71284,21.95906 97.71431,21.95719 97.71967,21.95563 97.72212,21.95473 97.72391,21.95205 97.72748,21.95205 97.73083,21.95429 97.73374,21.95272 97.73619,21.94960 97.74401,21.94915 97.74582,21.95172 97.74892,21.95630 97.75160,21.95831 97.75428,21.96233 97.75473,21.96389 97.75703,21.96413 97.75707,21.96420 97.75725,21.96420 97.75931,21.96436 97.76127,21.96424 97.76257,21.96435 97.76372,21.96519 97.76402,21.96544 97.76524,21.96648 97.76691,21.96771 97.76782,21.96931 97.76795,21.97057 97.76315,21.97557 97.75925,21.98072 97.75894,21.98371 97.75906,21.98387 97.75918,21.98415 97.75997,21.98511 97.76044,21.98532 97.76366,21.98399 97.77750,21.97193 97.78644,21.97103 97.78710,21.97170 97.78789,21.97163 97.78851,21.97172 97.78934,21.97505 97.78710,21.97863 97.78710,21.98242 97.78130,21.98488 97.78085,21.98934 97.78018,21.99470 97.78263,21.99508 97.78287,21.99574 97.78415,21.99722 97.78632,21.99756 97.78650,21.99761 97.78784,21.99845 97.78808,21.99867 97.78820,21.99896 97.78927,22.00033 97.79112,22.00142 97.79132,22.00152 97.79179,22.00520 97.79537,22.01100 97.79872,22.01346 97.80149,22.01355 97.80071,22.01442 97.80071,22.01466 97.80186,22.01513 97.80314,22.01630 97.80327,22.01666 97.80499,22.01677 97.80697,22.01641 97.80722,22.01641 97.80850,22.01699 97.81221,22.01863 97.81622,22.01136 97.82128,22.00345 97.82787,22.00454 97.83754,22.00498 97.84545,22.00608 97.84818,22.00713 97.84895,22.00960 97.85599,22.01228 97.85838,22.01084 97.85926,22.01115 97.85951,22.01115 97.86112,22.01108 97.86185,22.01211 97.86438,22.01538 97.86670,22.01848 97.87139,22.02266 97.87508,22.02685 97.87642,22.03020 97.87642,22.03422 97.87775,22.03420 97.87775,22.03526 97.87788,22.03550 97.87973,22.03596 97.88222,22.03525 97.88275,22.03831 97.88275,22.03855 97.88480,22.04149 97.88493,22.04173 97.88506,22.04184 97.88750,22.04478 97.88762,22.04490 97.89121,22.04713 97.89249,22.04866 97.89275,22.04901 97.89288,22.04925 97.89366,22.05125 97.89378,22.05148 97.89391,22.05160 97.89685,22.05253 97.90288,22.04991 97.90391,22.05262 97.90630,22.05356 97.90655,22.05368 97.90923,22.05397 97.91103,22.05555 97.90894,22.05780 97.91310,22.05577 97.91518,22.05625 97.91755,22.05789 97.91794,22.05836 97.91963,22.05778 97.91896,22.05526 97.92013,22.05443 97.92188,22.05610 97.92315,22.05622 97.92711,22.05633 97.93091,22.05991 97.93714,22.06281 97.94676,22.06013 97.94922,22.06214 97.95279,22.06214 97.96057,22.06640 97.96098,22.06652 97.96110,22.06670 97.96278,22.06964 97.96278,22.06988 97.96267,22.07336 97.96612,22.07505 97.97047,22.07604 97.97386,22.07868 97.97674,22.07723 97.98009,22.07589 97.98017,22.07772 97.98214,22.07570 97.98246,22.07635 97.98279,22.07853 97.98413,22.07829 97.98413,22.07794 97.98571,22.07581 97.98769,22.07604 97.98808,22.07615 97.99102,22.07850 97.99128,22.07874 97.99359,22.08138 98.00063,22.08147 98.01380,22.09264 98.01604,22.09465 98.01738,22.09867 98.02006,22.10202 98.02006,22.10581 98.02083,22.10723 98.02087,22.10721 98.02128,22.10806 98.02207,22.10961 98.02036,22.10983 98.01986,22.11151 98.02054,22.11320 98.02209,22.11456 98.02245,22.11633 98.02245,22.11737 98.02538,22.11821 98.02774,22.11860 98.03000,22.11913 98.03282,22.12057 98.03493,22.12263 98.03739,22.12715 98.03847,22.12920 98.03985,22.13110 98.04270,22.13387 98.04588,22.13569 98.04783,22.13656 98.04992,22.13657 98.05234,22.13615 98.05559,22.13612 98.05770,22.13679 98.05935,22.13761 98.06136,22.13886 98.06151,22.13895 98.06321,22.13981 98.06574,22.14054 98.06833,22.14045 98.07044,22.14003 98.07322,22.13881 98.07651,22.13721 98.07977,22.13546 98.08280,22.13496 98.08418,22.13534 98.08576,22.13616 98.08719,22.13631 98.08912,22.13622 98.09096,22.13566 98.09254,22.13519 98.09451,22.13544 98.09617,22.13550 98.09722,22.13512 98.09860,22.13479 98.10016,22.13499 98.10224,22.13528 98.10392,22.13539 98.10520,22.13534 98.10679,22.13506 98.10966,22.13395 98.11187,22.13282 98.11364,22.13221 98.11588,22.13203 98.11737,22.13194 98.11865,22.13195 98.12020,22.13153 98.12385,22.12946 98.12644,22.12760 98.12922,22.12448 98.13066,22.12192 98.13233,22.11913 98.13455,22.11590 98.13800,22.11297 98.14044,22.11043 98.14121,22.10920 98.14188,22.10716 98.14234,22.10331 98.14212,22.10037 98.14182,22.09756 98.14167,22.09614 98.14182,22.09471 98.14255,22.09296 98.14406,22.09068 98.14541,22.08869 98.14561,22.08803 98.14618,22.08613 98.14650,22.08304 98.14605,22.08038 98.14539,22.07734 98.14508,22.07529 98.14472,22.07315 98.14502,22.06907 98.14580,22.06551 98.14628,22.06449 98.14646,22.06409 98.14790,22.06457 98.15139,22.06487 98.15458,22.06517 98.15869,22.06642 98.16136,22.06824 98.16414,22.07006 98.16742,22.07131 98.17185,22.07190 98.17483,22.07277 98.17832,22.07468 98.17996,22.07669 98.18201,22.07869 98.18602,22.08137 98.18964,22.08424 98.19050,22.08524 98.19282,22.08796 98.19477,22.09120 98.19662,22.09434 98.19856,22.09654 98.20185,22.09807 98.20410,22.09808 98.20800,22.09753 98.21078,22.09650 98.21283,22.09613 98.21621,22.09652 98.21847,22.09701 98.22062,22.09892 98.22144,22.09997 98.22288,22.10102 98.22627,22.10170 98.23068,22.10182 98.23633,22.10308 98.23962,22.10395 98.24476,22.10454 98.25021,22.10485 98.25473,22.10573 98.25771,22.10603 98.26162,22.10624 98.26511,22.10625 98.26742,22.10569 98.27040,22.10628 98.27255,22.10686 98.27461,22.10725 98.27780,22.10726 98.28057,22.10775 98.28314,22.10928 98.28520,22.11034 98.28725,22.11101 98.29003,22.11131 98.29250,22.11151 98.29548,22.11181 98.29753,22.11239 98.29938,22.11354 98.30082,22.11516 98.30144,22.11650 98.30236,22.11821 98.30462,22.11993 98.30689,22.12202 98.30768,22.12202 98.31346,22.11938 98.31912,22.11295 98.32179,22.10896 98.32520,22.10268 98.32920,22.09579 98.33402,22.08982 98.33569,22.08752 98.33885,22.08507 98.34201,22.08447 98.34434,22.08341 98.34609,22.08019 98.34808,22.07759 98.34975,22.07360 98.35059,22.07023 98.35242,22.06655 98.35190,22.06565 98.35174,22.06536 98.35637,22.06280 98.36339,22.06565 98.36523,22.07253 98.36674,22.07337 98.36739,22.07359 98.37018,22.07157 98.38202,22.06719 98.38619,22.06521 98.39649,22.06631 98.40592,22.06894 98.41125,22.07289 98.41269,22.07314 98.41290,22.07318 98.41394,22.07335 98.41951,22.07289 98.42346,22.07398 98.42477,22.07069 98.42293,22.06402 98.42342,22.06319 98.42497,22.05977 98.42730,22.05556 98.42785,22.05315 98.43157,22.05096 98.43157,22.04724 98.42386,22.04534 98.41688,22.04285 98.41513,22.04022 98.41513,22.03693 98.42017,22.03386 98.42368,22.02926 98.42960,22.02553 98.42938,22.02158 98.42762,22.01567 98.43122,22.01261 98.43180,22.01005 98.43223,22.00862 98.43180,22.00734 98.43025,22.00694 98.42827,22.00633 98.42697,22.00548 98.42602,22.00468 98.42559,22.00428 98.42572,22.00390 98.42499,22.00054 98.42916,21.99703 98.43742,21.99656 98.43755,21.99640 98.43706,21.99458 98.43706,21.99261 98.43869,21.99109 98.44097,21.99216 98.44439,21.99292 98.44814,21.99216 98.44897,21.99186 98.44933,21.98892 98.45218,21.98695 98.45924,21.98695 98.46335,21.98292 98.46547,21.98020 98.46547,21.98005 98.46554,21.97971 98.46884,21.97971 98.47016,21.98234 98.47542,21.98344 98.48309,21.97533 98.48345,21.96964 98.48358,21.96929 98.48375,21.96612 98.48506,21.96195 98.48664,21.95793 98.48621,21.95550 98.48621,21.95489 98.48491,21.95216 98.48361,21.94670 98.48345,21.94654 98.48328,21.94624 98.48231,21.94533 98.48157,21.94002 98.48092,21.93638 98.48060,21.93228 98.47998,21.93228 98.48178,21.92758 98.47965,21.92397 98.47652,21.92002 98.47800,21.91624 98.47948,21.91180 98.48573,21.90473 98.49264,21.90358 98.49247,21.90177 98.49017,21.90013 98.48507,21.89585 98.48014,21.89240 98.47652,21.88993 98.47240,21.89003 98.47174,21.88907 98.47225,21.88763 98.47192,21.88303 98.46835,21.87555 98.46737,21.87403 98.46576,21.87286 98.46518,21.86741 98.46288,21.86313 98.45862,21.85912 98.45810,21.85703 98.45745,21.85540 98.45811,21.85359 98.46057,21.85195 98.46304,21.84998 98.46436,21.84471 98.46649,21.83896 98.47471,21.83978 98.47981,21.84455 98.48261,21.84833 98.48606,21.85129 98.49164,21.84992 98.49243,21.85022 98.49385,21.85063 98.49625,21.84899 98.49872,21.85047 98.50065,21.85738 98.50184,21.85886 98.50332,21.86001 98.50554,21.85911 98.51007,21.85672 98.51664,21.85458 98.52125,21.85491 98.52434,21.85880 98.52471,21.85892 98.52569,21.86050 98.53193,21.86017 98.54194,21.85790 98.54136,21.85449 98.54195,21.85190 98.54195,21.85149 98.54209,21.85121 98.54312,21.84774 98.54459,21.84453 98.54474,21.84426 98.54650,21.84058 98.54650,21.84030 98.54782,21.83648 98.54856,21.83321 98.54893,21.82939 98.54864,21.82393 98.54820,21.81957 98.54820,21.81902 98.54806,21.81902 98.54806,21.81616 98.54777,21.81343 98.54777,21.81275 98.54909,21.80974 98.54938,21.80920 98.54938,21.80879 98.54926,21.80682 98.54924,21.80647 98.54924,21.80538 98.54953,21.80210 98.54953,21.80183 98.54997,21.79890 98.55115,21.79583 98.55139,21.79500 98.55240,21.79146 98.55650,21.79065 98.56266,21.78916 98.56457,21.78697 98.56545,21.78452 98.56736,21.77947 98.56898,21.77252 98.57015,21.77061 98.57118,21.76706 98.57221,21.76256 98.57221,21.75969 98.57148,21.75587 98.57133,21.75574 98.57090,21.75110 98.56929,21.74386 98.56871,21.74059 98.57003,21.73663 98.57194,21.73213 98.57443,21.72600 98.57660,21.72013 98.57855,21.71714 98.57998,21.71495 98.58028,21.71481 98.58248,21.71147 98.58365,21.70922 98.58556,21.70650 98.58835,21.70391 98.58982,21.70213 98.60259,21.68823 98.60391,21.68714 98.60553,21.67970 98.60832,21.67486 98.60832,21.67459 98.61067,21.67016 98.61375,21.66845 98.61390,21.66832 98.61904,21.65918 98.61919,21.65870 98.62124,21.65577 98.62491,21.64841 98.62711,21.64459 98.62918,21.63184 98.63021,21.62890 98.63329,21.62468 98.63638,21.62100 98.63638,21.62031 98.63697,21.61636 98.63697,21.61472 98.64314,21.60736 98.64358,21.60695 98.64446,21.60572 98.64373,21.59815 98.64285,21.59562 98.64286,21.59508 98.64271,21.59481 98.64271,21.59453 98.63905,21.58484 98.63464,21.57187 98.63406,21.56758 98.63128,21.56246 98.63113,21.56198 98.62835,21.55468 98.62777,21.55317 98.61740,21.55236 98.61214,21.55358 98.60628,21.55486 98.60111,21.55517 98.59559,21.55260 98.58758,21.54986 98.58068,21.54841 98.57620,21.54841 98.57241,21.54809 98.56741,21.54696 98.56431,21.54455 98.56190,21.54150 98.56180,21.54124 98.56121,21.53973 98.56121,21.53941 98.55966,21.53331 98.55829,21.52609 98.55864,21.52176 98.55882,21.51742 98.56594,21.49591 98.58131,21.46761 98.58585,21.46342 98.59144,21.45259 98.59494,21.44630 98.60471,21.44544 98.60569,21.44318 98.60472,21.44141 98.61345,21.42324 98.61590,21.41835 98.62289,21.40822 98.64769,21.40228 98.65747,21.39145 98.66446,21.38062 98.66656,21.37503 98.66470,21.36476 98.66470,21.36459 98.66062,21.35791 98.66341,21.34778 98.66834,21.33684 98.66662,21.33330 98.66490,21.33042 98.66027,21.32647 98.66306,21.32332 98.66656,21.31913 98.66516,21.31110 98.67355,21.29992 98.68018,21.29712 98.67948,21.29398 98.68088,21.28489 98.68542,21.27511 98.68962,21.27127 98.69730,21.24751 98.70394,21.24262 98.70743,21.23668 98.70805,21.23050 98.70478,21.22823 98.70254,21.22340 98.70324,21.21712 98.70956,21.21157 98.70757,21.20786 98.70115,21.20419 98.70115,21.19091 98.70219,21.18463 98.69905,21.16925 98.70080,21.16122 98.70639,21.15668 98.70743,21.14724 98.71826,21.13571 98.72490,21.12873 98.74517,21.11580 98.77381,21.10113 98.78884,21.09449 98.80141,21.07982 98.80602,21.06834 98.80499,21.06529 98.79896,21.05999 98.79879,21.05983 98.79603,21.05662 98.79485,21.05490 98.79448,21.05437 98.79173,21.05212 98.79070,21.05003 98.78691,21.04666 98.78605,21.04489 98.78312,21.04232 98.77150,21.03243 98.77150,21.02824 98.75997,21.01724 98.75499,21.01199 98.75013,21.00025 98.74893,20.99656 98.74878,20.99658 98.74804,20.99278 98.74161,20.98811 98.73810,20.98426 98.73505,20.98291 98.73313,20.98206 98.73284,20.98206 98.72757,20.98287 98.72289,20.98396 98.71791,20.98504 98.71440,20.98586 98.71411,20.98586 98.70855,20.98640 98.70299,20.98639 98.69918,20.98693 98.69567,20.98802 98.69187,20.99048 98.68777,20.99157 98.68455,20.99184 98.67899,20.99183 98.67694,20.99127 98.67168,20.99127 98.66846,20.99153 98.66290,20.99509 98.66260,20.99509 98.65734,20.99727 98.65412,20.99726 98.64944,20.99589 98.64681,20.99232 98.64447,20.98847 98.64184,20.98737 98.63862,20.98818 98.63598,20.98955 98.63218,20.99037 98.62984,20.98954 98.62954,20.98954 98.62905,20.98905 98.62399,20.98404 98.62399,20.98377 98.62048,20.97992 98.61668,20.97306 98.61347,20.96784 98.61025,20.96455 98.60557,20.96344 98.60528,20.96344 98.60060,20.96151 98.60060,20.96124 98.59387,20.96013 98.58801,20.95930 98.58333,20.95929 98.57924,20.95599 98.57924,20.95544 98.57544,20.95379 98.56871,20.95268 98.56490,20.95267 98.56139,20.95486 98.55759,20.95622 98.55144,20.95786 98.55144,20.95758 98.54617,20.96004 98.54149,20.96085 98.53856,20.96112 98.53242,20.96139 98.52832,20.96165 98.52657,20.96274 98.51954,20.96191 98.51691,20.96026 98.51135,20.95833 98.50697,20.95722 98.50697,20.95695 98.50316,20.95639 98.50295,20.95614 98.50083,20.95365 98.49993,20.95239 98.49849,20.95035 98.49937,20.94432 98.49966,20.94377 98.49879,20.93856 98.49703,20.93472 98.49294,20.93279 98.49089,20.92895 98.48826,20.92483 98.48844,20.91951 98.48856,20.91605 98.48886,20.90796 98.48842,20.90083 98.48814,20.89178 98.48873,20.88534 98.48858,20.88534 98.48990,20.87945 98.49459,20.87397 98.49679,20.86952 98.49767,20.86568 98.49840,20.85464 98.49695,20.85011 98.49548,20.84737 98.49534,20.84737 98.49461,20.84614 98.49592,20.84381 98.49695,20.84134 98.49803,20.83533 98.49857,20.83229 98.49711,20.82694 98.49667,20.82351 98.49623,20.81995 98.49711,20.81639 98.49843,20.80981 98.49829,20.80494 98.49976,20.80028 98.50225,20.79665 98.50485,20.79281 98.50503,20.79254 98.50401,20.79062 98.50386,20.79062 98.50181,20.78787 98.50123,20.78390 98.50124,20.77540 98.50066,20.76881 98.50066,20.76251 98.50052,20.76251 98.50169,20.75551 98.50638,20.74922 98.50945,20.74511 98.51253,20.74004 98.51209,20.73524 98.51312,20.72935 98.51561,20.72291 98.52000,20.72017 98.52395,20.71730 98.52908,20.71347 98.53376,20.70786 98.54079,20.69978 98.54299,20.69430 98.54416,20.68717 98.54402,20.68265 98.54447,20.67566 98.54696,20.66949 98.55164,20.66292 98.55662,20.65676 98.56292,20.64854 98.56512,20.64142 98.56834,20.63553 98.57186,20.62918 98.57449,20.62443 98.58005,20.61910 98.58328,20.61416 98.58416,20.61218 98.58591,20.61102 98.58943,20.60979 98.59455,20.60089 98.59587,20.59595 98.59763,20.58978 98.59939,20.58403 98.60247,20.57471 98.60262,20.57471 98.60394,20.56786 98.60350,20.56580 98.60204,20.56374 98.60058,20.56017 98.60102,20.55565 98.60366,20.55058 98.60688,20.54730 98.60820,20.54319 98.61010,20.53633 98.61435,20.52976 98.61625,20.52688 98.61626,20.52126 98.61612,20.51633 98.62080,20.50975 98.62549,20.50345 98.62695,20.49976 98.62769,20.49811 98.62915,20.49661 98.63135,20.49359 98.63369,20.48894 98.63603,20.48675 98.63925,20.48470 98.64203,20.48223 98.64584,20.47799 98.64633,20.47567 98.64746,20.47032 98.64951,20.46319 98.64937,20.45633 98.64931,20.45479 98.64922,20.45277 98.64967,20.44783 98.64982,20.44440 98.65157,20.44153 98.65260,20.43851 98.65333,20.43550 98.65377,20.43248 98.65363,20.42713 98.65334,20.42220 98.65305,20.41836 98.65335,20.41520 98.65306,20.41191 98.65218,20.40944 98.65072,20.40738 98.64838,20.40519 98.64560,20.40189 98.64546,20.40189 98.64414,20.39887 98.64414,20.39736 98.64400,20.39558 98.64400,20.39407 98.64327,20.39201 98.64224,20.39023 98.64152,20.38762 98.64196,20.38516 98.64240,20.38104 98.64167,20.37844 98.64021,20.37514 98.64021,20.37226 98.64065,20.36829 98.64124,20.36280 98.64373,20.35787 98.64607,20.35390 98.64608,20.35034 98.64696,20.34513 98.64784,20.33951 98.64770,20.33553 98.64755,20.33553 98.64887,20.33025 98.64916,20.32909 98.64975,20.32689 98.65151,20.32443 98.65371,20.32101 98.65649,20.31937 98.66073,20.31704 98.66410,20.31444 98.66805,20.31253 98.67163,20.31130 98.67551,20.30871 98.67873,20.30666 98.68225,20.30282 98.68400,20.29899 98.68635,20.29673 98.68898,20.29434 98.69455,20.28900 98.69747,20.28489 98.69865,20.28037 98.69865,20.27530 98.69792,20.26974 98.69617,20.26775 98.69515,20.26500 98.69369,20.26199 98.69281,20.25924 98.69164,20.25595 98.69048,20.25087 98.69121,20.24742 98.69092,20.24375 98.68931,20.23935 98.68829,20.23524 98.68800,20.23229 98.68859,20.22962 98.68815,20.22667 98.68757,20.22043 98.68757,20.21755 98.68963,20.20809 98.69110,20.20179 98.69329,20.19768 98.69227,20.19288 98.68935,20.18794 98.68599,20.18210 98.68190,20.17846 98.67897,20.17640 98.67502,20.17433 98.67005,20.17309 98.66332,20.17184 98.65864,20.16992 98.65440,20.16867 98.64573,20.16386 98.64529,20.16358 98.64007,20.15973 98.63670,20.15815 98.63439,20.15405 98.62964,20.14850 98.62121,20.14249 98.61814,20.14145 98.61550,20.14131 98.61375,20.14021 98.61170,20.13856 98.60965,20.13787 98.60629,20.13718 98.60307,20.13608 98.59985,20.13470 98.59605,20.13469 98.59254,20.13482 98.58800,20.13674 98.58507,20.13769 98.58493,20.13769 98.58010,20.13946 98.57615,20.14083 98.57337,20.14137 98.56971,20.14150 98.56781,20.14026 98.56459,20.13847 98.55772,20.13544 98.55377,20.13235 98.54748,20.12706 98.54733,20.12706 98.54178,20.12047 98.53798,20.11881 98.53359,20.11648 98.52101,20.10905 98.51590,20.10465 98.51195,20.10067 98.50829,20.09668 98.50581,20.09133 98.49806,20.08775 98.49411,20.08432 98.49192,20.08088 98.49177,20.08075 98.49020,20.07802 98.48993,20.07756 98.49027,20.07692 98.49109,20.07553 98.49299,20.07420 98.49454,20.07259 98.49656,20.07086 98.49823,20.06942 98.49989,20.06859 98.50203,20.06753 98.50287,20.06592 98.50334,20.06375 98.50370,20.06108 98.50394,20.05852 98.50382,20.05617 98.50410,20.05404 98.50418,20.05339 98.50537,20.05122 98.50775,20.04872 98.51001,20.04482 98.51132,20.04282 98.51286,20.04138 98.51382,20.03965 98.51513,20.03737 98.51703,20.03470 98.51846,20.02981 98.51858,20.02858 98.51834,20.02702 98.51811,20.02524 98.51811,20.02312 98.51823,20.02156 98.51977,20.01978 98.52191,20.01789 98.52382,20.01545 98.52465,20.01445 98.52489,20.01311 98.52435,20.01133 98.52370,20.01099 98.52370,20.01021 98.52418,20.00876 98.52489,20.00788 98.52489,20.00699 98.52477,20.00660 98.52394,20.00654 98.52198,20.00586 98.52103,20.00542 98.51954,20.00441 98.51848,20.00319 98.51688,19.99663 98.51529,19.99286 98.51509,19.98712 98.51074,19.97781 98.50796,19.97226 98.50598,19.97067 98.50672,19.95915 98.51153,19.95383</coordinates></LinearRing></outerBoundaryIs><innerBoundaryIs><LinearRing><coordinates>98.50608,19.95986 98.50674,19.95883 98.50672,19.95915 98.50608,19.95986</coordinates></LinearRing></innerBoundaryIs></Polygon></Placemark></Folder><Folder><name>Project</name><Placemark><name>S69 / A01</name><description>Sn-W project, UTM 47N 474475 E / 2284584 N</description><Style><IconStyle><color>ff0000ff</color><scale>1.4</scale><Icon><href>http://maps.google.com/mapfiles/kml/shapes/placemark_circle.png</href></Icon></IconStyle></Style><Point><coordinates>98.754949,20.660404</coordinates></Point></Placemark></Folder></Document></kml>